review,rating,sentiment,language
mess da poori zahar,1,bad,punjabi
bro uppit perfect ga undi,5,good,telugu
vada pav faltu hai yaar,2,bad,punjabi
mess da omelette regret ho reha,1,bad,punjabi
scrambled egg try karo lajawab hai,5,good,hindi
sheera tinda mele mood spoil,2,bad,kannada
bro toor dal mast undi,4,good,telugu
bhajji try chesthe baga tasty,5,good,telugu
aloo paratha khake daab aa gayi feel hoya,5,good,punjabi
seriously bro omelette mood spoil,1,bad,kannada
chai try cheyakandi disgusting,2,bad,telugu
bro gulab jamun manchi,5,good,telugu
yo pizza was straight up legendary,4,good,english
seriously bro noodles taste illa bro,2,bad,kannada
masoor dal hits different legendary,5,good,english
pulao regret hai bhai,1,bad,hindi
mess ka dhokla bewakoof banaya,2,bad,hindi
puttu mat khao paisa barbaad hai,1,bad,hindi
mess alli poori perfect,5,good,kannada
mess ch scrambled egg lajawab si si,4,good,punjabi
bh scrambled egg solid taste h,5,good,punjabi
manchurian khake ulti aa gayi feel,3,bad,hindi
scrambled egg try chesthe superb ga undi,5,good,telugu
fried rice hits different legendary,5,good,english
kesari skip karo zahar hai,1,bad,punjabi
noodles is straight zero stars,1,bad,english
mess da poori na khao,1,bad,punjabi
mess bhel puri full kemp agide,1,bad,kannada
pongal khake regret ho reha feel,2,bad,punjabi
pongal eat cheyaleka undi bro,1,bad,telugu
nah manchurian is trash,1,bad,english
full dhokla nalla aithu bro,5,good,kannada
yaar uppit ekdum ekdum perfect si,5,good,punjabi
boiled egg skip maadi taste illa bro,2,bad,kannada
mess lo halwa mast undi undi,4,good,telugu
bhajji try madi nalla aithu,5,good,kannada
mess pongal disgusting,1,bad,telugu
bro pizza was straight garbage,2,bad,english
kachori eat cheyaleka undi bro,1,bad,telugu
bro coffee was straight garbage,2,bad,english
cutlet is straight L food,1,bad,english
mess dhokla full taste illa bruh,2,bad,kannada
bhai pav bhaji bahut tasty,5,good,hindi
mess halwa full mood spoil,2,bad,kannada
bro poori mast undi,4,good,telugu
mess pizza is absolutely fire,5,good,english
scrambled egg try chesthe mast undi,5,good,telugu
tried chai regret trash,1,bad,english
pakoda baledu bruh undi bruh,1,bad,telugu
full bhajji tasty bandu bruh,5,good,kannada
tried appam and it was no cap good,4,good,english
noodles skip maadi mood spoil,2,bad,kannada
mess da burger zahar,3,bad,punjabi
mess appam lowkey ruined my day,1,bad,english
masoor dal bekagilla guru,1,bad,kannada
mess mein boiled egg maja aa gaya full tha,5,good,hindi
toast khake zahar feel,1,bad,punjabi
yo dal fry was straight up top tier,5,good,english
yaar vada pav ekdum lajawab si si,4,good,punjabi
seriously kachori taste leka,1,bad,telugu
mess mein masoor dal ekdum zabardast tha,4,good,hindi
kachori mood spoil guru,2,bad,kannada
mess lo bhajji mast undi undi,5,good,telugu
bro momos tasty bandu aithu,4,good,kannada
mess ka cutlet khana hi nahi,1,bad,hindi
nah maggi is zero stars,2,bad,english
cutlet khake daab aa gayi feel hoya,5,good,punjabi
pizza tini tarvata mood off,1,bad,telugu
bajji hits different lit,5,good,english
nah scrambled egg is L food,2,bad,english
boiled egg khake full mast feel aaya,5,good,hindi
bhai gobi paratha solid taste hai,5,good,punjabi
mess manchurian pani pattadu,1,bad,telugu
momos tinda mele super aithu feel aaithu,4,good,kannada
cutlet is straight l food,1,bad,english
kesari khake na khao feel,2,bad,punjabi
yo samosa was straight up slaps,5,good,english
mess toor dal lowkey zero stars,2,bad,english
cutlet tinda mele super aithu feel aaithu,5,good,kannada
dal fry skip maadi disgusting aithu,2,bad,kannada
mess ch bhajji kamaal si,4,good,punjabi
full toast full sakkath bro,5,good,kannada
mess alli soup tasty bandu,5,good,kannada
tried halwa regret disgusting af,2,bad,english
vada pav tinda mele nalla aithu feel aaithu,5,good,kannada
sheera tini tarvata feel perfect ga undi,5,good,telugu
pongal try chesthe perfect ga undi,5,good,telugu
bro the pulao was slaps,4,good,english
bro halwa was dizgusting af,1,bad,english
pakoda tini tarvata baledu bro,2,bad,telugu
bhai seriously sandwich mood kharab ho gayi,2,bad,punjabi
bh sach mein gulab jamun bewakoof banaya,1,bad,hindi
mess tadka dal full ella illa,1,bad,kannada
bro bonda tasty ga undi,4,good,telugu
toast mood off undi bruh,1,bad,telugu
burger ghatiya si hai yaar,1,bad,punjabi
bhai sach mein scrambled egg paisa barbaad,1,bad,hindi
moong dal khake ghatiya si feel,1,bad,punjabi
seriously appam taste leka,1,bad,telugu
jalebi eat cheyaleka undi bro,2,bad,telugu
moong dal tinda mele super aithu feel aaithu,5,good,kannada
mess ch jalebi lajawab si si,4,good,punjabi
bhai cutlet zabardast si hai,5,good,punjabi
mess rasgulla iz no cap good,5,good,english
omelette khake ekdum zabardast feel aaya,4,good,hindi
mess lo lassi mast undi undi,5,good,telugu
puttu mat khao bewakoof banaya hai,2,bad,hindi
chai tini tarvata feel full enjoy,4,good,telugu
mess alli boiled egg tasty bandu,5,good,kannada
pakoda ghatiya si hai yaar,2,bad,punjabi
cutlet khake lajawab si feel hoya,5,good,punjabi
full momos nalla aithu bro,4,good,kannada
nah fried rice is mid,1,bad,english
boiled egg mat khao bewakoof banaya hai,1,bad,hindi
momos na khao hai yaar,1,bad,punjabi
seriously bro medu vada waste piece,1,bad,kannada
yaar tadka dal ekdum zabardast si si,5,good,punjabi
mess alli bhel puri maja bandide,4,good,kannada
puttu tinda mele maja bandide feel aaithu,5,good,kannada
kesari tini tarvata baledu bro,1,bad,telugu
mess samosa taste leka,2,bad,telugu
medu vada baledu bro undi bro,2,bad,telugu
yaar rasgulla to ekdum bahut tasty,5,good,hindi
bhai dal fry zabardast si hai,5,good,punjabi
maggi tini tarvata feel perfect ga undi,5,good,telugu
mess momos lowkey ruined my day,2,bad,english
toast try chesthe tasty ga undi,5,good,telugu
bhai seriously moong dal zahar,1,bad,punjabi
bro puttu was L food,1,bad,english
aloo paratha khali waste undi bro,2,bad,telugu
full moong dal full sakkath bro,5,good,kannada
bruh samosa manchi,5,good,telugu
bro bhel puri was straight garbage,2,bad,english
pizza tinda mele dizgusting aithu,2,bad,kannada
coffee try cheyakandi eat cheyaleka,3,bad,telugu
bruh ch was straight garbage,1,bad,english
mess alli pongal perfect,5,good,kannada
scrambled egg try karo solid taste,5,good,punjabi
seriously bro toor dal kemp agide,2,bad,kannada
lassi tinda mele taste illa bro,1,bad,kannada
scrambled egg khake khana hi nahi feel,1,bad,hindi
tried manchurian regret straight garbage,1,bad,english
bro the rasgulla was no cap good,5,good,english
sheera tini tarvata taste leka,2,bad,telugu
tadka dal waste piece guru,2,bad,kannada
mess lo bhel puri mast undi undi,5,good,telugu
seriously bruh pasta taste illa bruh,1,bad,kannada
bhel puri tini tarvata feel superb ga undi,5,good,telugu
lassi taste leka undi bro,2,bad,telugu
pakoda skip karo zahar hai,3,bad,punjabi
mess kesari lowkey disgusting af,2,bad,english
toor dal hits different crazy good,5,good,english
mess chana dal is absolutely fire,5,good,english
mess alli coffee full sakkath,5,good,kannada
mess lo coffee tasty ga undi undi,4,good,telugu
noodles bekagilla guru,2,bad,kannada
bro the soup was lit,4,good,english
pulao is straight ruined my day,2,bad,english
dal fry skip maadi ella illa,2,bad,kannada
yaar kachori ekdum full mast si,5,good,punjabi
bhai sach mein manchurian bilkul ghatiya,2,bad,hindi
mess lo pulao superb ga undi undi,5,good,telugu
seriously moong dal baledu bro,3,bad,telugu
mess alli aloo paratha perfect,5,good,kannada
poori paisa barbaad hai bhai,2,bad,hindi
pasta khake perfect tha feel aaya,5,good,hindi
seriously bro lassi bekagilla,2,bad,kannada
mess rasgulla lowkey trash,3,bad,english
tried halwa and it was slaps,5,good,english
bro bonda tasty ga undi,4,good,telugu
bhel puri khake ulti aa gayi feel,3,bad,hindi
mess pakoda lowkey disgusting af,2,bad,english
nah gobi paratha is trash,1,bad,english
mess lo pasta mast undi undi,5,good,telugu
aloo paratha faltu hai yaar,1,bad,punjabi
bonda khake daab aa gayi feel hoya,5,good,punjabi
mess soup disgusting,1,bad,telugu
mess bajji pani pattadu,1,bad,telugu
yo medu vada was straight up legendary,5,good,english
bonda hits different bussin,5,good,english
seriously bro scrambled egg mood spoil,1,bad,kannada
mess coffee is absolutely fire,4,good,english
gulab jamun khake bewakoof banaya feel,1,bad,hindi
maggi kemp agide guru,2,bad,kannada
mess lo omelette mast undi undi,5,good,telugu
samosa khake daab aa gayi feel hoya,4,good,punjabi
toor dal skip maadi taste illa bro,2,bad,kannada
tried toor dal and it was legendary,5,good,english
puttu tinda mele waste piece,2,bad,kannada
mess alli pav bhaji nalla aithu,5,good,kannada
mess manchurian full kemp agide,2,bad,kannada
halwa waste piece guru,1,bad,kannada
tried halwa and it was crazy good,4,good,english
mess maggi taste leka,2,bad,telugu
mess mein momos ekdum zabardast tha,5,good,hindi
pongal try karo daab aa gayi,4,good,punjabi
nah bonda is not it,1,bad,english
soup na khao hai yaar,2,bad,punjabi
toor dal khake bohot kharab feel,1,bad,hindi
bhel puri bewakoof banaya hai bhai,1,bad,hindi
medu vada try karo zabardast si,5,good,punjabi
medu vada khake bohot kharab feel,1,bad,hindi
bhai seriously omelette mood kharab ho gayi,2,bad,punjabi
mess samosa iz lit,5,good,english
chana dal taste zero hai yaar,1,bad,punjabi
mess uppit full bekagilla,1,bad,kannada
sheera tini tarvata mood off,1,bad,telugu
puttu mood off undi bro,2,bad,telugu
bhai toor dal maja aa gaya full,5,good,hindi
tried sheera regret mid,1,bad,english
ninna toor dal tinte baga tasty anipinchindi,4,good,telugu
full gobi paratha tasty bandu bro,4,good,kannada
dhokla khake daab aa gayi feel hoya,5,good,punjabi
jalebi khake ekdum perfect feel hoya,5,good,punjabi
mess alli tadka dal tasty bandu,5,good,kannada
bro dhokla tasty ga undi,4,good,telugu
bro boiled egg perfect ga undi,4,good,telugu
tried manchurian and it was slaps,4,good,english
bruh chana dal was straight garbage,1,bad,english
mess ch halwa ekdum perfect si,4,good,punjabi
mess mein vada pav full mast tha,5,good,hindi
pulao try chesthe manchi,5,good,telugu
yo pakoda was straight up crazy good,5,good,english
mess alli vada pav tasty bandu,4,good,kannada
aloo paratha try chesthe mast undi,5,good,telugu
chana dal tini tarvata feel mast undi,5,good,telugu
sandwich try karo kamaal,5,good,punjabi
mess pulao baledu bro,2,bad,telugu
yo bajji was straight up fire,4,good,english
bro chai was straight garbage,1,bad,english
halwa try karo solid taste,5,good,punjabi
tried bhajji and it was no cap good,4,good,english
scrambled egg try karo zabardast si,5,good,punjabi
seriously kesari mood off,2,bad,telugu
mess ch chana dal daab aa gayi si,4,good,punjabi
pakoda try madi perfect,4,good,kannada
samosa tini tarvata taste leka,3,bad,telugu
sheera khake regret ho reha feel,1,bad,punjabi
mess manchurian mood off,2,bad,telugu
omelette na khao hai yaar,3,bad,punjabi
mess gobi paratha pani pattadu,2,bad,telugu
mess lo dal fry manchi undi,5,good,telugu
bhajji try karo full mast hai,5,good,hindi
samosa skip maadi bekagilla,1,bad,kannada
bhai pav bhaji perfect tha,5,good,hindi
mess lo lassi full enjoy undi,4,good,telugu
mess da fried rice mood kharab ho gayi,1,bad,punjabi
boiled egg hits different crazy good,5,good,english
mess poori full mood spoil,2,bad,kannada
bro cutlet manchi,5,good,telugu
bro noodles manchi,5,good,telugu
soup taste zero hai yaar,2,bad,punjabi
bhai lassi daab aa gayi hai,5,good,punjabi
yo aloo paratha was straight up absolutely fire,5,good,english
vada pav khake ekdum perfect feel hoya,5,good,punjabi
pizza tinda mele bekagilla,3,bad,kannada
bro vada pav mast undi,5,good,telugu
mess mein bajji full mast tha,4,good,hindi
scrambled egg try cheyakandi taste leka,1,bad,telugu
pizza khake taste zero feel,1,bad,punjabi
mess alli manchurian nalla aithu,5,good,kannada
gobi paratha is straight L food,1,bad,english
momos try madi maja bandide,5,good,kannada
moong dal faltu hai yaar,1,bad,punjabi
ninna jalebi tinte tasty ga undi anipinchindi,4,good,telugu
dal fry mat khao bilkul ghatiya hai,1,bad,hindi
mess lassi lowkey zero stars,2,bad,english
soup try cheyakandi khali waste,2,bad,telugu
momos disgusting aithu guru,2,bad,kannada
bro momos full sakkath aithu,5,good,kannada
bhai seriously pulao faltu,1,bad,punjabi
nah gobi paratha is zero stars,1,bad,english
poori try cheyakandi disgusting,1,bad,telugu
uppit bekagilla guru,1,bad,kannada
tried omelette regret not it,1,bad,english
mess manchurian lowkey zero stars,1,bad,english
yaar jalebi to ekdum full mast,5,good,hindi
bhai sach mein omelette regret,3,bad,hindi
bhai dhokla maja aa gaya full,5,good,hindi
mess alli burger maja bandide,5,good,kannada
full pulao tasty bandu bro,5,good,kannada
ninna dal fry tinte superb ga undi anipinchindi,5,good,telugu
tried bonda and it was top tier,5,good,english
omelette try cheyakandi pani pattadu,1,bad,telugu
jalebi khake ekdum perfect feel hoya,4,good,punjabi
scrambled egg khake ghatiya si feel,3,bad,punjabi
bro kachori mast undi,5,good,telugu
yo halwa was straight up absolutely fire,4,good,english
gobi paratha ella illa guru,1,bad,kannada
nah bhel puri is trash,3,bad,english
mess uppit full waste piece,2,bad,kannada
gobi paratha paisa barbaad hai bhai,1,bad,hindi
bhel puri hits different top tier,5,good,english
mess alli fried rice maja bandide,4,good,kannada
seriously bhel puri khali waste,2,bad,telugu
mess ka cutlet ulti aa gayi,1,bad,hindi
vada pav try cheyakandi mood off,1,bad,telugu
mess alli omelette full sakkath,5,good,kannada
full dal fry perfect bro,5,good,kannada
bro kesari mast undi,5,good,telugu
bhai medu vada full mast,5,good,hindi
dal fry skip karo ghatiya si hai,2,bad,punjabi
manchurian tini tarvata pani pattadu,3,bad,telugu
mess soup khali waste,2,bad,telugu
puttu try karo daab aa gayi,4,good,punjabi
kesari hits different bussin,5,good,english
bhai seriously maggi taste zero,2,bad,punjabi
mess ch pakoda daab aa gayi si,5,good,punjabi
nah bonda is zero stars,1,bad,english
gobi paratha khake bahut tasty feel aaya,5,good,hindi
bro gobi paratha tasty ga undi,5,good,telugu
seriously gulab jamun pani pattadu,1,bad,telugu
omelette try karo bahut tasty hai,5,good,hindi
bro chana dal full enjoy,4,good,telugu
bro tadka dal was not it,1,bad,english
bro puttu tasty bandu aithu,5,good,kannada
mess lassi lowkey ruined my day,1,bad,english
aloo paratha tinda mele waste piece,2,bad,kannada
uppit hits different slaps,5,good,english
mess puttu baledu bro,1,bad,telugu
medu vada try chesthe mast undi,5,good,telugu
bro bhel puri perfect ga undi,5,good,telugu
mess alli poori full sakkath,5,good,kannada
jalebi tini tarvata feel baga tasty,5,good,telugu
dhokla skip karo faltu h,2,bad,punjabi
lassi hits different lit,5,good,english
seriously bro puttu taste illa bro,1,bad,kannada
bonda hits different no cap good,5,good,english
bruh pulao was mid,1,bad,english
mess uppit pani pattadu,3,bad,telugu
bhai seriously masoor dal taste zero,1,bad,punjabi
maggi is straight trash,3,bad,english
burger skip karo ghatiya si hai,1,bad,punjabi
bro dhokla was L food,1,bad,english
seriously bro soup mood spoil,2,bad,kannada
mess bhel puri lowkey ruined my day,1,bad,english
bro the masoor dal was top tier,5,good,english
bhai chana dal bahut tasty,5,good,hindi
samosa is straight trash,1,bad,english
mess burger is fire,5,good,english
aloo paratha skip karo na khao hai,1,bad,punjabi
mess mein poori ekdum zabardast tha,4,good,hindi
mess alli halwa nalla aithu,5,good,kannada
yo aloo paratha was straight up slaps,5,good,english
mess pulao full mood spoil,1,bad,kannada
maggi bohot kharab hai bhai,1,bad,hindi
dal fry try cheyakandi eat cheyaleka,1,bad,telugu
bhai seriously aloo paratha taste zero,1,bad,punjabi
noodles tinda mele mood spoil,1,bad,kannada
mess ch omelette zabardast si si,5,good,punjabi
appam try karo zabardast si,4,good,punjabi
samosa hits different no cap good,5,good,english
mess mein toast bahut tasty tha,4,good,hindi
bro toast tasty bandu aithu,5,good,kannada
mess alli lassi nalla aithu,5,good,kannada
bhai moong dal solid taste hai,5,good,punjabi
mess ka toor dal khana hi nahi,1,bad,hindi
mess puttu lowkey disgusting af,2,bad,english
bro bhel puri was not it,1,bad,english
medu vada khake zahar feel,1,bad,punjabi
bhajji tinda mele waste piece,3,bad,kannada
mess bhel puri iz crazy good,4,good,english
mess lo soup tasty ga undi undi,5,good,telugu
kesari khake kamaal ka feel aaya,5,good,hindi
bhai halwa ekdum zabardast,4,good,hindi
toast tini tarvata baledu bro,2,bad,telugu
uppit tini tarvata pani pattadu,2,bad,telugu
seriously bro medu vada bekagilla,1,bad,kannada
halwa eat cheyaleka undi bro,2,bad,telugu
mess lo pongal tasty ga undi undi,5,good,telugu
full medu vada maja bandide bro,5,good,kannada
bro the chai was lit,5,good,english
yo boiled egg was straight up no cap good,5,good,english
masoor dal khake full mast feel aaya,5,good,hindi
full sandwich tasty bandu bro,4,good,kannada
mess kachori full taste illa bro,1,bad,kannada
mess pongal taste leka,1,bad,telugu
moong dal skip karo taste zero hai,3,bad,punjabi
mess manchurian is lit,5,good,english
bhai sach mein lassi regret,3,bad,hindi
halwa tinda mele kemp agide,1,bad,kannada
tried bonda regret not it,1,bad,english
manchurian try chesthe superb ga undi,5,good,telugu
mess noodles full mood spoil,1,bad,kannada
ninna bhajji tinte superb ga undi anipinchindi,5,good,telugu
yaar soup ekdum lajawab si si,5,good,punjabi
poori skip maadi ella illa,1,bad,kannada
bhai seriously rasgulla na khao,2,bad,punjabi
seriously bro pav bhaji disgusting aithu,1,bad,kannada
full lassi nalla aithu bro,4,good,kannada
bhai sach mein aloo paratha bilkul ghatiya,3,bad,hindi
mess da halwa regret ho reha,3,bad,punjabi
bruh noodles tasty ga undi,5,good,telugu
poori is straight zero stars,1,bad,english
mess ch gobi paratha zabardast si si,4,good,punjabi
mess mein noodles ekdum zabardast tha,5,good,hindi
mess ka tadka dal bewakoof banaya,2,bad,hindi
fried rice try chesthe manchi,4,good,telugu
ninna sheera tinte baga tasty anipinchindi,4,good,telugu
mess ch bhel puri solid taste si,5,good,punjabi
seriously burger khali waste,1,bad,telugu
sandwich mat khao regret h,1,bad,hindi
bro the bajji was no cap good,5,good,english
bajji try karo full mast,5,good,punjabi
mess bhel puri khali waste,2,bad,telugu
medu vada mat khao paisa barbaad hai,2,bad,hindi
bro the vada pav was fire,4,good,english
yo bhel puri was straight up top tier,4,good,english
mess appam full mood spoil,2,bad,kannada
burger tinda mele bekagilla,2,bad,kannada
gobi paratha tinda mele maja bandide feel aaithu,5,good,kannada
mess mein chai ekdum zabardast tha,5,good,hindi
mess toor dal dizgusting,2,bad,telugu
mess alli appam full sakkath,4,good,kannada
tried sandwich regret mid,2,bad,english
tadka dal skip karo ghatiya si hai,1,bad,punjabi
halwa khake regret feel,2,bad,hindi
sheera is straight straight garbage,3,bad,english
tried sheera and it was crazy good,5,good,english
bhai gobi paratha ekdum perfect hai,5,good,punjabi
tried toast regret ruined my day,1,bad,english
bro the gulab jamun was top tier,4,good,english
halwa tinda mele disgusting aithu,1,bad,kannada
moong dal mood spoil guru,1,bad,kannada
gulab jamun try karo ekdum perfect,5,good,punjabi
mess ka pizza bewakoof banaya,1,bad,hindi
mess pizza disgusting,3,bad,telugu
bonda khake perfect tha feel aaya,5,good,hindi
rasgulla mood off undi bro,1,bad,telugu
dal fry faltu hai yaar,1,bad,punjabi
scrambled egg tini tarvata khali waste,2,bad,telugu
bh sach mein fried rice regret,1,bad,hindi
seriously poori mood off,1,bad,telugu
seriously poori eat cheyaleka,1,bad,telugu
mess ch bonda lajawab si si,5,good,punjabi
bhai seriously chana dal na khao,2,bad,punjabi
mess lo kachori full enjoy undi,4,good,telugu
aloo paratha hits different legendary,5,good,english
bhel puri disgusting undi bro,1,bad,telugu
mess ka coffee bewakoof banaya,2,bad,hindi
coffee skip maadi mood spoil,2,bad,kannada
chana dal mat khao ulti aa gayi hai,2,bad,hindi
tried kesari regret straight garbage,1,bad,english
bro gulab jamun perfect aithu,5,good,kannada
mess ch momos daab aa gayi si,4,good,punjabi
mess burger disgusting,1,bad,telugu
kesari tinda mele maja bandide feel aaithu,5,good,kannada
dal fry tini tarvata disgusting,3,bad,telugu
fried rice khake ghatiya si feel,1,bad,punjabi
mess mein vada pav bahut tasty tha,5,good,hindi
yaar sheera ekdum kamaal si,4,good,punjabi
scrambled egg tini tarvata feel mast undi,5,good,telugu
gobi paratha khake perfect tha feel aaya,4,good,hindi
yaar momos to ekdum perfect tha,5,good,hindi
mess mein lassi perfect tha tha,5,good,hindi
mess gulab jamun is crazy good,4,good,english
tried chana dal regret trash,2,bad,english
mess bhel puri is slaps,5,good,english
bhai seriously lassi ghatiya si,2,bad,punjabi
ninna toor dal tinte superb ga undi anipinchindi,4,good,telugu
nah dal fry is disgusting af,1,bad,english
yo pav bhaji was straight up slaps,5,good,english
nah fried rice is mid,1,bad,english
seriously bro maggi bekagilla,1,bad,kannada
pizza tini tarvata mood off,2,bad,telugu
mess lo pizza superb ga undi undi,5,good,telugu
nah bonda is trash,1,bad,english
full coffee yummy bro,5,good,kannada
seriously appam baledu bro,2,bad,telugu
full maggi super aithu bro,5,good,kannada
yaar dhokla ekdum daab aa gayi si,4,good,punjabi
lassi bewakoof banaya hai bhai,2,bad,hindi
mess mein dhokla ekdum zabardast tha,5,good,hindi
pav bhaji try karo daab aa gayi,4,good,punjabi
sheera khake full mast feel hoya,5,good,punjabi
mess bonda full ella illa,2,bad,kannada
pulao khake solid taste feel hoya,5,good,punjabi
samosa is straight trash,1,bad,english
full coffee nalla aithu bro,5,good,kannada
medu vada khake bewakoof banaya feel,2,bad,hindi
gobi paratha try cheyakandi disgusting,3,bad,telugu
bajji try karo kamaal,4,good,punjabi
mess omelette eat cheyaleka,2,bad,telugu
vada pav tinda mele perfect feel aaithu,5,good,kannada
bhai sach mein manchurian ulti aa gayi,1,bad,hindi
nah momos is ruined my day,3,bad,english
bro the toast was legendary,5,good,english
masoor dal khake bohot kharab feel,1,bad,hindi
samosa taste leka undi bro,1,bad,telugu
appam pani pattadu undi bro,2,bad,telugu
full burger maja bandide bruh,4,good,kannada
bhai seriously pav bhaji regret ho reha,1,bad,punjabi
fried rice baledu bro undi bro,1,bad,telugu
yaar gulab jamun to ekdum full mast,4,good,hindi
pizza khake kamaal feel hoya,5,good,punjabi
bajji bohot kharab h bh,2,bad,hindi
soup try cheyakandi disgusting,3,bad,telugu
seriously fried rice khali waste,1,bad,telugu
mess lo dal fry superb ga undi undi,5,good,telugu
gobi paratha try madi tasty bandu,5,good,kannada
dhokla skip maadi ella illa,1,bad,kannada
ninna manchurian tinte manchi anipinchindi,4,good,telugu
tried chai and it was top tier,4,good,english
pulao khake perfect tha feel aaya,5,good,hindi
mess ka soup paisa barbaad,2,bad,hindi
mess mein manchurian perfect tha tha,5,good,hindi
bonda hits different fire,5,good,english
gulab jamun try karo lajawab si,4,good,punjabi
pasta khake mood kharab ho gayi feel,2,bad,punjabi
bhai bajji maja aa gaya full,4,good,hindi
mess lo manchurian manchi undi,5,good,telugu
mess ch rasgulla solid taste si,5,good,punjabi
bh poori zabardast si h,4,good,punjabi
toor dal skip maadi ella illa,1,bad,kannada
medu vada try chesthe baga tasty,5,good,telugu
pulao tini tarvata feel tasty ga undi,5,good,telugu
bajji hits different top tier,5,good,english
maggi hits different absolutely fire,4,good,english
mess noodles is crazy good,4,good,english
mess burger is crazy good,5,good,english
gulab jamun mat khao regret hai,2,bad,hindi
bhai sach mein halwa ulti aa gayi,1,bad,hindi
cutlet tini tarvata feel perfect ga undi,4,good,telugu
kesari khake khana hi nahi feel,1,bad,hindi
mess ch pongal ekdum perfect si,4,good,punjabi
coffee try cheyakandi disgusting,1,bad,telugu
cutlet try karo ekdum perfect,5,good,punjabi
toor dal tini tarvata disgusting,2,bad,telugu
bro gobi paratha maja bandide aithu,5,good,kannada
toast khake full mast feel aaya,5,good,hindi
mess ka lassi bohot kharab,2,bad,hindi
moong dal try karo solid taste,4,good,punjabi
mess burger is bussin,5,good,english
mess pongal is absolutely fire,5,good,english
nah tadka dal is L food,2,bad,english
mess mein scrambled egg maja aa gaya full tha,5,good,hindi
pasta tinda mele super aithu feel aaithu,5,good,kannada
coffee khana hi nahi hai bhai,1,bad,hindi
tried maggi regret mid,2,bad,english
seriously bro bajji waste piece,1,bad,kannada
fried rice try cheyakandi pani pattadu,1,bad,telugu
mess bajji disgusting,2,bad,telugu
tried momos and it was bussin,4,good,english
momos tini tarvata disgusting,2,bad,telugu
bhajji tinda mele maja bandide feel aaithu,5,good,kannada
dhokla khake faltu feel,1,bad,punjabi
yaar puttu to ekdum maja aa gaya full,4,good,hindi
bro the sandwich was absolutely fire,5,good,english
mess ch pakoda daab aa gayi si,5,good,punjabi
mess mein masoor dal ekdum zabardast tha,5,good,hindi
nah appam is trash,1,bad,english
appam tini tarvata disgusting,1,bad,telugu
bro halwa was disgusting af,1,bad,english
yaar boiled egg to ekdum bahut tasty,5,good,hindi
mess jalebi eat cheyaleka,2,bad,telugu
bro pizza super aithu aithu,4,good,kannada
chana dal tini tarvata feel full enjoy,4,good,telugu
moong dal skip maadi waste piece,1,bad,kannada
chai tini tarvata feel manchi,5,good,telugu
sandwich skip karo ghatiya si hai,2,bad,punjabi
toast tini tarvata feel tasty ga undi,4,good,telugu
medu vada khake ulti aa gayi feel,1,bad,hindi
cutlet mood kharab ho gayi hai yaar,2,bad,punjabi
tried boiled egg and it was bussin,5,good,english
bajji taste leka undi bro,1,bad,telugu
puttu try madi tasty bandu,5,good,kannada
bajji skip karo ghatiya si hai,2,bad,punjabi
bro pakoda baga tasty,4,good,telugu
omelette skip karo na khao hai,1,bad,punjabi
masoor dal tini tarvata eat cheyaleka,1,bad,telugu
maggi try cheyakandi taste leka,2,bad,telugu
vada pav khali waste undi bro,2,bad,telugu
bhel puri khake lajawab si feel hoya,4,good,punjabi
coffee try chesthe mast undi,4,good,telugu
mess mein bajji maja aa gaya full tha,5,good,hindi
mess toast lowkey zero stars,2,bad,english
bajji try karo zabardast si,5,good,punjabi
yaar vada pav ekdum zabardast si si,5,good,punjabi
bonda try chesthe manchi,5,good,telugu
mess ch poori daab aa gayi si,5,good,punjabi
manchurian skip maadi waste piece,2,bad,kannada
kesari khake bohot kharab feel,3,bad,hindi
momos try cheyakandi eat cheyaleka,1,bad,telugu
coffee hits different lit,4,good,english
manchurian tini tarvata feel superb ga undi,4,good,telugu
kesari tinda mele taste illa bro,1,bad,kannada
mess ka kachori paisa barbaad,2,bad,hindi
bro sandwich maja bandide aithu,4,good,kannada
bajji mood kharab ho gayi hai yaar,2,bad,punjabi
bhai seriously bajji na khao,2,bad,punjabi
ninna toor dal tinte perfect ga undi anipinchindi,5,good,telugu
pakoda eat cheyaleka undi bruh,2,bad,telugu
yaar medu vada ekdum solid taste si,4,good,punjabi
full bhel puri perfect bro,5,good,kannada
boiled egg skip karo regret ho reha hai,1,bad,punjabi
puttu khake bewakoof banaya feel,1,bad,hindi
pulao tini tarvata eat cheyaleka,1,bad,telugu
mess dhokla baledu bro,1,bad,telugu
jalebi khake kamaal ka feel aaya,4,good,hindi
sandwich khake mood kharab ho gayi feel,1,bad,punjabi
mess alli chana dal super aithu,5,good,kannada
full omelette super aithu bro,5,good,kannada
bhai seriously sandwich faltu,2,bad,punjabi
bhai sach mein noodles ulti aa gayi,1,bad,hindi
scrambled egg khake khana hi nahi feel,1,bad,hindi
burger try karo solid taste,4,good,punjabi
scrambled egg khake ghatiya si feel,2,bad,punjabi
mess alli samosa maja bandide,4,good,kannada
full toast perfect bro,4,good,kannada
mess dhokla is lit,5,good,english
toor dal khake taste zero feel,1,bad,punjabi
pav bhaji tini tarvata baledu bro,1,bad,telugu
manchurian khake ekdum perfect feel hoya,4,good,punjabi
chai hits different bussin,4,good,english
bro bonda was straight garbage,2,bad,english
seriously moong dal mood off,1,bad,telugu
seriously bro jalebi bekagilla,1,bad,kannada
bro lassi maja bandide aithu,5,good,kannada
mess ka noodles khana hi nahi,1,bad,hindi
tried chai regret ruined my day,2,bad,english
bh pav bhaji full mast,4,good,hindi
boiled egg tini tarvata feel baga tasty,5,good,telugu
mess omelette full bekagilla,2,bad,kannada
bajji khana hi nahi hai bhai,2,bad,hindi
momos khake faltu feel,1,bad,punjabi
ninna toor dal tinte full enjoy anipinchindi,5,good,telugu
seriously bro pakoda disgusting aithu,1,bad,kannada
bhai sach mein bhajji bilkul ghatiya,2,bad,hindi
bajji tini tarvata pani pattadu,1,bad,telugu
bhai seriously medu vada mood kharab ho gayi,2,bad,punjabi
soup mat khao ulti aa gayi hai,1,bad,hindi
seriously puttu mood off,1,bad,telugu
coffee mat khao ulti aa gayi hai,3,bad,hindi
lassi skip maadi disgusting aithu,2,bad,kannada
seriously bhajji disgusting,1,bad,telugu
mess cutlet mood off,3,bad,telugu
bro the burger was slaps,4,good,english
burger try karo solid taste,5,good,punjabi
puttu mat khao regret hai,2,bad,hindi
nah gobi paratha is zero stars,1,bad,english
dhokla khake paisa barbaad feel,2,bad,hindi
moong dal hits different fire,4,good,english
dhokla try madi tasty bandu,4,good,kannada
bhai uppit full mast hai,5,good,punjabi
maggi mat khao bohot kharab hai,2,bad,hindi
full masoor dal tasty bandu bro,4,good,kannada
poori tini tarvata feel tasty ga undi,5,good,telugu
pizza try karo lajawab hai,5,good,hindi
fried rice tini tarvata mood off,2,bad,telugu
bhai seriously bhel puri zahar,2,bad,punjabi
bhai seriously samosa regret ho reha,1,bad,punjabi
moong dal try karo kamaal,5,good,punjabi
mess vada pav full taste illa bro,3,bad,kannada
mess ka bhel puri ulti aa gayi,2,bad,hindi
bhajji skip karo taste zero hai,2,bad,punjabi
burger zahar hai yaar,2,bad,punjabi
sandwich waste piece guru,3,bad,kannada
mess ka toast bewakoof banaya,1,bad,hindi
pizza iz straight dizgusting af,1,bad,english
gulab jamun tini tarvata eat cheyaleka,1,bad,telugu
ninna coffee tinte superb ga undi anipinchindi,5,good,telugu
dhokla tinda mele taste illa bro,1,bad,kannada
tried sandwich and it was crazy good,5,good,english
poori taste illa bro guru,1,bad,kannada
bro dhokla was straight garbage,2,bad,english
toast mat khao ulti aa gayi hai,2,bad,hindi
ninna bhel puri tinte tasty ga undi anipinchindi,5,good,telugu
mess da uppit na khao,2,bad,punjabi
soup khake solid taste feel hoya,4,good,punjabi
bhajji hits different fire,4,good,english
bhai pasta lajawab,5,good,hindi
bhai sach mein toor dal khana hi nahi,1,bad,hindi
bhai pulao ekdum perfect hai,4,good,punjabi
masoor dal mood spoil guru,2,bad,kannada
cutlet mat khao bewakoof banaya hai,2,bad,hindi
dhokla paisa barbaad hai bhai,1,bad,hindi
ninna burger tinte mast undi anipinchindi,5,good,telugu
seriously bro scrambled egg bekagilla,1,bad,kannada
bhai sach mein noodles regret,2,bad,hindi
mess da sandwich regret ho reha,1,bad,punjabi
bhai seriously burger faltu,1,bad,punjabi
coffee khake regret feel,2,bad,hindi
tried sheera and it was slaps,4,good,english
mess ka kachori ulti aa gayi,1,bad,hindi
uppit skip karo regret ho reha hai,1,bad,punjabi
momos tinda mele maja bandide feel aaithu,5,good,kannada
toor dal hits different top tier,5,good,english
gobi paratha is straight not it,1,bad,english
mess mein sheera maja aa gaya full tha,5,good,hindi
vada pav try karo ekdum perfect,4,good,punjabi
mess burger full taste illa bro,2,bad,kannada
seriously pizza disgusting,2,bad,telugu
mess ka pongal khana hi nahi,1,bad,hindi
bro omelette maja bandide aithu,5,good,kannada
poori skip maadi ella illa,1,bad,kannada
poori try chesthe baga tasty,4,good,telugu
burger khake lajawab si feel hoya,4,good,punjabi
mess pasta full taste illa bro,2,bad,kannada
mess mein aloo paratha perfect tha tha,5,good,hindi
bonda tini tarvata feel full enjoy,5,good,telugu
bhai sach mein samosa bohot kharab,1,bad,hindi
seriously medu vada eat cheyaleka,2,bad,telugu
bajji tini tarvata pani pattadu,1,bad,telugu
mess jalebi full ella illa,1,bad,kannada
pizza khake regret feel,2,bad,hindi
manchurian tinda mele bekagilla,2,bad,kannada
pav bhaji tinda mele maja bandide feel aaithu,5,good,kannada
masoor dal khake ekdum perfect feel hoya,4,good,punjabi
gobi paratha khake zabardast si feel hoya,5,good,punjabi
mess alli masoor dal yummy,5,good,kannada
mess da sandwich faltu,2,bad,punjabi
pasta waste piece guru,2,bad,kannada
poori khake full mast feel aaya,5,good,hindi
mess bajji taste leka,1,bad,telugu
seriously halwa disgusting,2,bad,telugu
poori khake bahut tasty feel aaya,4,good,hindi
tried chana dal regret mid,1,bad,english
bajji try cheyakandi pani pattadu,1,bad,telugu
halwa try madi tasty bandu,4,good,kannada
full sandwich yummy bro,5,good,kannada
bro gobi paratha tasty bandu aithu,5,good,kannada
yaar noodles to ekdum full mast,4,good,hindi
mess boiled egg is lit,5,good,english
gobi paratha mat khao ulti aa gayi hai,1,bad,hindi
toast khake bewakoof banaya feel,2,bad,hindi
burger khake daab aa gayi feel hoya,5,good,punjabi
bro omelette full enjoy,5,good,telugu
tried burger regret l food,1,bad,english
appam skip karo taste zero hai,2,bad,punjabi
mess dal fry eat cheyaleka,1,bad,telugu
poori try karo ekdum perfect,4,good,punjabi
seriously bro masoor dal bekagilla,2,bad,kannada
yaar coffee to ekdum ekdum zabardast,5,good,hindi
mess lo coffee superb ga undi undi,5,good,telugu
bhel puri khake lajawab si feel hoya,4,good,punjabi
yaar kesari to ekdum maja aa gaya full,4,good,hindi
jalebi try karo full mast,5,good,punjabi
pulao mat khao bohot kharab hai,1,bad,hindi
rasgulla khake taste zero feel,1,bad,punjabi
pizza tinda mele full sakkath feel aaithu,5,good,kannada
mess bonda taste leka,2,bad,telugu
gobi paratha tinda mele ella illa,1,bad,kannada
mess alli gulab jamun perfect,5,good,kannada
bhai lassi perfect tha,4,good,hindi
mess lo toor dal manchi undi,5,good,telugu
masoor dal tinda mele mood spoil,1,bad,kannada
mess soup full bekagilla,2,bad,kannada
mess alli pongal tasty bandu,5,good,kannada
pizza try madi yummy,4,good,kannada
chana dal try karo kamaal,5,good,punjabi
ninna maggi tinte baga tasty anipinchindi,5,good,telugu
halwa tinda mele waste piece,1,bad,kannada
mess mein pakoda ekdum zabardast tha,5,good,hindi
jalebi try karo zabardast si,4,good,punjabi
mess da toast mood kharab ho gayi,2,bad,punjabi
bhai seriously jalebi faltu,2,bad,punjabi
burger try karo zabardast si,5,good,punjabi
halwa try cheyakandi eat cheyaleka,1,bad,telugu
manchurian bewakoof banaya hai bhai,2,bad,hindi
pasta pani pattadu undi bruh,2,bad,telugu
bhai seriously dal fry ghatiya si,1,bad,punjabi
mess jalebi lowkey trash,1,bad,english
yaar tadka dal to ekdum kamaal ka,5,good,hindi
dal fry try karo perfect tha hai,5,good,hindi
tried moong dal and it was fire,5,good,english
mess appam full taste illa bro,1,bad,kannada
tried pongal and it was absolutely fire,5,good,english
bhel puri is straight zero stars,1,bad,english
bro the pizza was slaps,5,good,english
bhai seriously kesari regret ho reha,1,bad,punjabi
mess lo fried rice superb ga undi undi,4,good,telugu
boiled egg try madi nalla aithu,5,good,kannada
mess ka sheera regret,1,bad,hindi
mess lo kesari superb ga undi undi,5,good,telugu
full samosa yummy bro,5,good,kannada
bajji khake bilkul ghatiya feel,1,bad,hindi
rasgulla khake ulti aa gayi feel,1,bad,hindi
tried tadka dal and it was no cap good,5,good,english
full halwa nalla aithu bruh,4,good,kannada
sheera try karo bahut tasty hai,4,good,hindi
yo manchurian was straight up no cap good,4,good,english
mess maggi khali waste,2,bad,telugu
mess lo toor dal superb ga undi undi,5,good,telugu
bhai fried rice ekdum zabardast,5,good,hindi
mess pasta full taste illa bro,2,bad,kannada
mess lassi full kemp agide,1,bad,kannada
cutlet try karo kamaal ka hai,4,good,hindi
momos taste illa bro guru,1,bad,kannada
mess gobi paratha is crazy good,4,good,english
jalebi is straight trash,1,bad,english
seriously cutlet disgusting,2,bad,telugu
bro kachori was not it,2,bad,english
mess da pav bhaji faltu,3,bad,punjabi
mess pulao is lit,5,good,english
manchurian ghatiya si hai yaar,1,bad,punjabi
lassi khake regret feel,2,bad,hindi
mess ka cutlet khana hi nahi,1,bad,hindi
yo boiled egg was straight up absolutely fire,5,good,english
gobi paratha khake solid taste feel hoya,5,good,punjabi
bajji khake bewakoof banaya feel,2,bad,hindi
full fried rice super aithu bro,5,good,kannada
vada pav try cheyakandi pani pattadu,1,bad,telugu
mess mein uppit bahut tasty tha,5,good,hindi
bro sandwich manchi,5,good,telugu
masoor dal tini tarvata eat cheyaleka,2,bad,telugu
mess alli burger yummy,5,good,kannada
bro cutlet baga tasty,5,good,telugu
bhajji try karo lajawab hai,5,good,hindi
yaar aloo paratha to ekdum maja aa gaya full,5,good,hindi
pasta try cheyakandi pani pattadu,1,bad,telugu
bro gulab jamun manchi,4,good,telugu
coffee try madi yummy,4,good,kannada
mess ka aloo paratha paisa barbaad,1,bad,hindi
sandwich mat khao regret hai,2,bad,hindi
bhai sach mein coffee paisa barbaad,1,bad,hindi
scrambled egg mat khao bewakoof banaya h,2,bad,hindi
mess noodles lowkey zero stars,1,bad,english
sandwich bohot kharab hai bhai,2,bad,hindi
mess lo poori manchi undi,4,good,telugu
bhai puttu ekdum zabardast,5,good,hindi
pulao tinda mele taste illa bro,1,bad,kannada
tried jalebi regret mid,1,bad,english
mess pav bhaji lowkey L food,2,bad,english
bhai noodles zabardast si hai,5,good,punjabi
appam khake lajawab feel aaya,4,good,hindi
maggi try chesthe superb ga undi,5,good,telugu
burger try karo kamaal,5,good,punjabi
bro dhokla was trash,2,bad,english
mess omelette full waste piece,2,bad,kannada
tried chana dal regret trash,1,bad,english
bro samosa manchi,5,good,telugu
manchurian skip maadi kemp agide,1,bad,kannada
nah bhel puri is trash,2,bad,english
bro the chai was bussin,4,good,english
masoor dal is straight trash,1,bad,english
bhel puri skip karo mood kharab ho gayi hai,1,bad,punjabi
mess lo appam full enjoy undi,5,good,telugu
nah masoor dal is zero stars,1,bad,english
bro the gobi paratha was legendary,5,good,english
bhai bhel puri full mast,4,good,hindi
scrambled egg khake zahar feel,1,bad,punjabi
bhajji hits different no cap good,5,good,english
boiled egg khake bohot kharab feel,1,bad,hindi
nah samosa is trash,1,bad,english
mess ch chai solid taste si,4,good,punjabi
seriously bro noodles kemp agide,3,bad,kannada
mess ch toor dal daab aa gayi si,4,good,punjabi
mess masoor dal baledu bro,2,bad,telugu
bhai sach mein cutlet bohot kharab,2,bad,hindi
mess sheera lowkey zero stars,1,bad,english
seriously bruh uppit bekagilla,3,bad,kannada
uppit try chesthe baga tasty,4,good,telugu
bro jalebi full sakkath aithu,4,good,kannada
nah manchurian is trash,2,bad,english
pasta is straight trash,1,bad,english
masoor dal khake lajawab feel aaya,5,good,hindi
mess lo coffee baga tasty undi,5,good,telugu
mess alli bhajji yummy,5,good,kannada
ninna bajji tinte tasty ga undi anipinchindi,4,good,telugu
mess da scrambled egg na khao,1,bad,punjabi
seriously bro bhajji mood spoil,3,bad,kannada
mess alli bajji super aithu,5,good,kannada
noodles is straight disgusting af,1,bad,english
yaar omelette to ekdum lajawab,4,good,hindi
mess ka pulao bilkul ghatiya,2,bad,hindi
mess bhajji baledu bruh,2,bad,telugu
bro pasta full enjoy,5,good,telugu
yaar omelette ekdum zabardast si si,4,good,punjabi
burger tini tarvata baledu bro,2,bad,telugu
bro momos super aithu aithu,5,good,kannada
tried samosa regret disgusting af,2,bad,english
mess cutlet lowkey straight garbage,1,bad,english
boiled egg is straight trash,1,bad,english
mess ch pav bhaji ekdum perfect si,5,good,punjabi
bhai seriously noodles zahar,2,bad,punjabi
mess mein toor dal bahut tasty tha,4,good,hindi
toast eat cheyaleka undi bro,2,bad,telugu
mess lo boiled egg manchi undi,4,good,telugu
bro uppit baga tasty,4,good,telugu
tadka dal khake perfect tha feel aaya,5,good,hindi
halwa waste piece guru,1,bad,kannada
poori try chesthe mast undi,5,good,telugu
moong dal hits different slaps,5,good,english
sheera waste piece guru,2,bad,kannada
yaar kachori to ekdum lajawab,4,good,hindi
gobi paratha try karo kamaal ka hai,4,good,hindi
bhel puri is straight straight garbage,1,bad,english
seriously gobi paratha pani pattadu,2,bad,telugu
ninna sheera tinte full enjoy anipinchindi,5,good,telugu
tried bonda regret zero stars,1,bad,english
mess mein bonda ekdum zabardast tha,5,good,hindi
bhai sach mein cutlet paisa barbaad,1,bad,hindi
bhai seriously dal fry mood kharab ho gayi,2,bad,punjabi
boiled egg tinda mele mood spoil,1,bad,kannada
mess da tadka dal na khao,2,bad,punjabi
coffee khake ekdum zabardast feel aaya,5,good,hindi
mess alli samosa maja bandide,5,good,kannada
mess sandwich is legendary,5,good,english
noodles tinda mele waste piece,1,bad,kannada
mess alli samosa tasty bandu,4,good,kannada
bhai sach mein manchurian bilkul ghatiya,2,bad,hindi
bh sach mein bhajji regret,3,bad,hindi
pulao tinda mele bekagilla,2,bad,kannada
bhai sach mein maggi bohot kharab,1,bad,hindi
cutlet tinda mele full sakkath feel aaithu,4,good,kannada
pizza bilkul ghatiya hai bhai,2,bad,hindi
seriously bro vada pav kemp agide,1,bad,kannada
bro jalebi perfect aithu,4,good,kannada
bh bajji full mast h,4,good,punjabi
bhai bhajji full mast,5,good,hindi
mess ch bhel puri ekdum perfect si,5,good,punjabi
tried bhel puri and it was lit,4,good,english
bhai sach mein bhel puri bilkul ghatiya,3,bad,hindi
chai hits different bussin,5,good,english
bhai sach mein pongal paisa barbaad,1,bad,hindi
mess maggi lowkey l food,1,bad,english
mess kachori lowkey L food,2,bad,english
mess sandwich is lit,4,good,english
mess mein poori full mast tha,4,good,hindi
sandwich try karo solid taste,4,good,punjabi
pongal try karo lajawab si,5,good,punjabi
scrambled egg pani pattadu undi bro,1,bad,telugu
seriously bro pizza waste piece,1,bad,kannada
seriously scrambled egg disgusting,2,bad,telugu
sandwich tini tarvata feel mast undi,5,good,telugu
pav bhaji regret ho reha hai yaar,1,bad,punjabi
mess da pulao na khao,2,bad,punjabi
uppit tinda mele perfect feel aaithu,5,good,kannada
medu vada try chesthe mast undi,5,good,telugu
dal fry hits different legendary,4,good,english
ninna manchurian tinte baga tasty anipinchindi,5,good,telugu
nah burger is ruined my day,1,bad,english
bonda tinda mele yummy feel aaithu,5,good,kannada
dhokla try chesthe superb ga undi,4,good,telugu
bonda mood kharab ho gayi hai yaar,1,bad,punjabi
mess omelette full kemp agide,1,bad,kannada
bro da pulao was legendary,4,good,english
yo moong dal was straight up no cap good,4,good,english
bro poori was trash,3,bad,english
pasta tini tarvata feel perfect ga undi,5,good,telugu
uppit try cheyakandi mood off,1,bad,telugu
burger hits different slaps,5,good,english
yo bhajji was straight up top tier,5,good,english
mess uppit disgusting,2,bad,telugu
puttu paisa barbaad hai bhai,1,bad,hindi
chai khake perfect tha feel aaya,5,good,hindi
ninna boiled egg tinte superb ga undi anipinchindi,5,good,telugu
soup hits different slaps,4,good,english
vada pav try chesthe perfect ga undi,5,good,telugu
pasta try cheyakandi pani pattadu,2,bad,telugu
bhai noodles full mast hai,5,good,punjabi
mess mein chai ekdum zabardast tha,5,good,hindi
bhel puri try chesthe mast undi,5,good,telugu
omelette tinda mele nalla aithu feel aaithu,5,good,kannada
bhai dal fry lajawab si hai,4,good,punjabi
momos khake ghatiya si feel,2,bad,punjabi
mess medu vada khali waste,1,bad,telugu
mess pulao full mood spoil,1,bad,kannada
mess vada pav pani pattadu,1,bad,telugu
yaar masoor dal ekdum kamaal si,4,good,punjabi
full kesari full sakkath bro,4,good,kannada
mess ch burger lajawab si si,4,good,punjabi
mess soup full waste piece,3,bad,kannada
mess burger eat cheyaleka,1,bad,telugu
tried dal fry and it was no cap good,5,good,english
ninna appam tinte manchi anipinchindi,5,good,telugu
mess vada pav lowkey ruined my day,3,bad,english
medu vada try chesthe manchi,5,good,telugu
mess ch soup ekdum perfect si,5,good,punjabi
mess halwa is crazy good,5,good,english
masoor dal tinda mele ella illa,1,bad,kannada
yaar chana dal ekdum zabardast si si,4,good,punjabi
sheera is straight L food,2,bad,english
mess ch pongal zabardast si si,4,good,punjabi
pongal khake ghatiya si feel,1,bad,punjabi
mess alli poori perfect,5,good,kannada
mess mein bhel puri kamaal ka tha,5,good,hindi
yaar maggi ekdum solid taste si,5,good,punjabi
bhajji tini tarvata baledu bro,3,bad,telugu
mess ka bhel puri bohot kharab,1,bad,hindi
bhai moong dal ekdum zabardast,4,good,hindi
appam try cheyakandi mood off,1,bad,telugu
manchurian khake ghatiya si feel,2,bad,punjabi
jalebi try madi tasty bandu,4,good,kannada
gulab jamun try cheyakandi taste leka,1,bad,telugu
moong dal skip maadi waste piece,1,bad,kannada
bruh the pasta was lit,5,good,english
bhai sach mein uppit regret,2,bad,hindi
seriously bro gulab jamun ella illa,1,bad,kannada
bro noodles was trash,2,bad,english
pizza tini tarvata pani pattadu,2,bad,telugu
bro tadka dal maja bandide aithu,5,good,kannada
noodles khake na khao feel,1,bad,punjabi
manchurian taste illa bro guru,2,bad,kannada
bhajji tini tarvata mood off,2,bad,telugu
full poori yummy bro,4,good,kannada
bhai puttu ekdum perfect hai,5,good,punjabi
full boiled egg full sakkath bro,5,good,kannada
toor dal try karo lajawab hai,5,good,hindi
bro fried rice tasty bandu aithu,5,good,kannada
mess alli burger full sakkath,4,good,kannada
toor dal mood kharab ho gayi hai yaar,1,bad,punjabi
bhai sach mein bajji regret,1,bad,hindi
uppit try cheyakandi pani pattadu,3,bad,telugu
cutlet khake full mast feel hoya,5,good,punjabi
mess ka maggi khana hi nahi,1,bad,hindi
mess mein aloo paratha maja aa gaya full tha,4,good,hindi
yo bhel puri was straight up lit,4,good,english
bro soup was mid,1,bad,english
mess appam iz crazy good,5,good,english
bhai poori lajawab,5,good,hindi
yaar momos ekdum daab aa gayi si,5,good,punjabi
ninna moong dal tinte perfect ga undi anipinchindi,4,good,telugu
vada pav skip karo na khao hai,2,bad,punjabi
tried maggi regret ruined my day,1,bad,english
gulab jamun mat khao bilkul ghatiya hai,1,bad,hindi
seriously scrambled egg disgusting,1,bad,telugu
bhai burger solid taste hai,5,good,punjabi
soup tini tarvata eat cheyaleka,1,bad,telugu
mess halwa is top tier,5,good,english
tadka dal tini tarvata eat cheyaleka,2,bad,telugu
mess lo pav bhaji mast undi undi,5,good,telugu
mess da pav bhaji zahar,1,bad,punjabi
mess moong dal full ella illa,2,bad,kannada
mess lo boiled egg superb ga undi undi,5,good,telugu
toor dal khake ekdum perfect feel hoya,5,good,punjabi
yaar dhokla to ekdum ekdum zabardast,5,good,hindi
mess mein bhel puri maja aa gaya full tha,5,good,hindi
fried rice skip maadi mood spoil,2,bad,kannada
dhokla skip karo ghatiya si hai,1,bad,punjabi
bonda khake khana hi nahi feel,1,bad,hindi
pongal skip maadi taste illa bruh,1,bad,kannada
maggi tinda mele kemp agide,2,bad,kannada
pizza try cheyakandi khali waste,1,bad,telugu
mess da bonda na khao,3,bad,punjabi
scrambled egg tini tarvata feel baga tasty,4,good,telugu
mess alli dhokla perfect,5,good,kannada
toast try karo bahut tasty hai,5,good,hindi
bro burger full enjoy,4,good,telugu
gobi paratha tini tarvata feel perfect ga undi,5,good,telugu
medu vada hits different top tier,5,good,english
soup zahar hai yaar,3,bad,punjabi
scrambled egg try chesda superb ga undi,4,good,telugu
gobi paratha skip maadi kemp agide,1,bad,kannada
toast skip maadi disgusting aithu,2,bad,kannada
bro the maggi was absolutely fire,5,good,english
mess burger full bekagilla,2,bad,kannada
mess ch medu vada full mast si,5,good,punjabi
mess ka scrambled egg ulti aa gayi,2,bad,hindi
bhai seriously pulao zahar,2,bad,punjabi
appam mood off undi bro,2,bad,telugu
mess lo gobi paratha baga tasty undi,5,good,telugu
manchurian tini tarvata feel full enjoy,4,good,telugu
aloo paratha eat cheyaleka undi bro,2,bad,telugu
pakoda try karo full mast hai,5,good,hindi
maggi tini tarvata eat cheyaleka,1,bad,telugu
mess ka gobi paratha bilkul ghatiya,1,bad,hindi
soup khake kamaal feel hoya,5,good,punjabi
poori bewakoof banaya hai bhai,1,bad,hindi
seriously burger khali waste,1,bad,telugu
medu vada mat khao ulti aa gayi hai,2,bad,hindi
halwa skip maadi ella illa,1,bad,kannada
cutlet hits different no cap good,5,good,english
manchurian tini tarvata baledu bro,1,bad,telugu
noodles skip maadi mood spoil,1,bad,kannada
bhai seriously momos regret ho reha,1,bad,punjabi
sheera skip karo mood kharab ho gayi hai,2,bad,punjabi
cutlet kemp agide guru,3,bad,kannada
lassi tini tarvata feel superb ga undi,5,good,telugu
gobi paratha tinda mele nalla aithu feel aaithu,4,good,kannada
poori khake kamaal ka feel aaya,5,good,hindi
mess da gulab jamun taste zero,1,bad,punjabi
mess mein jalebi perfect tha tha,4,good,hindi
pongal tini tarvata feel perfect ga undi,4,good,telugu
nah sheera is trash,1,bad,english
mess ch maggi ekdum perfect si,5,good,punjabi
poori try karo kamaal,4,good,punjabi
lassi tini tarvata feel full enjoy,5,good,telugu
bhai seriously dhokla zahar,1,bad,punjabi
sheera tinda mele waste piece,1,bad,kannada
mess alli bhel puri super aithu,5,good,kannada
gobi paratha is straight not it,3,bad,english
pongal waste piece guru,2,bad,kannada
mess pakoda lowkey trash,1,bad,english
boiled egg tinda mele ella illa,2,bad,kannada
bhai sheera kamaal ka,5,good,hindi
appam khake ekdum zabardast feel aaya,5,good,hindi
full kesari tasty bandu bro,5,good,kannada
bro moong dal manchi,5,good,telugu
mess alli chana dal tasty bandu,5,good,kannada
momos khake lajawab feel aaya,4,good,hindi
bhai dal fry bahut tasty,5,good,hindi
mess cutlet is lit,5,good,english
maggi tini tarvata feel superb ga undi,5,good,telugu
bro halwa full sakkath aithu,4,good,kannada
mess alli manchurian perfect,5,good,kannada
seriously boiled egg pani pattadu,2,bad,telugu
bhai pav bhaji kamaal ka,5,good,hindi
ninna kachori tinte manchi anipinchindi,5,good,telugu
mess halwa full mood spoil,1,bad,kannada
tried pasta and it was fire,4,good,english
seriously bro tadka dal kemp agide,1,bad,kannada
nah toor dal is disgusting af,2,bad,english
boiled egg tinda mele full sakkath feel aaithu,5,good,kannada
pongal skip maadi ella illa,1,bad,kannada
bhai appam bahut tasty,5,good,hindi
vada pav hits different top tier,5,good,english
samosa try madi maja bandide,4,good,kannada
chana dal tinda mele super aithu feel aaithu,5,good,kannada
mess masoor dal is top tier,4,good,english
jalebi tinda mele kemp agide,2,bad,kannada
mess poori is absolutely fire,5,good,english
mess ka fried rice regret,1,bad,hindi
bro dal fry was disgusting af,1,bad,english
jalebi tinda mele waste piece,3,bad,kannada
cutlet try karo daab aa gayi,4,good,punjabi
yaar medu vada ekdum kamaal si,4,good,punjabi
mess lo samosa mast undi undi,5,good,telugu
mess ka dal fry bilkul ghatiya,2,bad,hindi
chai try chesthe perfect ga undi,5,good,telugu
pakoda try karo kamaal ka hai,4,good,hindi
mess coffee eat cheyaleka,1,bad,telugu
bhajji tini tarvata eat cheyaleka,3,bad,telugu
mess ka puttu khana hi nahi,1,bad,hindi
tried boiled egg regret mid,2,bad,english
pakoda skip maadi taste illa bro,2,bad,kannada
lassi khake bilkul ghatiya feel,2,bad,hindi
mess ch appam solid taste si,4,good,punjabi
full pasta yummy bro,5,good,kannada
mess lo cutlet tasty ga undi undi,4,good,telugu
bro dhokla super aithu aithu,5,good,kannada
nah vada pav is ruined my day,1,bad,english
rasgulla mat khao regret hai,2,bad,hindi
dhokla khake regret feel,1,bad,hindi
sheera try madi super aithu,5,good,kannada
ninna sandwich tinte manchi anipinchindi,4,good,telugu
bro the bajji was legendary,5,good,english
mess noodles lowkey straight garbage,1,bad,english
seriously bro manchurian mood spoil,1,bad,kannada
uppit skip maadi kemp agide,1,bad,kannada
soup try karo zabardast si,4,good,punjabi
toast try chesthe mast undi,5,good,telugu
pav bhaji khake lajawab feel aaya,5,good,hindi
yo puttu was straight up fire,5,good,english
burger khana hi nahi hai bhai,1,bad,hindi
bro omelette tasty bandu aithu,5,good,kannada
bhajji tini tarvata feel superb ga undi,5,good,telugu
yaar bhel puri to ekdum full mast,5,good,hindi
bro puttu was disgusting af,1,bad,english
soup khake bahut tasty feel aaya,4,good,hindi
bro pulao baga tasty,5,good,telugu
sheera tinda mele waste piece,1,bad,kannada
puttu bohot kharab hai bhai,1,bad,hindi
pulao try madi full sakkath,5,good,kannada
bro toast super aithu aithu,5,good,kannada
lassi khake na khao feel,1,bad,punjabi
mess alli sheera yummy,4,good,kannada
momos skip maadi bekagilla,1,bad,kannada
mess kesari full taste illa bro,2,bad,kannada
yaar puttu to ekdum bahut tasty,5,good,hindi
mess sandwich lowkey not it,1,bad,english
dhokla bewakoof banaya h bh,1,bad,hindi
kachori khake ulti aa gayi feel,1,bad,hindi
cutlet tini tarvata disgusting,2,bad,telugu
mess alli kesari yummy,4,good,kannada
mess ch rasgulla ekdum perfect si,4,good,punjabi
seriously bro toast mood spoil,2,bad,kannada
mess lo bonda baga tasty undi,5,good,telugu
maggi mood kharab ho gayi hai yaar,1,bad,punjabi
bro gobi paratha nalla aithu aithu,5,good,kannada
yaar pakoda to ekdum ekdum zabardast,5,good,hindi
boiled egg try madi maja bandide,5,good,kannada
mess dal fry full kemp agide,2,bad,kannada
mess da fried rice mood kharab ho gayi,2,bad,punjabi
nah toast is mid,1,bad,english
mess ka toor dal bohot kharab,1,bad,hindi
toor dal try karo lajawab si,5,good,punjabi
mess toor dal is slaps,5,good,english
pakoda try chesthe superb ga undi,5,good,telugu
puttu pani pattadu undi bro,2,bad,telugu
full pakoda tasty bandu bro,5,good,kannada
bro soup manchi,4,good,telugu
vada pav tini tarvata khali waste,1,bad,telugu
cutlet ella illa guru,1,bad,kannada
tadka dal skip maadi disgusting aithu,1,bad,kannada
kachori mood spoil guru,1,bad,kannada
mess pav bhaji full kemp agide,2,bad,kannada
pulao bilkul ghatiya hai bhai,2,bad,hindi
bhai lassi bahut tasty,4,good,hindi
bro maggi was ruined my day,1,bad,english
yo omelette was straight up fire,5,good,english
bhel puri try chesthe perfect ga undi,5,good,telugu
bhai burger lajawab,5,good,hindi
coffee mat khao ulti aa gayi hai,1,bad,hindi
bhai sach mein bonda bohot kharab,2,bad,hindi
bro toor dal super aithu aithu,5,good,kannada
tadka dal khake paisa barbaad feel,2,bad,hindi
yo aloo paratha was straight up bussin,5,good,english
chai tini tarvata eat cheyaleka,3,bad,telugu
dhokla khake full mast feel hoya,5,good,punjabi
momos tinda mele super aithu feel aaithu,5,good,kannada
momos try madi tasty bandu,5,good,kannada
mess rasgulla eat cheyaleka,2,bad,telugu
mess alli medu vada super aithu,4,good,kannada
samosa tini tarvata pani pattadu,1,bad,telugu
mess ch cutlet kamaal si,5,good,punjabi
pakoda try chesthe superb ga undi,4,good,telugu
full boiled egg perfect bro,5,good,kannada
yo pasta was straight up top tier,4,good,english
mess maggi is bussin,5,good,english
cutlet ulti aa gayi h bh,1,bad,hindi
medu vada khake full mast feel hoya,5,good,punjabi
boiled egg bewakoof banaya hai bhai,1,bad,hindi
pav bhaji try madi nalla aithu,5,good,kannada
mess ka scrambled egg khana hi nahi,2,bad,hindi
nah manchurian is trash,1,bad,english
bhel puri tinda mele full sakkath feel aaithu,4,good,kannada
gobi paratha khake regret feel,2,bad,hindi
seriously kesari disgusting,1,bad,telugu
bhai seriously puttu regret ho reha,2,bad,punjabi
tried pulao and it was crazy good,5,good,english
uppit na khao hai yaar,1,bad,punjabi
momos regret hai bhai,1,bad,hindi
pakoda try madi maja bandide,4,good,kannada
bhai seriously samosa na khao,2,bad,punjabi
noodles khake bohot kharab feel,2,bad,hindi
yo jalebi was straight up top tier,5,good,english
burger regret ho reha hai yaar,2,bad,punjabi
yo gulab jamun was straight up lit,5,good,english
kesari hits different top tier,5,good,english
mess da toast taste zero,1,bad,punjabi
tried puttu regret straight garbage,3,bad,english
tried bhel puri and it was absolutely fire,5,good,english
pizza khake bewakoof banaya feel,1,bad,hindi
chai khake bilkul ghatiya feel,1,bad,hindi
uppit try madi nalla aithu,5,good,kannada
yo pizza was straight up no cap good,4,good,english
moong dal tini tarvata feel superb ga undi,5,good,telugu
mess ka pongal bilkul ghatiya,1,bad,hindi
bhai sach mein cutlet ulti aa gayi,3,bad,hindi
chana dal tinda mele disgusting aithu,1,bad,kannada
bhai seriously puttu taste zero,1,bad,punjabi
manchurian tinda mele kemp agide,1,bad,kannada
pulao khake ghatiya si feel,1,bad,punjabi
manchurian khana hi nahi hai bhai,3,bad,hindi
mess da manchurian faltu,1,bad,punjabi
bh sach mein bhajji bewakoof banaya,1,bad,hindi
bro the vada pav was slaps,5,good,english
uppit tini tarvata feel tasty ga undi,4,good,telugu
bro jalebi was trash,1,bad,english
bhai cutlet full mast hai,5,good,punjabi
poori khake ekdum perfect feel hoya,4,good,punjabi
coffee try madi maja bandide,5,good,kannada
pasta ghatiya si hai yaar,1,bad,punjabi
mess lo tadka dal full enjoy undi,4,good,telugu
lassi mat khao ulti aa gayi hai,1,bad,hindi
manchurian skip maadi bekagilla,3,bad,kannada
bh samosa full mast,4,good,hindi
omelette mat khao bohot kharab hai,3,bad,hindi
bhai seriously momos na khao,2,bad,punjabi
bhai lassi ekdum zabardast,5,good,hindi
mess ch gobi paratha kamaal si,4,good,punjabi
halwa kemp agide guru,2,bad,kannada
pasta try chesda baga tasty,5,good,telugu
moong dal try chesthe full enjoy,4,good,telugu
bhajji is straight straight garbage,1,bad,english
nah puttu is zero stars,1,bad,english
mess ch pongal zabardast si si,5,good,punjabi
mess pasta full bekagilla,1,bad,kannada
bhai omelette ekdum perfect hai,5,good,punjabi
pizza tini tarvata eat cheyaleka,1,bad,telugu
boiled egg try cheyakandi pani pattadu,2,bad,telugu
cutlet tinda mele perfect feel aaithu,5,good,kannada
pakoda skip maadi taste illa bro,1,bad,kannada
kachori try karo lajawab hai,4,good,hindi
fried rice skip karo taste zero hai,1,bad,punjabi
tried cutlet regret disgusting af,2,bad,english
jalebi try cheyakandi baledu bruh,1,bad,telugu
mess alli masoor dal full sakkath,5,good,kannada
bro fried rice full sakkath aithu,4,good,kannada
manchurian try cheyakandi eat cheyaleka,1,bad,telugu
full coffee nalla aithu bro,5,good,kannada
halwa hits different fire,5,good,english
tried soup and it was bussin,5,good,english
burger is straight trash,2,bad,english
masoor dal tinda mele mood spoil,2,bad,kannada
mess alli toast yummy,5,good,kannada
pav bhaji is straight zero stars,1,bad,english
gobi paratha tini tarvata feel manchi,4,good,telugu
tried bhel puri regret zero stars,1,bad,english
pav bhaji mat khao khana hi nahi hai,2,bad,hindi
bro the dhokla was absolutely fire,5,good,english
gulab jamun skip maadi bekagilla,2,bad,kannada
manchurian khake solid taste feel hoya,5,good,punjabi
yaar bhajji to ekdum bahut tasty,5,good,hindi
nah burger is disgusting af,2,bad,english
gobi paratha paisa barbaad hai bhai,3,bad,hindi
kachori khake mood kharab ho gayi feel,2,bad,punjabi
pulao khake ulti aa gayi feel,2,bad,hindi
bhel puri skip karo taste zero hai,2,bad,punjabi
bhai seriously soup taste zero,1,bad,punjabi
bhai kachori ekdum zabardast,4,good,hindi
dal fry khali waste undi bro,2,bad,telugu
burger try madi super aithu,5,good,kannada
yaar halwa to ekdum lajawab,5,good,hindi
bro pasta tasty bandu aithu,5,good,kannada
mess aloo paratha lowkey l food,1,bad,english
mess da medu vada ghatiya si,1,bad,punjabi
full pizza maja bandide bro,5,good,kannada
mess masoor dal is legendary,5,good,english
pakoda tini tarvata feel superb ga undi,4,good,telugu
bhel puri bohot kharab h bh,1,bad,hindi
scrambled egg try cheyakandi baledu bro,3,bad,telugu
bhai seriously aloo paratha faltu,1,bad,punjabi
cutlet khake daab aa gayi feel hoya,5,good,punjabi
mess ch puttu full mast si,5,good,punjabi
seriously soup disgusting,1,bad,telugu
pongal try karo ekdum perfect,5,good,punjabi
cutlet try chesthe manchi,4,good,telugu
seriously bro toor dal bekagilla,1,bad,kannada
seriously coffee eat cheyaleka,2,bad,telugu
sandwich faltu hai yaar,1,bad,punjabi
fried rice skip karo na khao hai,1,bad,punjabi
mess maggi full waste piece,1,bad,kannada
maggi taste leka undi bro,1,bad,telugu
appam khake ulti aa gayi feel,2,bad,hindi
bhai sach mein appam paisa barbaad,2,bad,hindi
fried rice khake na khao feel,1,bad,punjabi
ninna pakoda tinte superb ga undi anipinchindi,5,good,telugu
bruh masoor dal perfect ga undi,5,good,telugu
toast tini tarvata mood off,2,bad,telugu
gobi paratha try karo full mast hai,5,good,hindi
pulao tinda mele nalla aithu feel aaithu,5,good,kannada
bhajji tinda mele waste piece,1,bad,kannada
halwa tinda mele ella illa,1,bad,kannada
seriously kachori disgusting,3,bad,telugu
pulao khake regret feel,1,bad,hindi
mess alli maggi nalla aithu,5,good,kannada
kachori khake mood kharab ho gayi feel,1,bad,punjabi
pakoda khake solid taste feel hoya,5,good,punjabi
dhokla khake lajawab feel aaya,5,good,hindi
tried bonda regret zero stars,2,bad,english
full kachori maja bandide bro,5,good,kannada
yo rasgulla was straight up crazy good,5,good,english
tried bonda and it was bussin,5,good,english
tadka dal taste illa bro guru,2,bad,kannada
bhai sach mein halwa bohot kharab,2,bad,hindi
mess da gobi paratha regret ho reha,3,bad,punjabi
toor dal tinda mele ella illa,1,bad,kannada
kachori tini tarvata pani pattadu,1,bad,telugu
tried kesari regret straight garbage,2,bad,english
sheera tini tarvata feel mast undi,5,good,telugu
mess bhajji is no cap good,4,good,english
bro gobi paratha was disgusting af,1,bad,english
mess mein kesari lajawab tha,5,good,hindi
bonda try chesthe baga tasty,5,good,telugu
mess mein halwa lajawab tha,5,good,hindi
omelette try chesthe superb ga undi,5,good,telugu
samosa try chesthe manchi,4,good,telugu
yaar pizza ekdum solid taste si,4,good,punjabi
seriously bro pulao dizgusting aithu,1,bad,kannada
seriously bro kachori bekagilla,1,bad,kannada
gulab jamun mat khao bohot kharab hai,1,bad,hindi
bhai boiled egg zabardast si hai,5,good,punjabi
bruh da maggi was fire,5,good,english
toast khake kamaal ka feel aaya,5,good,hindi
mess pav bhaji full waste piece,2,bad,kannada
gulab jamun khake full mast feel aaya,4,good,hindi
mess pasta is no cap good,5,good,english
momos tini tarvata pani pattadu,2,bad,telugu
seriously bro omelette waste piece,1,bad,kannada
puttu khake mood kharab ho gayi feel,1,bad,punjabi
rasgulla is straight ruined my day,1,bad,english
bhai sach mein pasta ulti aa gayi,1,bad,hindi
appam try cheyakandi pani pattadu,2,bad,telugu
boiled egg skip maadi waste piece,2,bad,kannada
mess cutlet pani pattadu,1,bad,telugu
mess samosa is no cap good,5,good,english
bh seriously puttu ghatiya si,1,bad,punjabi
seriously bro dal fry ella illa,2,bad,kannada
soup khake solid taste feel hoya,5,good,punjabi
mess ch bhel puri lajawab si si,5,good,punjabi
mess moong dal lowkey ruined my day,1,bad,english
bhai vada pav ekdum perfect hai,4,good,punjabi
dhokla mat khao bilkul ghatiya hai,1,bad,hindi
nah uppit is mid,1,bad,english
seriously bro medu vada kemp agide,1,bad,kannada
appam skip maadi kemp agide,1,bad,kannada
tried kachori and it was absolutely fire,4,good,english
chai taste leka undi bro,1,bad,telugu
boiled egg mat khao bohot kharab hai,2,bad,hindi
mess lo kesari manchi undi,5,good,telugu
bro the sandwich was absolutely fire,4,good,english
scrambled egg khake ekdum zabardast feel aaya,5,good,hindi
medu vada tinda mele nalla aithu feel aaithu,4,good,kannada
samosa tini tarvata eat cheyaleka,1,bad,telugu
bro bhel puri baga tasty,5,good,telugu
mess lo vada pav tasty ga undi undi,5,good,telugu
bonda try chesthe manchi,4,good,telugu
toast is straight straight garbage,3,bad,english
mess mein bonda maja aa gaya full tha,5,good,hindi
samosa tinda mele tasty bandu feel aaithu,5,good,kannada
tried rasgulla and it was fire,5,good,english
mess ch bhel puri zabardast si si,4,good,punjabi
vada pav disgusting aithu guru,2,bad,kannada
bhajji ella illa guru,1,bad,kannada
bhai sach mein lassi bewakoof banaya,2,bad,hindi
sheera try chesthe baga tasty,5,good,telugu
yo fried rice was straight up absolutely fire,5,good,english
toor dal khake zabardast si feel hoya,5,good,punjabi
sandwich bekagilla guru,2,bad,kannada
noodles khake bahut tasty feel aaya,5,good,hindi
ninna pasta tinte tasty ga undi anipinchindi,5,good,telugu
nah soup iz straight garbage,2,bad,english
bro toor dal full enjoy,5,good,telugu
mess pasta eat cheyaleka,1,bad,telugu
mess mein pizza perfect tha tha,5,good,hindi
pizza skip maadi mood spoil,1,bad,kannada
chana dal bilkul ghatiya hai bhai,2,bad,hindi
ninna uppit tinte superb ga undi anipinchindi,5,good,telugu
mess ka gulab jamun bewakoof banaya,3,bad,hindi
nah pakoda iz zero stars,3,bad,english
noodles tini tarvata feel perfect ga undi,5,good,telugu
bhai uppit lajawab,5,good,hindi
manchurian try cheyakandi eat cheyaleka,1,bad,telugu
bro bonda tasty ga undi,5,good,telugu
bhai halwa bahut tasty,5,good,hindi
samosa try karo full mast hai,5,good,hindi
boiled egg zahar hai yaar,2,bad,punjabi
halwa waste piece guru,1,bad,kannada
medu vada is straight mid,1,bad,english
mess sandwich iz lit,5,good,english
samosa khake bohot kharab feel,2,bad,hindi
pulao kemp agide guru,2,bad,kannada
yo scrambled egg was straight up no cap good,5,good,english
samosa try karo bahut tasty hai,5,good,hindi
puttu waste piece guru,2,bad,kannada
gobi paratha skip maadi waste piece,1,bad,kannada
yaar omelette ekdum daab aa gayi si,5,good,punjabi
cutlet try chesthe full enjoy,5,good,telugu
bhai seriously pakoda zahar,2,bad,punjabi
yaar jalebi to ekdum maja aa gaya full,5,good,hindi
dhokla hits different absolutely fire,4,good,english
yo toast was straight up absolutely fire,5,good,english
omelette tinda mele perfect feel aaithu,4,good,kannada
mess toor dal full taste illa bro,2,bad,kannada
mess da bonda faltu,1,bad,punjabi
cutlet khake perfect tha feel aaya,5,good,hindi
mess mein moong dal ekdum zabardast tha,5,good,hindi
sheera disgusting undi bro,1,bad,telugu
omelette try cheyakandi mood off,2,bad,telugu
tried fried rice regret zero stars,1,bad,english
full kachori super aithu bruh,5,good,kannada
yaar maggi to ekdum perfect tha,5,good,hindi
yaar chana dal to ekdum full mast,5,good,hindi
soup khake mood kharab ho gayi feel,1,bad,punjabi
bro momos manchi,4,good,telugu
tadka dal pani pattadu undi bruh,1,bad,telugu
tried moong dal regret zero stars,2,bad,english
moong dal try cheyakandi mood off,3,bad,telugu
mess noodles iz fire,4,good,english
pakoda skip maadi bekagilla,1,bad,kannada
full manchurian nalla aithu bro,5,good,kannada
mess momos is bussin,4,good,english
kachori khake regret feel,1,bad,hindi
kachori try madi nalla aithu,4,good,kannada
tadka dal mat khao regret hai,1,bad,hindi
nah burger is straight garbage,1,bad,english
pizza skip karo mood kharab ho gayi hai,3,bad,punjabi
pakoda khake full mast feel hoya,4,good,punjabi
mess puttu is bussin,5,good,english
appam is straight l food,2,bad,english
sandwich khake solid taste feel hoya,5,good,punjabi
bro the pasta was absolutely fire,4,good,english
manchurian tinda mele kemp agide,1,bad,kannada
mess lo uppit mast undi undi,5,good,telugu
chai khake bewakoof banaya feel,2,bad,hindi
bro the noodles was crazy good,5,good,english
tried uppit and it was legendary,5,good,english
bhai pongal kamaal hai,4,good,punjabi
maggi khana hi nahi hai bhai,3,bad,hindi
yaar aloo paratha ekdum daab aa gayi si,5,good,punjabi
bro puttu superb ga undi,4,good,telugu
bhajji skip maadi waste piece,1,bad,kannada
toor dal is straight not it,3,bad,english
appam disgusting aithu guru,1,bad,kannada
masoor dal khake khana hi nahi feel,1,bad,hindi
pizza khake zahar feel,3,bad,punjabi
chana dal try chesthe baga tasty,4,good,telugu
full momos maja bandide bro,5,good,kannada
mess mein toor dal ekdum zabardast tha,5,good,hindi
pav bhaji khake bewakoof banaya feel,2,bad,hindi
bro the bonda was no cap good,4,good,english
boiled egg bekagilla guru,1,bad,kannada
lassi mat khao ulti aa gayi hai,2,bad,hindi
bhai sach mein sandwich bilkul ghatiya,1,bad,hindi
medu vada khake ekdum zabardast feel aaya,5,good,hindi
maggi taste zero hai yaar,2,bad,punjabi
noodles tini tarvata taste leka,1,bad,telugu
yaar manchurian to ekdum lajawab,4,good,hindi
pakoda ella illa guru,1,bad,kannada
dhokla waste piece guru,1,bad,kannada
bhai seriously fried rice faltu,1,bad,punjabi
bajji tinda mele nalla aithu feel aaithu,5,good,kannada
tried maggi regret not it,1,bad,english
samosa try madi perfect,4,good,kannada
mess alli kachori super aithu,5,good,kannada
bro fried rice baga tasty,5,good,telugu
bonda tini tarvata feel full enjoy,5,good,telugu
bro lassi tasty bandu aithu,4,good,kannada
yaar burger ekdum lajawab si si,4,good,punjabi
burger try cheyakandi mood off,2,bad,telugu
tried pakoda and it was top tier,4,good,english
puttu skip maadi mood spoil,1,bad,kannada
uppit try chesthe mast undi,5,good,telugu
toast tini tarvata taste leka,2,bad,telugu
bro sheera baga tasty,5,good,telugu
bh seriously dal fry taste zero,3,bad,punjabi
mess da pakoda faltu,2,bad,punjabi
moong dal is straight ruined my day,1,bad,english
tadka dal pani pattadu undi bro,2,bad,telugu
tried momos and it was lit,4,good,english
toast taste zero hai yaar,1,bad,punjabi
nah rasgulla is L food,1,bad,english
pakoda tinda mele ella illa,1,bad,kannada
boiled egg try karo kamaal,4,good,punjabi
vada pav skip karo na khao hai,2,bad,punjabi
yaar gobi paratha ekdum full mast si,5,good,punjabi
samosa try chesthe tasty ga undi,5,good,telugu
aloo paratha disgusting undi bro,2,bad,telugu
ninna bonda tinte perfect ga undi anipinchindi,4,good,telugu
scrambled egg zahar h yaar,3,bad,punjabi
mess noodles disgusting,1,bad,telugu
yaar pav bhaji ekdum ekdum perfect si,5,good,punjabi
omelette khake ekdum zabardast feel aaya,5,good,hindi
rasgulla try madi maja bandide,4,good,kannada
yaar pasta ekdum solid taste si,5,good,punjabi
gobi paratha tinda mele kemp agide,1,bad,kannada
mess kesari iz bussin,4,good,english
cutlet khake bewakoof banaya feel,2,bad,hindi
kachori kemp agide guru,1,bad,kannada
bhai sach mein vada pav khana hi nahi,1,bad,hindi
kachori tini tarvata feel tasty ga undi,5,good,telugu
yaar omelette ekdum daab aa gayi si,5,good,punjabi
mess ch momos lajawab si si,4,good,punjabi
yaar burger to ekdum perfect tha,5,good,hindi
tried vada pav and it was slaps,5,good,english
toast tinda mele perfect feel aaithu,4,good,kannada
pulao tinda mele mood spoil,2,bad,kannada
bhai seriously pulao mood kharab ho gayi,2,bad,punjabi
ninna lassi tinte manchi anipinchindi,5,good,telugu
momos try karo maja aa gaya full hai,5,good,hindi
masoor dal pani pattadu undi bro,1,bad,telugu
seriously lassi taste leka,1,bad,telugu
mess scrambled egg is no cap good,5,good,english
aloo paratha skip maadi disgusting aithu,1,bad,kannada
seriously medu vada khali waste,1,bad,telugu
gobi paratha tinda mele perfect feel aaithu,4,good,kannada
mess bhajji disgusting,2,bad,telugu
manchurian iz straight straight garbage,3,bad,english
yaar tadka dal to ekdum ekdum zabardast,4,good,hindi
medu vada try karo full mast,4,good,punjabi
seriously cutlet mood off,2,bad,telugu
maggi mat khao ulti aa gayi hai,2,bad,hindi
mess fried rice khali waste,2,bad,telugu
yaar boiled egg ekdum ekdum perfect si,5,good,punjabi
pongal tini tarvata feel mast undi,5,good,telugu
pongal mood off undi bro,2,bad,telugu
mess pongal full disgusting aithu,2,bad,kannada
bro coffee was L food,2,bad,english
fried rice khake paisa barbaad feel,1,bad,hindi
tried pongal regret disgusting af,1,bad,english
scrambled egg skip maadi taste illa bro,2,bad,kannada
dhokla tini tarvata feel tasty ga undi,5,good,telugu
puttu try chesthe superb ga undi,4,good,telugu
jalebi is straight ruined my day,1,bad,english
seriously bro cutlet bekagilla,2,bad,kannada
tried soup and it was lit,5,good,english
momos pani pattadu undi bro,1,bad,telugu
pizza khake solid taste feel hoya,5,good,punjabi
omelette skip maadi waste piece,2,bad,kannada
yaar bhel puri ekdum solid taste si,4,good,punjabi
yo bhajji was straight up slaps,4,good,english
bhai seriously rasgulla ghatiya si,1,bad,punjabi
toor dal try karo ekdum zabardast hai,4,good,hindi
mess lo kesari tasty ga undi undi,5,good,telugu
seriously pasta pani pattadu,1,bad,telugu
ninna fried rice tinte full enjoy anipinchindi,5,good,telugu
masoor dal hits different lit,5,good,english
puttu tini tarvata baledu bro,1,bad,telugu
mess jalebi lowkey zero stars,1,bad,english
bro the vada pav was top tier,5,good,english
gobi paratha khake bohot kharab feel,1,bad,hindi
mess lo kachori mast undi undi,4,good,telugu
bro poori maja bandide aithu,5,good,kannada
pakoda khake lajawab feel aaya,4,good,hindi
chai skip maadi mood spoil,3,bad,kannada
coffee khake full mast feel aaya,5,good,hindi
vada pav mat khao bewakoof banaya hai,2,bad,hindi
masoor dal hits different slaps,4,good,english
yo dal fry was straight up fire,5,good,english
mess poori khali waste,1,bad,telugu
fried rice tinda mele full sakkath feel aaithu,5,good,kannada
bro halwa maja bandide aithu,5,good,kannada
bruh bajji super aithu aithu,4,good,kannada
yo pasta was straight up no cap good,4,good,english
masoor dal mood off undi bro,2,bad,telugu
mess ka pasta bilkul ghatiya,2,bad,hindi
mess lo samosa manchi undi,5,good,telugu
mess ka halwa khana hi nahi,2,bad,hindi
rasgulla mood off undi bro,2,bad,telugu
uppit tini tarvata baledu bro,2,bad,telugu
pakoda iz straight zero stars,1,bad,english
gulab jamun skip karo na khao hai,2,bad,punjabi
bro chai was disgusting af,1,bad,english
yaar tadka dal to ekdum perfect tha,4,good,hindi
bhai seriously moong dal ghatiya si,3,bad,punjabi
uppit is straight trash,2,bad,english
pakoda zahar hai yaar,1,bad,punjabi
mess mein dhokla perfect tha tha,4,good,hindi
mess da burger ghatiya si,1,bad,punjabi
tried pulao and it was legendary,4,good,english
mess alli kesari yummy,4,good,kannada
yo gobi paratha was straight up top tier,5,good,english
yaar jalebi to ekdum kamaal ka,5,good,hindi
mess alli pav bhaji perfect,5,good,kannada
mess medu vada lowkey zero stars,1,bad,english
mess lo omelette superb ga undi undi,5,good,telugu
full pav bhaji super aithu bro,5,good,kannada
pasta taste illa bro guru,1,bad,kannada
mess ka gobi paratha ulti aa gayi,1,bad,hindi
tried samosa regret ruined my day,1,bad,english
mess scrambled egg is no cap good,5,good,english
seriously bro chai mood spoil,2,bad,kannada
omelette tinda mele mood spoil,1,bad,kannada
samosa try madi tasty bandu,5,good,kannada
bro cutlet baga tasty,5,good,telugu
pulao tinda mele yummy feel aaithu,5,good,kannada
pulao khake kamaal ka feel aaya,4,good,hindi
noodles khake paisa barbaad feel,1,bad,hindi
moong dal mat khao paisa barbaad hai,1,bad,hindi
tried scrambled egg and it was no cap good,4,good,english
nah aloo paratha is mid,2,bad,english
bonda tinda mele bekagilla,2,bad,kannada
bro the pongal was lit,5,good,english
momos dizgusting aithu guru,2,bad,kannada
momos mat khao bilkul ghatiya hai,1,bad,hindi
yaar burger ekdum daab aa gayi si,4,good,punjabi
bhai lassi zabardast si hai,4,good,punjabi
yaar masoor dal ekdum daab aa gayi si,5,good,punjabi
bhai bhajji ekdum zabardast,5,good,hindi
appam khake regret feel,2,bad,hindi
poori khana hi nahi hai bhai,2,bad,hindi
bro omelette full enjoy,5,good,telugu
bro maggi maja bandide aithu,5,good,kannada
toor dal khake kamaal feel hoya,5,good,punjabi
seriously boiled egg baledu bro,1,bad,telugu
pizza paiza barbaad h bh,1,bad,hindi
puttu tini tarvata taste leka,1,bad,telugu
gulab jamun try madi full sakkath,5,good,kannada
nah uppit is zero stars,1,bad,english
mess mein pulao ekdum zabardast tha,5,good,hindi
bruh the uppit was slaps,5,good,english
bajji khake maja aa gaya full feel aaya,5,good,hindi
bh bonda bahut tasty,5,good,hindi
pav bhaji is straight ruined my day,3,bad,english
ch is straight straight garbage,2,bad,english
tadka dal hits different bussin,5,good,english
mess ka pongal bilkul ghatiya,1,bad,hindi
soup skip maadi mood spoil,2,bad,kannada
rasgulla hits different absolutely fire,4,good,english
gulab jamun mat khao regret h,1,bad,hindi
mess alli masoor dal tasty bandu,5,good,kannada
tried toor dal regret straight garbage,2,bad,english
dhokla khake ekdum zabardast feel aaya,5,good,hindi
sandwich mat khao regret hai,1,bad,hindi
nah noodles is ruined my day,1,bad,english
toast mat khao ulti aa gayi hai,3,bad,hindi
fried rice mood spoil guru,3,bad,kannada
tadka dal ella illa guru,1,bad,kannada
bhai seriously puttu zahar,1,bad,punjabi
mess ka bonda paisa barbaad,1,bad,hindi
maggi tinda mele nalla aithu feel aaithu,5,good,kannada
burger skip maadi waste piece,1,bad,kannada
yaar dhokla ekdum ekdum perfect si,4,good,punjabi
dal fry tinda mele tasty bandu feel aaithu,4,good,kannada
mess lo appam mast undi undi,4,good,telugu
ninna halwa tinte manchi anipinchindi,5,good,telugu
nah omelette is trash,1,bad,english
mess vada pav is fire,5,good,english
mess alli toor dal nalla aithu,4,good,kannada
masoor dal skip karo regret ho reha hai,1,bad,punjabi
appam try cheyakandi eat cheyaleka,2,bad,telugu
bhai seriously pizza faltu,2,bad,punjabi
pav bhaji skip karo regret ho reha hai,2,bad,punjabi
tried rasgulla and it was lit,5,good,english
bh sach mein appam paisa barbaad,1,bad,hindi
mess halwa lowkey ruined my day,1,bad,english
bhel puri try chesthe superb ga undi,5,good,telugu
pongal skip karo mood kharab ho gayi hai,2,bad,punjabi
poori tini tarvata feel mast undi,5,good,telugu
seriously medu vada taste leka,1,bad,telugu
mess bonda is absolutely fire,5,good,english
dhokla skip maadi bekagilla,1,bad,kannada
chana dal skip karo faltu hai,2,bad,punjabi
mess ch fried rice kamaal si,5,good,punjabi
bhai chai full mast,5,good,hindi
mess kachori mood off,1,bad,telugu
mess ch appam solid taste si,4,good,punjabi
bh sach mein ch bilkul ghatiya,2,bad,hindi
scrambled egg khake regret feel,1,bad,hindi
lassi skip karo regret ho reha hai,2,bad,punjabi
medu vada khake bohot kharab feel,1,bad,hindi
mess ka boiled egg bilkul ghatiya,1,bad,hindi
fried rice tini tarvata feel perfect ga undi,5,good,telugu
boiled egg tinda mele perfect feel aaithu,5,good,kannada
halwa ghatiya si hai yaar,1,bad,punjabi
lassi tinda mele ella illa,1,bad,kannada
samosa khake bahut tasty feel aaya,5,good,hindi
vada pav tinda mele tasty bandu feel aaithu,5,good,kannada
mess sheera full taste illa bro,1,bad,kannada
jalebi tinda mele kemp agide,1,bad,kannada
ch tini tarvata feel tasty ga undi,5,good,telugu
bhai toast ekdum perfect hai,4,good,punjabi
mess da dhokla mood kharab ho gayi,1,bad,punjabi
soup tini tarvata khali waste,1,bad,telugu
gulab jamun tinda mele taste illa bro,1,bad,kannada
tried sandwich and it was top tier,5,good,english
full masoor dal maja bandide bro,5,good,kannada
yaar uppit to ekdum full mast,5,good,hindi
mess mein pakoda bahut tasty tha,4,good,hindi
noodles skip karo regret ho reha hai,3,bad,punjabi
omelette tini tarvata feel full enjoy,4,good,telugu
yaar gulab jamun ekdum lajawab si si,5,good,punjabi
pakoda tini tarvata taste leka,1,bad,telugu
nah sheera is L food,2,bad,english
coffee hits different slaps,5,good,english
chana dal khake mood kharab ho gayi feel,2,bad,punjabi
nah bajji is mid,1,bad,english
jalebi try chesthe perfect ga undi,4,good,telugu
tried uppit regret disgusting af,1,bad,english
mess ch samosa kamaal si,5,good,punjabi
maggi khake solid taste feel hoya,5,good,punjabi
momos khake ekdum perfect feel hoya,5,good,punjabi
pulao khake solid taste feel hoya,5,good,punjabi
fried rice try madi super aithu,4,good,kannada
mess ka bhajji ulti aa gayi,1,bad,hindi
burger skip maadi waste piece,1,bad,kannada
mess lo samosa manchi undi,5,good,telugu
bajji skip karo ghatiya si hai,1,bad,punjabi
mess chai lowkey mid,1,bad,english
noodles khake bahut tasty feel aaya,5,good,hindi
uppit try karo kamaal,5,good,punjabi
yaar pulao ekdum full mast si,5,good,punjabi
mess bhel puri full kemp agide,1,bad,kannada
gulab jamun try chesthe full enjoy,4,good,telugu
nah masoor dal is trash,2,bad,english
full soup yummy bro,5,good,kannada
kachori kemp agide guru,3,bad,kannada
kesari khake bilkul ghatiya feel,2,bad,hindi
samosa khake paisa barbaad feel,1,bad,hindi
noodles mat khao bilkul ghatiya hai,1,bad,hindi
mess pongal lowkey ruined my day,3,bad,english
yaar lassi ekdum daab aa gayi si,5,good,punjabi
kesari is straight straight garbage,2,bad,english
seriously chana dal mood off,1,bad,telugu
yo sheera was straight up fire,4,good,english
tadka dal try madi maja bandide,5,good,kannada
momos try karo ekdum perfect,4,good,punjabi
yaar sheera to ekdum bahut tasty,5,good,hindi
kesari tini tarvata taste leka,1,bad,telugu
pakoda khake regret feel,3,bad,hindi
full dhokla perfect bro,5,good,kannada
pizza khake ulti aa gayi feel,1,bad,hindi
mess mein appam ekdum zabardast tha,5,good,hindi
bhajji tinda mele kemp agide,1,bad,kannada
poori is straight trash,2,bad,english
mess alli pulao tasty bandu,5,good,kannada
mess toast full bekagilla,3,bad,kannada
momos khake ghatiya si feel,1,bad,punjabi
mess ka momos paisa barbaad,1,bad,hindi
seriously coffee disgusting,2,bad,telugu
yaar halwa to ekdum maja aa gaya full,4,good,hindi
aloo paratha ghatiya si hai yaar,2,bad,punjabi
mess pongal eat cheyaleka,1,bad,telugu
cutlet tini tarvata disgusting,3,bad,telugu
mess ch jalebi solid taste si,4,good,punjabi
mess lo dhokla mast undi undi,5,good,telugu
pulao try chesthe baga tasty,4,good,telugu
ninna tadka dal tinte superb ga undi anipinchindi,4,good,telugu
boiled egg tinda mele kemp agide,1,bad,kannada
mess da maggi zahar,1,bad,punjabi
momos try karo ekdum perfect,5,good,punjabi
mess lo masoor dal perfect ga undi undi,5,good,telugu
manchurian khana hi nahi hai bhai,3,bad,hindi
bhai uppit daab aa gayi hai,5,good,punjabi
mess momos taste leka,2,bad,telugu
gobi paratha try karo full mast,5,good,punjabi
yaar kesari to ekdum bahut tasty,5,good,hindi
bhai seriously pulao regret ho reha,1,bad,punjabi
chai khake faltu feel,1,bad,punjabi
bro da noodles was legendary,4,good,english
mess bajji full ella illa,3,bad,kannada
pakoda skip karo taste zero h,2,bad,punjabi
manchurian try chesthe perfect ga undi,5,good,telugu
bhai bhajji perfect tha,5,good,hindi
mess mein chana dal full mast tha,4,good,hindi
mess lo pakoda baga tasty undi,5,good,telugu
bh pasta solid taste h,5,good,punjabi
mess alli dal fry maja bandide,5,good,kannada
masoor dal baledu bro undi bro,1,bad,telugu
samosa try madi tasty bandu,5,good,kannada
gobi paratha skip karo ghatiya si hai,1,bad,punjabi
cutlet mat khao ulti aa gayi hai,1,bad,hindi
tried gobi paratha and it was no cap good,5,good,english
nah toast is trash,3,bad,english
burger try karo zabardast si,5,good,punjabi
mess alli moong dal tasty bandu,5,good,kannada
bruh gobi paratha mast undi,5,good,telugu
manchurian try cheyakandi eat cheyaleka,1,bad,telugu
mess ch coffee full mast si,5,good,punjabi
tadka dal try cheyakandi taste leka,3,bad,telugu
pav bhaji tinda mele taste illa bro,2,bad,kannada
soup try karo lajawab hai,5,good,hindi
mess pakoda pani pattadu,1,bad,telugu
uppit try karo ekdum perfect,4,good,punjabi
mess lo aloo paratha mast undi undi,5,good,telugu
samosa tini tarvata eat cheyaleka,1,bad,telugu
bhai kesari maja aa gaya full,5,good,hindi
tried omelette and it was legendary,4,good,english
toor dal tinda mele yummy feel aaithu,5,good,kannada
bro chana dal perfect ga undi,5,good,telugu
cutlet try chesthe superb ga undi,5,good,telugu
mess soup full bekagilla,1,bad,kannada
pulao tini tarvata mood off,1,bad,telugu
maggi eat cheyaleka undi bro,2,bad,telugu
bhai sach mein pizza bewakoof banaya,1,bad,hindi
dhokla taste zero hai yaar,1,bad,punjabi
pav bhaji hits different lit,4,good,english
mess lo fried rice superb ga undi undi,5,good,telugu
kesari khake mood kharab ho gayi feel,1,bad,punjabi
jalebi khake bahut tasty feel aaya,5,good,hindi
mess da pizza zahar,2,bad,punjabi
mess alli coffee perfect,5,good,kannada
bhel puri khake mood kharab ho gayi feel,2,bad,punjabi
medu vada faltu hai yaar,2,bad,punjabi
mess moong dal disgusting,1,bad,telugu
gobi paratha tini tarvata taste leka,1,bad,telugu
pav bhaji khake bahut tasty feel aaya,5,good,hindi
seriously pizza khali waste,3,bad,telugu
aloo paratha is straight l food,2,bad,english
bro boiled egg was L food,1,bad,english
mess sheera is crazy good,4,good,english
uppit ulti aa gayi hai bhai,1,bad,hindi
mess maggi lowkey zero stars,1,bad,english
aloo paratha khake faltu feel,2,bad,punjabi
full uppit maja bandide bruh,5,good,kannada
mess omelette khali waste,1,bad,telugu
bro chai was mid,2,bad,english
bro momos was not it,1,bad,english
jalebi hits different lit,5,good,english
bhai kachori maja aa gaya full,5,good,hindi
samosa try karo solid taste,5,good,punjabi
burger pani pattadu undi bruh,2,bad,telugu
full uppit maja bandide bro,4,good,kannada
medu vada try karo kamaal ka hai,5,good,hindi
bro pizza manchi,5,good,telugu
pasta is straight disgusting af,1,bad,english
toor dal khake maja aa gaya full feel aaya,5,good,hindi
yaar pulao to ekdum full mast,5,good,hindi
tried kachori regret straight garbage,1,bad,english
gobi paratha khake bahut tasty feel aaya,5,good,hindi
bro chai was not it,1,bad,english
pizza tini tarvata baledu bro,2,bad,telugu
mess ch coffee zabardast si si,4,good,punjabi
bhai sach mein kachori bewakoof banaya,2,bad,hindi
bro kesari was not it,2,bad,english
sandwich tini tarvata baledu bruh,1,bad,telugu
bhai seriously soup regret ho reha,1,bad,punjabi
poori tini tarvata feel full enjoy,5,good,telugu
scrambled egg ulti aa gayi hai bhai,3,bad,hindi
gobi paratha mat khao bewakoof banaya hai,2,bad,hindi
yo noodles was straight up slaps,5,good,english
seriously bro momos kemp agide,1,bad,kannada
appam khake bilkul ghatiya feel,1,bad,hindi
puttu tinda mele nalla aithu feel aaithu,5,good,kannada
jalebi tinda mele bekagilla,1,bad,kannada
jalebi tinda mele maja bandide feel aaithu,4,good,kannada
chana dal regret hai bhai,3,bad,hindi
bhai sach mein fried rice khana hi nahi,1,bad,hindi
mess chai is bussin,4,good,english
kesari skip maadi mood spoil,1,bad,kannada
mess kesari is bussin,5,good,english
momos ulti aa gayi hai bhai,1,bad,hindi
mess mein aloo paratha bahut tasty tha,5,good,hindi
mess burger full taste illa bro,2,bad,kannada
nah pasta is zero stars,3,bad,english
mess alli toor dal nalla aithu,4,good,kannada
sandwich taste leka undi bro,2,bad,telugu
mess alli chana dal super aithu,5,good,kannada
yaar soup to ekdum perfect tha,5,good,hindi
bajji na khao hai yaar,3,bad,punjabi
poori tinda mele nalla aithu feel aaithu,4,good,kannada
bhai masoor dal ekdum perfect hai,5,good,punjabi
toor dal try chesthe perfect ga undi,4,good,telugu
mess alli uppit maja bandide,5,good,kannada
soup try karo ekdum zabardast h,5,good,hindi
tadka dal khake bohot kharab feel,3,bad,hindi
noodles try karo lajawab si,5,good,punjabi
mess fried rice disgusting,1,bad,telugu
bonda tini tarvata feel mast undi,4,good,telugu
gulab jamun try karo lajawab hai,5,good,hindi
bhai sach mein sandwich regret,2,bad,hindi
bro pakoda was mid,3,bad,english
rasgulla try madi super aithu,5,good,kannada
yaar bajji to ekdum bahut tasty,5,good,hindi
mess ch pasta kamaal si,5,good,punjabi
bro burger maja bandide aithu,5,good,kannada
full kesari super aithu bruh,5,good,kannada
ninna vada pav tinte mast undi anipinchindi,5,good,telugu
poori mat khao ulti aa gayi hai,2,bad,hindi
toast mood spoil guru,3,bad,kannada
rasgulla try madi perfect,5,good,kannada
mess mein sheera lajawab tha,5,good,hindi
yo chai was straight up absolutely fire,4,good,english
nah kachori is l food,1,bad,english
ninna dhokla tinte perfect ga undi anipinchindi,4,good,telugu
bhel puri hits different absolutely fire,5,good,english
tried appam and it was legendary,4,good,english
bro burger was straight garbage,2,bad,english
mess ch cutlet lajawab si si,5,good,punjabi
mess alli soup full sakkath,4,good,kannada
mess boiled egg eat cheyaleka,2,bad,telugu
tried halwa regret not it,1,bad,english
bhai puttu ekdum zabardast,4,good,hindi
pizza tinda mele taste illa bruh,1,bad,kannada
mess lo dal fry manchi undi,5,good,telugu
yaar vada pav ekdum solid taste si,4,good,punjabi
puttu try karo lajawab hai,5,good,hindi
bhai sach mein pongal khana hi nahi,3,bad,hindi
seriously bro boiled egg taste illa bro,2,bad,kannada
seriously bro jalebi waste piece,1,bad,kannada
yaar bhajji to ekdum perfect tha,5,good,hindi
tried omelette regret mid,1,bad,english
pizza try cheyakandi khali waste,2,bad,telugu
burger try karo solid taste,5,good,punjabi
bro medu vada was ruined my day,1,bad,english
bhai seriously omelette faltu,1,bad,punjabi
tried medu vada and it was no cap good,5,good,english
bro bonda was ruined my day,2,bad,english
manchurian tinda mele perfect feel aaithu,4,good,kannada
mess momos eat cheyaleka,2,bad,telugu
seriously bro omelette disgusting aithu,1,bad,kannada
lassi khake maja aa gaya full feel aaya,5,good,hindi
poori pani pattadu undi bro,1,bad,telugu
dhokla try madi tasty bandu,5,good,kannada
mess omelette lowkey zero stars,1,bad,english
mess burger full bekagilla,1,bad,kannada
sheera try karo ekdum zabardast h,5,good,hindi
mess mein pav bhaji maja aa gaya full tha,4,good,hindi
mess mein moong dal perfect tha tha,5,good,hindi
mess mein toor dal lajawab tha,4,good,hindi
bro kachori full enjoy,5,good,telugu
bro the jalebi was bussin,5,good,english
mess scrambled egg full mood spoil,1,bad,kannada
mess alli bhajji maja bandide,5,good,kannada
pulao tinda mele perfect feel aaithu,5,good,kannada
omelette tinda mele waste piece,1,bad,kannada
kachori try karo bahut tasty hai,4,good,hindi
chai is straight mid,1,bad,english
mess chana dal lowkey mid,2,bad,english
rasgulla hits different slaps,5,good,english
bruh the dhokla was fire,5,good,english
mess dhokla lowkey not it,1,bad,english
bhel puri tini tarvata eat cheyaleka,3,bad,telugu
bhai aloo paratha daab aa gayi hai,5,good,punjabi
rasgulla khake paisa barbaad feel,1,bad,hindi
mess jalebi khali waste,1,bad,telugu
mess da bhajji ghatiya si,1,bad,punjabi
bhai seriously momos zahar,1,bad,punjabi
mess vada pav is top tier,5,good,english
vada pav tini tarvata eat cheyaleka,2,bad,telugu
yo bhel puri was straight up lit,4,good,english
bro sandwich superb ga undi,5,good,telugu
pakoda na khao hai yaar,3,bad,punjabi
pulao disgusting undi bro,1,bad,telugu
toast skip maadi ella illa,1,bad,kannada
mess mein kachori perfect tha tha,5,good,hindi
maggi taste leka undi bro,1,bad,telugu
moong dal try karo lajawab si,4,good,punjabi
mess pizza is top tier,4,good,english
puttu khake bohot kharab feel,1,bad,hindi
gulab jamun try madi perfect,5,good,kannada
jalebi mat khao ulti aa gayi hai,2,bad,hindi
bhai tadka dal kamaal hai,5,good,punjabi
noodles try karo ekdum zabardast hai,4,good,hindi
bro the pizza was legendary,5,good,english
toast tinda mele nalla aithu feel aaithu,5,good,kannada
yaar sandwich ekdum lajawab si si,5,good,punjabi
manchurian khake zahar feel,1,bad,punjabi
gulab jamun try karo daab aa gayi,5,good,punjabi
mess ka gulab jamun khana hi nahi,3,bad,hindi
mess ch rasgulla kamaal si,5,good,punjabi
maggi is straight disgusting af,3,bad,english
seriously pasta khali waste,1,bad,telugu
mess lo scrambled egg tasty ga undi undi,4,good,telugu
pasta tini tarvata khali waste,1,bad,telugu
mess bonda lowkey trash,3,bad,english
halwa khake taste zero feel,2,bad,punjabi
bhajji bewakoof banaya hai bhai,1,bad,hindi
mess lo chai baga tasty undi,4,good,telugu
poori try karo solid taste,5,good,punjabi
bro boiled egg was straight garbage,1,bad,english
yaar pongal to ekdum full mast,5,good,hindi
mess ka scrambled egg bilkul ghatiya,2,bad,hindi
bhai kesari lajawab,5,good,hindi
seriously pulao mood off,1,bad,telugu
seriously uppit eat cheyaleka,3,bad,telugu
full halwa yummy bro,5,good,kannada
mess mein pulao kamaal ka tha,4,good,hindi
scrambled egg khake full mast feel hoya,5,good,punjabi
bhai burger maja aa gaya full,5,good,hindi
bhai lassi kamaal hai,5,good,punjabi
halwa is straight disgusting af,1,bad,english
bhai seriously vada pav taste zero,2,bad,punjabi
coffee mood kharab ho gayi hai yaar,2,bad,punjabi
samosa khake lajawab si feel hoya,4,good,punjabi
bhai sach mein lassi bewakoof banaya,1,bad,hindi
mess mein appam perfect tha tha,5,good,hindi
coffee bilkul ghatiya hai bhai,1,bad,hindi
mess ka lassi paisa barbaad,2,bad,hindi
appam khake regret feel,2,bad,hindi
mess gobi paratha full bekagilla,1,bad,kannada
mess da chana dal ghatiya si,2,bad,punjabi
mess uppit lowkey mid,2,bad,english
halwa mood kharab ho gayi hai yaar,2,bad,punjabi
ninna poori tinte perfect ga undi anipinchindi,5,good,telugu
mess pongal is lit,5,good,english
sheera khake bilkul ghatiya feel,1,bad,hindi
halwa khake kamaal ka feel aaya,5,good,hindi
bro bhel puri full enjoy,5,good,telugu
tried aloo paratha and it was bussin,5,good,english
vada pav tini tarvata feel mast undi,5,good,telugu
pakoda regret hai bhai,1,bad,hindi
rasgulla paisa barbaad hai bhai,1,bad,hindi
mess sandwich lowkey L food,1,bad,english
bhel puri regret ho reha h yaar,2,bad,punjabi
yaar rasgulla to ekdum perfect tha,5,good,hindi
mess pakoda full disgusting aithu,2,bad,kannada
bhai sach mein pongal ulti aa gayi,2,bad,hindi
tried bajji regret ruined my day,1,bad,english
mess da omelette regret ho reha,1,bad,punjabi
momos bohot kharab hai bhai,1,bad,hindi
bro cutlet super aithu aithu,4,good,kannada
fried rice tinda mele ella illa,2,bad,kannada
chana dal tini tarvata mood off,2,bad,telugu
bro manchurian mast undi,4,good,telugu
medu vada tinda mele kemp agide,1,bad,kannada
momos disgusting undi bro,2,bad,telugu
chai hits different crazy good,5,good,english
seriously bro toast mood spoil,1,bad,kannada
bro dal fry perfect aithu,5,good,kannada
fried rice mat khao bohot kharab hai,2,bad,hindi
tried toor dal and it was slaps,4,good,english
tadka dal try madi nalla aithu,5,good,kannada
medu vada waste piece guru,1,bad,kannada
full bhajji full sakkath bro,4,good,kannada
nah lassi is ruined my day,1,bad,english
toor dal hits different crazy good,5,good,english
manchurian khake lajawab feel aaya,5,good,hindi
toast hits different bussin,4,good,english
chana dal tini tarvata feel perfect ga undi,4,good,telugu
pasta try karo perfect tha hai,5,good,hindi
chai try chesthe manchi,4,good,telugu
lassi ghatiya si hai yaar,1,bad,punjabi
bro bajji perfect ga undi,4,good,telugu
appam khake regret feel,1,bad,hindi
bhai jalebi ekdum perfect hai,4,good,punjabi
bonda mat khao bewakoof banaya hai,3,bad,hindi
chana dal bohot kharab hai bhai,2,bad,hindi
cutlet mat khao bewakoof banaya hai,2,bad,hindi
pongal hits different no cap good,5,good,english
cutlet kemp agide guru,1,bad,kannada
chana dal mat khao bewakoof banaya hai,1,bad,hindi
mess ka pulao ulti aa gayi,1,bad,hindi
mess chai is absolutely fire,5,good,english
bhel puri hits different bussin,5,good,english
mess medu vada full waste piece,1,bad,kannada
medu vada disgusting aithu guru,2,bad,kannada
lassi khake faltu feel,2,bad,punjabi
tried jalebi regret trash,1,bad,english
yaar momos to ekdum ekdum zabardast,4,good,hindi
mess da bhajji faltu,1,bad,punjabi
pulao tini tarvata feel mast undi,5,good,telugu
full halwa perfect bro,4,good,kannada
mess appam is crazy good,5,good,english
boiled egg mat khao bewakoof banaya h,3,bad,hindi
pongal tinda mele yummy feel aaithu,5,good,kannada
seriously masoor dal eat cheyaleka,2,bad,telugu
bro puttu super aithu aithu,4,good,kannada
burger khake ghatiya si feel,2,bad,punjabi
gulab jamun mat khao bohot kharab h,2,bad,hindi
sheera khake faltu feel,3,bad,punjabi
bhai sheera zabardast si hai,4,good,punjabi
mess dal fry lowkey mid,1,bad,english
bro aloo paratha manchi,5,good,telugu
yo tadka dal was straight up absolutely fire,5,good,english
halwa tinda mele tasty bandu feel aaithu,5,good,kannada
mess alli pav bhaji full sakkath,4,good,kannada
scrambled egg khake maja aa gaya full feel aaya,4,good,hindi
mess bonda mood off,2,bad,telugu
bhajji mat khao bilkul ghatiya hai,1,bad,hindi
mess ch fried rice zabardast si si,4,good,punjabi
uppit is straight disgusting af,1,bad,english
burger hits different fire,5,good,english
pav bhaji skip karo regret ho reha hai,1,bad,punjabi
yaar gobi paratha to ekdum full mast,5,good,hindi
yaar vada pav ekdum kamaal si,4,good,punjabi
puttu is straight disgusting af,1,bad,english
tried pakoda regret not it,1,bad,english
manchurian khake faltu feel,2,bad,punjabi
mess vada pav is fire,5,good,english
fried rice eat cheyaleka undi bro,2,bad,telugu
dhokla khake paiza barbaad feel,1,bad,hindi
bh sach mein poori ulti aa gayi,1,bad,hindi
mess da pulao ghatiya si,1,bad,punjabi
rasgulla khake lajawab feel aaya,4,good,hindi
mess ka manchurian bohot kharab,1,bad,hindi
cutlet try madi yummy,5,good,kannada
tried pongal and it was crazy good,4,good,english
gulab jamun skip maadi bekagilla,3,bad,kannada
bruh da cutlet was fire,4,good,english
mess gobi paratha full taste illa bruh,1,bad,kannada
seriously chai baledu bro,1,bad,telugu
pongal skip karo mood kharab ho gayi hai,1,bad,punjabi
bhai rasgulla zabardast si hai,4,good,punjabi
bro uppit mast undi,4,good,telugu
yo toor dal was straight up absolutely fire,4,good,english
bro the pulao was crazy good,5,good,english
nah bajji is disgusting af,1,bad,english
bhai bhel puri maja aa gaya full,4,good,hindi
bhai puttu perfect tha,5,good,hindi
mess da noodles na khao,1,bad,punjabi
toast tinda mele mood spoil,2,bad,kannada
jalebi try karo ekdum perfect,5,good,punjabi
chana dal mat khao bohot kharab hai,1,bad,hindi
tried bhel puri and it was top tier,5,good,english
mess halwa full taste illa bro,1,bad,kannada
mess lo gulab jamun superb ga undi undi,5,good,telugu
tried vada pav regret mid,1,bad,english
bro the manchurian was top tier,4,good,english
pulao tinda mele ella illa,1,bad,kannada
pakoda tini tarvata mood off,1,bad,telugu
bhai soup daab aa gayi hai,5,good,punjabi
bro the omelette was absolutely fire,5,good,english
seriously uppit eat cheyaleka,1,bad,telugu
bhajji khake regret feel,1,bad,hindi
mess lo masoor dal mast undi undi,5,good,telugu
yaar burger ekdum kamaal si,5,good,punjabi
chana dal try karo kamaal ka hai,4,good,hindi
pakoda tini tarvata feel superb ga undi,5,good,telugu
mess lo uppit manchi undi,5,good,telugu
puttu try cheyakandi taste leka,1,bad,telugu
bro vada pav perfect ga undi,4,good,telugu
boiled egg mat khao regret hai,2,bad,hindi
mess rasgulla lowkey ruined my day,2,bad,english
bhai sach mein omelette regret,1,bad,hindi
gulab jamun is straight trash,1,bad,english
toor dal tini tarvata feel superb ga undi,4,good,telugu
chana dal try karo lajawab si,4,good,punjabi
coffee try chesthe baga tasty,5,good,telugu
ninna tadka dal tinte superb ga undi anipinchindi,5,good,telugu
mess lo bhajji full enjoy undi,4,good,telugu
bro the momos was fire,5,good,english
nah pongal is trash,3,bad,english
full vada pav maja bandide bro,4,good,kannada
mess rasgulla is top tier,5,good,english
mess tadka dal full mood spoil,1,bad,kannada
yo dhokla was straight up slaps,5,good,english
bhai sach mein dhokla bohot kharab,1,bad,hindi
yaar tadka dal to ekdum perfect tha,5,good,hindi
pizza tini tarvata feel manchi,5,good,telugu
mess ka dal fry khana hi nahi,2,bad,hindi
pulao khana hi nahi hai bhai,2,bad,hindi
mess mein gulab jamun maja aa gaya full tha,5,good,hindi
nah dhokla is ruined my day,1,bad,english
yaar uppit to ekdum kamaal ka,4,good,hindi
pulao try chesthe full enjoy,5,good,telugu
tried maggi regret zero stars,2,bad,english
pav bhaji tinda mele maja bandide feel aaithu,4,good,kannada
rasgulla try cheyakandi dizgusting,3,bad,telugu
pizza faltu hai yaar,1,bad,punjabi
tried pav bhaji and it was fire,5,good,english
mess ch pulao full mast si,4,good,punjabi
noodles tinda mele ella illa,1,bad,kannada
ch tinda mele disgusting aithu,2,bad,kannada
tried maggi and it was crazy good,5,good,english
fried rice try karo kamaal ka hai,5,good,hindi
kesari tini tarvata khali waste,1,bad,telugu
bhai cutlet ekdum zabardast,5,good,hindi
seriously bro maggi bekagilla,2,bad,kannada
bhel puri hits different slaps,4,good,english
maggi khake perfect tha feel aaya,5,good,hindi
momos tini tarvata feel perfect ga undi,5,good,telugu
coffee pani pattadu undi bro,1,bad,telugu
bro puttu manchi,5,good,telugu
jalebi is straight disgusting af,2,bad,english
pakoda try karo maja aa gaya full hai,4,good,hindi
bhai seriously pav bhaji ghatiya si,2,bad,punjabi
nah masoor dal is ruined my day,2,bad,english
bhai bajji lajawab si hai,5,good,punjabi
bonda try cheyakandi taste leka,2,bad,telugu
jalebi mood spoil guru,1,bad,kannada
toor dal khake zabardast si feel hoya,5,good,punjabi
dhokla try cheyakandi taste leka,1,bad,telugu
bonda pani pattadu undi bruh,2,bad,telugu
poori tinda mele tasty bandu feel aaithu,4,good,kannada
mess da tadka dal faltu,1,bad,punjabi
omelette tinda mele perfect feel aaithu,5,good,kannada
seriously vada pav pani pattadu,2,bad,telugu
vada pav khake ulti aa gayi feel,2,bad,hindi
yo poori was straight up legendary,4,good,english
full masoor dal full sakkath bro,5,good,kannada
toast try madi super aithu,5,good,kannada
momos bewakoof banaya hai bhai,3,bad,hindi
bro sheera perfect aithu,5,good,kannada
bhai sach mein dhokla bohot kharab,1,bad,hindi
mess da pasta taste zero,2,bad,punjabi
mess scrambled egg full disgusting aithu,2,bad,kannada
mess ch sheera kamaal si,5,good,punjabi
bhai sheera kamaal hai,5,good,punjabi
yaar tadka dal ekdum lajawab si si,5,good,punjabi
burger tinda mele taste illa bro,1,bad,kannada
sheera try madi yummy,5,good,kannada
mess alli toor dal tasty bandu,4,good,kannada
boiled egg taste zero h yaar,3,bad,punjabi
mess pongal full taste illa bro,2,bad,kannada
pongal khake bahut tasty feel aaya,5,good,hindi
bhai chana dal perfect tha,5,good,hindi
mess da coffee mood kharab ho gayi,3,bad,punjabi
kesari tini tarvata feel perfect ga undi,5,good,telugu
mess pongal mood off,1,bad,telugu
scrambled egg tini tarvata feel baga tasty,5,good,telugu
bhai sach mein manchurian regret,1,bad,hindi
aloo paratha khake bilkul ghatiya feel,1,bad,hindi
mess alli scrambled egg super aithu,5,good,kannada
dhokla try karo daab aa gayi,4,good,punjabi
omelette tinda mele ella illa,2,bad,kannada
samosa try karo maja aa gaya full hai,5,good,hindi
toor dal khake ekdum zabardast feel aaya,5,good,hindi
pizza tinda mele disgusting aithu,1,bad,kannada
bhel puri khake bohot kharab feel,1,bad,hindi
tried bhajji regret straight garbage,2,bad,english
bro maggi was zero stars,1,bad,english
coffee skip karo ghatiya si hai,2,bad,punjabi
ninna poori tinte mast undi anipinchindi,5,good,telugu
ninna tadka dal tinte perfect ga undi anipinchindi,4,good,telugu
mess fried rice is slaps,4,good,english
full scrambled egg perfect bro,5,good,kannada
bhai soup solid taste hai,4,good,punjabi
mess alli dhokla super aithu,5,good,kannada
pakoda hits different top tier,5,good,english
bro momos perfect aithu,5,good,kannada
ninna toast tinte tasty ga undi anipinchindi,4,good,telugu
bhajji try madi yummy,5,good,kannada
mess chai is slaps,4,good,english
pizza khake faltu feel,2,bad,punjabi
pasta try madi super aithu,5,good,kannada
full kesari perfect bro,5,good,kannada
cutlet skip maadi disgusting aithu,2,bad,kannada
mess alli kesari full sakkath,5,good,kannada
lassi khali waste undi bro,1,bad,telugu
pakoda mat khao paisa barbaad hai,2,bad,hindi
mess pongal lowkey disgusting af,2,bad,english
bro the appam was absolutely fire,5,good,english
sheera skip karo mood kharab ho gayi hai,1,bad,punjabi
mess ka pasta paiza barbaad,1,bad,hindi
pav bhaji khake solid taste feel hoya,5,good,punjabi
bhai sach mein coffee khana hi nahi,1,bad,hindi
mess pav bhaji full ella illa,1,bad,kannada
mess da medu vada na khao,1,bad,punjabi
jalebi tinda mele mood spoil,2,bad,kannada
mess fried rice full mood spoil,2,bad,kannada
yaar dal fry ekdum solid taste si,5,good,punjabi
seriously halwa disgusting,3,bad,telugu
omelette try chesda mast undi,5,good,telugu
pizza try karo zabardast si,5,good,punjabi
seriously bro pasta ella illa,2,bad,kannada
mess soup mood off,1,bad,telugu
bhai seriously jalebi na khao,3,bad,punjabi
bro bhajji maja bandide aithu,5,good,kannada
fried rice skip karo taste zero hai,2,bad,punjabi
mess rasgulla pani pattadu,1,bad,telugu
dal fry try karo ekdum zabardast hai,4,good,hindi
mess toor dal full mood spoil,2,bad,kannada
mess mein bajji maja aa gaya full tha,5,good,hindi
mess bhajji is crazy good,4,good,english
bro pakoda perfect ga undi,4,good,telugu
halwa khake taste zero feel,1,bad,punjabi
full sandwich yummy bro,4,good,kannada
bajji skip karo regret ho reha hai,2,bad,punjabi
mess appam lowkey L food,1,bad,english
mess alli halwa yummy,4,good,kannada
samosa try karo lajawab hai,4,good,hindi
bro medu vada was mid,1,bad,english
mess ch maggi kamaal si,5,good,punjabi
yaar noodles ekdum full mast si,5,good,punjabi
mess ch sheera kamaal si,4,good,punjabi
coffee tinda mele mood spoil,2,bad,kannada
bro pulao was not it,1,bad,english
yaar chana dal to ekdum lajawab,5,good,hindi
soup ghatiya si hai yaar,1,bad,punjabi
soup bilkul ghatiya hai bhai,2,bad,hindi
pongal try cheyakandi mood off,1,bad,telugu
bro bonda nalla aithu aithu,4,good,kannada
appam zahar hai yaar,2,bad,punjabi
mess fried rice full taste illa bro,1,bad,kannada
pasta try chesthe superb ga undi,5,good,telugu
nah chana dal is ruined my day,1,bad,english
bhai sach mein pongal ulti aa gayi,1,bad,hindi
gulab jamun try karo daab aa gayi,4,good,punjabi
bhajji dizgusting aithu guru,3,bad,kannada
seriously bro jalebi ella illa,1,bad,kannada
bruh soup was L food,2,bad,english
bhai sach mein kachori bohot kharab,1,bad,hindi
kesari skip maadi mood spoil,2,bad,kannada
mess ch uppit daab aa gayi si,4,good,punjabi
seriously coffee khali waste,2,bad,telugu
mess ch samosa ekdum perfect si,4,good,punjabi
mess ch soup lajawab si si,4,good,punjabi
mess lo kesari full enjoy undi,5,good,telugu
poori try cheyakandi pani pattadu,1,bad,telugu
pulao try karo ekdum zabardast h,4,good,hindi
pongal skip maadi mood spoil,1,bad,kannada
bro bajji was trash,1,bad,english
yaar coffee ekdum solid taste si,5,good,punjabi
bruh da chana dal was no cap good,4,good,english
yaar jalebi to ekdum bahut tasty,5,good,hindi
masoor dal na khao hai yaar,1,bad,punjabi
ninna bonda tinte mast undi anipinchindi,5,good,telugu
burger try karo full mast hai,4,good,hindi
yaar bhajji ekdum solid taste si,4,good,punjabi
burger regret ho reha hai yaar,3,bad,punjabi
yo bhel puri was straight up top tier,5,good,english
bro the toast was fire,4,good,english
bhai seriously cutlet zahar,1,bad,punjabi
yaar maggi ekdum full mast si,5,good,punjabi
mess toast lowkey ruined my day,1,bad,english
full pakoda tasty bandu bro,4,good,kannada
masoor dal tini tarvata baledu bro,2,bad,telugu
samosa try karo maja aa gaya full hai,5,good,hindi
mess alli boiled egg maja bandide,4,good,kannada
fried rice taste leka undi bro,1,bad,telugu
mess lo scrambled egg tasty ga undi undi,4,good,telugu
pav bhaji tini tarvata feel superb ga undi,5,good,telugu
mess gulab jamun lowkey straight garbage,1,bad,english
bhajji mat khao paisa barbaad hai,2,bad,hindi
seriously rasgulla pani pattadu,1,bad,telugu
medu vada zahar hai yaar,2,bad,punjabi
bro da manchurian was lit,5,good,english
uppit try karo lajawab hai,5,good,hindi
manchurian tini tarvata feel tasty ga undi,4,good,telugu
seriously bruh pongal waste piece,1,bad,kannada
vada pav skip maadi taste illa bruh,1,bad,kannada
chai try chesthe full enjoy,4,good,telugu
chana dal is straight straight garbage,2,bad,english
mess momos is fire,4,good,english
poori khake lajawab feel aaya,4,good,hindi
bhai seriously appam regret ho reha,1,bad,punjabi
mess ka cutlet khana hi nahi,3,bad,hindi
pulao tinda mele perfect feel aaithu,4,good,kannada
bhai medu vada daab aa gayi hai,5,good,punjabi
mess mein dhokla ekdum zabardast tha,5,good,hindi
pakoda khake zabardast si feel hoya,5,good,punjabi
mess pakoda lowkey not it,2,bad,english
toast hits different legendary,5,good,english
dhokla is straight straight garbage,2,bad,english
ch try madi nalla aithu,4,good,kannada
bro the pizza was lit,5,good,english
bro appam super aithu aithu,5,good,kannada
maggi try madi maja bandide,5,good,kannada
yaar pizza to ekdum kamaal ka,5,good,hindi
uppit baledu bruh undi bruh,2,bad,telugu
yaar burger to ekdum kamaal ka,5,good,hindi
manchurian try karo daab aa gayi,4,good,punjabi
dhokla khake ghatiya si feel,1,bad,punjabi
tried coffee regret zero stars,1,bad,english
yo momos was straight up top tier,5,good,english
mess pakoda is legendary,5,good,english
appam khake bohot kharab feel,1,bad,hindi
mess da moong dal zahar,1,bad,punjabi
tried aloo paratha regret not it,1,bad,english
bro dhokla was disgusting af,2,bad,english
halwa hits different absolutely fire,5,good,english
yo chai was straight up absolutely fire,5,good,english
gobi paratha mat khao ulti aa gayi hai,2,bad,hindi
bhai toast kamaal hai,5,good,punjabi
boiled egg tinda mele full sakkath feel aaithu,4,good,kannada
scrambled egg khake bewakoof banaya feel,1,bad,hindi
mess da uppit zahar,2,bad,punjabi
pulao faltu hai yaar,1,bad,punjabi
mess coffee lowkey L food,1,bad,english
bhai appam kamaal ka,5,good,hindi
bhai poori perfect tha,5,good,hindi
dhokla try madi nalla aithu,5,good,kannada
bro bhel puri perfect ga undi,5,good,telugu
bro the momos was top tier,5,good,english
samosa skip maadi disgusting aithu,1,bad,kannada
bhai vada pav full mast hai,5,good,punjabi
mess vada pav eat cheyaleka,1,bad,telugu
full pakoda tasty bandu bro,5,good,kannada
bonda hits different lit,4,good,english
soup try karo kamaal,5,good,punjabi
bro moong dal manchi,4,good,telugu
mess scrambled egg lowkey trash,2,bad,english
pizza bekagilla guru,1,bad,kannada
full toor dal yummy bro,5,good,kannada
tadka dal try madi tasty bandu,5,good,kannada
mess soup taste leka,1,bad,telugu
bhai aloo paratha lajawab,5,good,hindi
pav bhaji baledu bro undi bro,1,bad,telugu
mess ch aloo paratha full mast si,5,good,punjabi
seriously noodles khali waste,2,bad,telugu
noodles try karo ekdum zabardast hai,5,good,hindi
tried dhokla and it was legendary,5,good,english
cutlet try karo bahut tasty hai,5,good,hindi
full omelette full sakkath bro,5,good,kannada
ninna toast tinte full enjoy anipinchindi,5,good,telugu
mess pongal baledu bro,2,bad,telugu
bro masoor dal tasty ga undi,5,good,telugu
chana dal tini tarvata mood off,1,bad,telugu
mess mein masoor dal ekdum zabardast tha,5,good,hindi
mess samosa full bekagilla,2,bad,kannada
mess ka coffee khana hi nahi,1,bad,hindi
mess alli cutlet perfect,4,good,kannada
bhel puri try karo perfect tha hai,5,good,hindi
ninna pongal tinte full enjoy anipinchindi,5,good,telugu
masoor dal mat khao bohot kharab hai,2,bad,hindi
kachori mat khao regret hai,1,bad,hindi
nah noodles is not it,1,bad,english
mess lo pasta full enjoy undi,5,good,telugu
scrambled egg try karo kamaal,5,good,punjabi
tadka dal tinda mele taste illa bro,1,bad,kannada
tried momos and it was no cap good,5,good,english
pongal bohot kharab hai bhai,1,bad,hindi
masoor dal skip maadi bekagilla,1,bad,kannada
momos try karo ekdum perfect,4,good,punjabi
yaar gulab jamun ekdum daab aa gayi si,4,good,punjabi
sandwich is straight mid,2,bad,english
mess lassi pani pattadu,1,bad,telugu
mess mein sandwich full mast tha,5,good,hindi
mess boiled egg lowkey mid,1,bad,english
nah poori iz l food,1,bad,english
nah coffee is straight garbage,1,bad,english
mess ka aloo paratha khana hi nahi,1,bad,hindi
pasta khake regret feel,2,bad,hindi
cutlet bilkul ghatiya hai bhai,1,bad,hindi
mess lo sheera superb ga undi undi,5,good,telugu
bhai sach mein sheera paisa barbaad,3,bad,hindi
yaar dal fry ekdum daab aa gayi si,5,good,punjabi
nah dhokla is mid,1,bad,english
yo dal fry was straight up slaps,5,good,english
pulao skip maadi mood spoil,1,bad,kannada
mess da puttu regret ho reha,1,bad,punjabi
mess lo cutlet superb ga undi undi,4,good,telugu
sandwich mat khao regret hai,1,bad,hindi
ninna uppit tinte perfect ga undi anipinchindi,5,good,telugu
bhai seriously vada pav taste zero,3,bad,punjabi
mess lo cutlet full enjoy undi,4,good,telugu
jalebi waste piece guru,1,bad,kannada
pasta khake kamaal feel hoya,5,good,punjabi
pizza is straight not it,1,bad,english
bro pakoda perfect ga undi,4,good,telugu
bhai pasta maja aa gaya full,5,good,hindi
vada pav kemp agide guru,1,bad,kannada
medu vada try chesthe mast undi,4,good,telugu
mess lo sandwich baga tasty undi,5,good,telugu
bro the halwa was top tier,5,good,english
boiled egg khake kamaal feel hoya,5,good,punjabi
coffee skip maadi kemp agide,3,bad,kannada
mess jalebi is top tier,4,good,english
mess alli maggi yummy,4,good,kannada
mess da kachori mood kharab ho gayi,1,bad,punjabi
yaar boiled egg ekdum kamaal si,5,good,punjabi
bro the rasgulla was absolutely fire,5,good,english
seriously lassi mood off,3,bad,telugu
samosa ghatiya si hai yaar,1,bad,punjabi
rasgulla hits different bussin,5,good,english
mess pakoda lowkey disgusting af,1,bad,english
fried rice skip karo zahar hai,1,bad,punjabi
pizza try karo daab aa gayi,5,good,punjabi
seriously bhajji baledu bro,2,bad,telugu
dal fry khake perfect tha feel aaya,5,good,hindi
fried rice tinda mele full sakkath feel aaithu,4,good,kannada
pizza taste illa bro guru,3,bad,kannada
bhajji khake taste zero feel,1,bad,punjabi
full cutlet tasty bandu bro,5,good,kannada
nah vada pav is straight garbage,1,bad,english
bro kesari full enjoy,5,good,telugu
mess lo tadka dal superb ga undi undi,5,good,telugu
poori khake lajawab feel aaya,5,good,hindi
cutlet hits different fire,4,good,english
bhel puri try cheyakandi baledu bro,2,bad,telugu
mess appam lowkey straight garbage,1,bad,english
tried bonda regret mid,1,bad,english
soup try karo perfect tha hai,4,good,hindi
noodles skip maadi bekagilla,1,bad,kannada
mess poori lowkey disgusting af,1,bad,english
bhai sach mein burger bohot kharab,2,bad,hindi
halwa tini tarvata mood off,1,bad,telugu
medu vada khake ghatiya si feel,1,bad,punjabi
bhel puri khake khana hi nahi feel,1,bad,hindi
mess alli appam tasty bandu,5,good,kannada
mess da pav bhaji zahar,2,bad,punjabi
nah medu vada is L food,2,bad,english
mess momos disgusting,1,bad,telugu
omelette skip maadi mood spoil,2,bad,kannada
bhai masoor dal ekdum perfect hai,5,good,punjabi
mess ka bhel puri bewakoof banaya,2,bad,hindi
puttu try madi perfect,5,good,kannada
mess pasta is legendary,5,good,english
nah bajji is l food,1,bad,english
mess cutlet full mood spoil,2,bad,kannada
bhajji mat khao khana hi nahi hai,1,bad,hindi
rasgulla bewakoof banaya h bh,2,bad,hindi
scrambled egg try madi tasty bandu,4,good,kannada
aloo paratha try madi full sakkath,4,good,kannada
dal fry try karo ekdum perfect,5,good,punjabi
toor dal tinda mele waste piece,1,bad,kannada
bhai pizza bahut tasty,5,good,hindi
mess ch bhel puri solid taste si,4,good,punjabi
mess jalebi pani pattadu,2,bad,telugu
tried chana dal and it was absolutely fire,4,good,english
appam tinda mele kemp agide,1,bad,kannada
bhai seriously manchurian faltu,3,bad,punjabi
burger try chesthe mast undi,5,good,telugu
mess alli bhajji super aithu,5,good,kannada
mess mein burger bahut tasty tha,4,good,hindi
soup try karo full mast hai,5,good,hindi
mess da kesari faltu,1,bad,punjabi
mess da gulab jamun faltu,1,bad,punjabi
yaar burger to ekdum lajawab,4,good,hindi
pulao khake faltu feel,1,bad,punjabi
seriously dal fry eat cheyaleka,2,bad,telugu
ninna coffee tinte tasty ga undi anipinchindi,5,good,telugu
bro the manchurian was bussin,4,good,english
burger khake bilkul ghatiya feel,1,bad,hindi
bhai burger kamaal hai,4,good,punjabi
mess rasgulla pani pattadu,2,bad,telugu
mess bajji is legendary,5,good,english
gobi paratha is straight not it,1,bad,english
jalebi khali waste undi bro,2,bad,telugu
mess alli manchurian super aithu,5,good,kannada
yaar sheera ekdum lajawab si si,5,good,punjabi
omelette khake bahut tasty feel aaya,5,good,hindi
medu vada khake na khao feel,2,bad,punjabi
tried pulao regret zero stars,1,bad,english
mess mein sheera ekdum zabardast tha,5,good,hindi
bhai sach mein chana dal paisa barbaad,3,bad,hindi
bhai lassi daab aa gayi hai,5,good,punjabi
aloo paratha skip karo zahar hai,1,bad,punjabi
mess vada pav lowkey trash,1,bad,english
noodles try karo maja aa gaya full hai,4,good,hindi
kachori try karo full mast hai,5,good,hindi
bhai sach mein bajji khana hi nahi,2,bad,hindi
noodles skip karo regret ho reha hai,1,bad,punjabi
bhai rasgulla lajawab,5,good,hindi
aloo paratha hits different top tier,4,good,english
noodles try karo zabardast si,4,good,punjabi
pasta try cheyakandi mood off,1,bad,telugu
mess lo cutlet manchi undi,5,good,telugu
coffee mat khao bilkul ghatiya hai,2,bad,hindi
coffee tini tarvata feel superb ga undi,4,good,telugu
mess chana dal is legendary,5,good,english
medu vada khake kamaal feel hoya,4,good,punjabi
seriously bro jalebi mood spoil,1,bad,kannada
yaar maggi to ekdum perfect tha,5,good,hindi
mess ch gulab jamun solid taste si,4,good,punjabi
bro soup nalla aithu aithu,5,good,kannada
appam tinda mele waste piece,2,bad,kannada
mess gobi paratha taste leka,1,bad,telugu
nah coffee is disgusting af,1,bad,english
samosa hits different slaps,5,good,english
bajji paisa barbaad hai bhai,1,bad,hindi
mess ch kesari lajawab si si,5,good,punjabi
mess masoor dal full mood spoil,2,bad,kannada
gobi paratha try madi super aithu,5,good,kannada
bhel puri mood spoil guru,1,bad,kannada
ninna puttu tinte baga tasty anipinchindi,4,good,telugu
mess gobi paratha lowkey ruined my day,3,bad,english
toor dal khake full mast feel aaya,5,good,hindi
chana dal hits different fire,4,good,english
mess pav bhaji taste leka,1,bad,telugu
yaar sheera to ekdum bahut tasty,5,good,hindi
jalebi ulti aa gayi hai bhai,1,bad,hindi
yaar dal fry to ekdum perfect tha,5,good,hindi
samosa mat khao bilkul ghatiya hai,1,bad,hindi
pasta try chesthe manchi,5,good,telugu
burger tini tarvata mood off,1,bad,telugu
ninna manchurian tinte full enjoy anipinchindi,4,good,telugu
uppit mat khao khana hi nahi h,1,bad,hindi
mess ch aloo paratha ekdum perfect si,5,good,punjabi
tried pongal and it was fire,5,good,english
chai try karo maja aa gaya full hai,5,good,hindi
boiled egg taste illa bro guru,2,bad,kannada
coffee try karo zabardast si,4,good,punjabi
pongal khake ekdum perfect feel hoya,5,good,punjabi
coffee try karo kamaal ka hai,5,good,hindi
jalebi tinda mele taste illa bro,2,bad,kannada
yaar puttu to ekdum maja aa gaya full,5,good,hindi
moong dal is straight straight garbage,1,bad,english
seriously bro medu vada ella illa,3,bad,kannada
omelette tinda mele perfect feel aaithu,5,good,kannada
pulao mat khao bohot kharab hai,2,bad,hindi
halwa mat khao ulti aa gayi hai,1,bad,hindi
toast khake ghatiya si feel,2,bad,punjabi
bro the kachori was top tier,5,good,english
nah lassi is ruined my day,2,bad,english
mess da masoor dal taste zero,1,bad,punjabi
rasgulla try madi tasty bandu,5,good,kannada
vada pav hits different slaps,4,good,english
full omelette perfect bro,4,good,kannada
seriously bro appam bekagilla,1,bad,kannada
tried poori regret zero stars,2,bad,english
aloo paratha tinda mele waste piece,1,bad,kannada
full chana dal full sakkath bro,5,good,kannada
coffee khana hi nahi hai bhai,1,bad,hindi
ninna pulao tinte manchi anipinchindi,4,good,telugu
bh seriously appam na khao,2,bad,punjabi
seriously bonda baledu bro,1,bad,telugu
yo toast was straight up bussin,4,good,english
jalebi hits different bussin,5,good,english
pongal khake ekdum perfect feel hoya,4,good,punjabi
pav bhaji tinda mele ella illa,1,bad,kannada
mess mein sandwich lajawab tha,4,good,hindi
bro maggi full enjoy,5,good,telugu
rasgulla regret hai bhai,1,bad,hindi
noodles hits different lit,4,good,english
tried toast regret not it,1,bad,english
bro the boiled egg was absolutely fire,5,good,english
bhai sach mein pulao khana hi nahi,2,bad,hindi
medu vada hits different crazy good,5,good,english
pasta khake ekdum perfect feel hoya,5,good,punjabi
chana dal kemp agide guru,2,bad,kannada
seriously toast baledu bro,2,bad,telugu
bhai seriously dhokla faltu,2,bad,punjabi
yaar pasta to ekdum kamaal ka,5,good,hindi
seriously bro halwa disgusting aithu,1,bad,kannada
masoor dal is straight trash,1,bad,english
lassi try madi tasty bandu,5,good,kannada
momos tinda mele disgusting aithu,1,bad,kannada
mess lo bonda mast undi undi,5,good,telugu
bhel puri try karo perfect tha hai,5,good,hindi
mess bonda pani pattadu,1,bad,telugu
mess boiled egg lowkey disgusting af,1,bad,english
appam regret hai bhai,1,bad,hindi
bro the sheera was no cap good,5,good,english
tried halwa and it was fire,5,good,english
poori khake zahar feel,2,bad,punjabi
mess da bhajji na khao,2,bad,punjabi
nah bhajji is ruined my day,1,bad,english
mess mein dal fry kamaal ka tha,5,good,hindi
mess lassi is fire,5,good,english
soup khake bahut tasty feel aaya,5,good,hindi
bhai dal fry maja aa gaya full,5,good,hindi
omelette bekagilla guru,1,bad,kannada
kesari mat khao paisa barbaad hai,2,bad,hindi
mess ka jalebi bewakoof banaya,1,bad,hindi
rasgulla try madi perfect,4,good,kannada
burger kemp agide guru,1,bad,kannada
bhai boiled egg bahut tasty,4,good,hindi
chai iz straight trash,2,bad,english
tried omelette regret trash,3,bad,english
bhai vada pav kamaal ka,5,good,hindi
mess alli bajji nalla aithu,5,good,kannada
yaar kachori ekdum full mast si,5,good,punjabi
full momos full sakkath bruh,4,good,kannada
mess chana dal full waste piece,2,bad,kannada
mess alli chana dal yummy,4,good,kannada
mess alli kachori yummy,5,good,kannada
bhai pav bhaji lajawab si hai,5,good,punjabi
mess ch rasgulla ekdum perfect si,5,good,punjabi
bonda khake lajawab si feel hoya,5,good,punjabi
lassi waste piece guru,3,bad,kannada
burger skip maadi taste illa bro,2,bad,kannada
yo boiled egg was straight up crazy good,4,good,english
momos mat khao regret hai,1,bad,hindi
samosa try madi nalla aithu,5,good,kannada
manchurian tini tarvata feel full enjoy,4,good,telugu
mess ka masoor dal bohot kharab,1,bad,hindi
mess dal fry lowkey straight garbage,1,bad,english
mess vada pav full disgusting aithu,1,bad,kannada
mess ch dal fry full mast si,5,good,punjabi
medu vada khake kamaal ka feel aaya,5,good,hindi
gulab jamun mat khao bohot kharab hai,2,bad,hindi
nah boiled egg is L food,2,bad,english
mess omelette full disgusting aithu,2,bad,kannada
pizza khake lajawab si feel hoya,5,good,punjabi
gulab jamun is straight straight garbage,2,bad,english
bro the boiled egg was lit,5,good,english
nah tadka dal is ruined my day,2,bad,english
bruh scrambled egg was L food,1,bad,english
nah aloo paratha is ruined my day,2,bad,english
tried chana dal regret straight garbage,2,bad,english
seriously uppit disgusting,2,bad,telugu
bhel puri skip karo mood kharab ho gayi hai,2,bad,punjabi
jalebi khake ghatiya si feel,1,bad,punjabi
yo cutlet was straight up crazy good,5,good,english
uppit try madi tasty bandu,4,good,kannada
bro halwa baga tasty,5,good,telugu
pakoda try chesthe superb ga undi,5,good,telugu
samosa mat khao bewakoof banaya hai,2,bad,hindi
rasgulla khali waste undi bruh,1,bad,telugu
bro burger super aithu aithu,5,good,kannada
pongal try cheyakandi khali waste,2,bad,telugu
mess bonda taste leka,2,bad,telugu
sandwich tinda mele nalla aithu feel aaithu,5,good,kannada
bonda try karo zabardast si,5,good,punjabi
mess ka kesari bewakoof banaya,1,bad,hindi
tried burger regret straight garbage,2,bad,english
sandwich try karo perfect tha hai,5,good,hindi
mess ch toast zabardast si si,5,good,punjabi
sandwich skip maadi taste illa bro,1,bad,kannada
kesari khake taste zero feel,1,bad,punjabi
ninna sandwich tinte mast undi anipinchindi,4,good,telugu
gobi paratha skip maadi bekagilla,2,bad,kannada
mess lo soup tasty ga undi undi,5,good,telugu
bro the rasgulla was top tier,4,good,english
tried lassi and it was slaps,4,good,english
aloo paratha faltu hai yaar,1,bad,punjabi
seriously bro omelette bekagilla,2,bad,kannada
noodles try karo maja aa gaya full h,5,good,hindi
sheera khake bahut tasty feel aaya,4,good,hindi
mess sheera mood off,1,bad,telugu
dhokla is straight l food,1,bad,english
bro jalebi full enjoy,5,good,telugu
bhai scrambled egg full mast hai,4,good,punjabi
mess poori lowkey trash,1,bad,english
aloo paratha mat khao bohot kharab hai,2,bad,hindi
mess momos eat cheyaleka,2,bad,telugu
bhai seriously puttu taste zero,2,bad,punjabi
halwa tini tarvata mood off,1,bad,telugu
mess halwa full bekagilla,3,bad,kannada
pongal try karo lajawab hai,5,good,hindi
bro jalebi was zero stars,2,bad,english
gulab jamun khake full mast feel hoya,4,good,punjabi
pasta mat khao paisa barbaad hai,1,bad,hindi
bh halwa bahut tasty,5,good,hindi
medu vada tinda mele mood spoil,1,bad,kannada
mess puttu mood off,1,bad,telugu
bhai gulab jamun kamaal hai,5,good,punjabi
bhai pasta perfect tha,4,good,hindi
noodles khana hi nahi h bh,1,bad,hindi
mess da tadka dal ghatiya si,2,bad,punjabi
kachori tinda mele perfect feel aaithu,4,good,kannada
soup skip karo regret ho reha hai,2,bad,punjabi
bro omelette mast undi,5,good,telugu
puttu try karo bahut tasty hai,4,good,hindi
mess ka burger khana hi nahi,1,bad,hindi
appam skip karo ghatiya si hai,1,bad,punjabi
mess sheera lowkey ruined my day,1,bad,english
gobi paratha khake ulti aa gayi feel,2,bad,hindi
yaar coffee to ekdum perfect tha,4,good,hindi
boiled egg is straight disgusting af,1,bad,english
mess uppit lowkey ruined my day,1,bad,english
bro jalebi nalla aithu aithu,5,good,kannada
sheera hits different lit,5,good,english
ninna bhajji tinte mast undi anipinchindi,5,good,telugu
bro pizza superb ga undi,5,good,telugu
nah pav bhaji is disgusting af,2,bad,english
mess fried rice full ella illa,2,bad,kannada
yaar uppit ekdum ekdum perfect si,4,good,punjabi
bro fried rice perfect aithu,5,good,kannada
bh sach mein pasta bohot kharab,2,bad,hindi
manchurian skip karo na khao hai,1,bad,punjabi
burger mat khao bewakoof banaya hai,2,bad,hindi
manchurian is straight straight garbage,1,bad,english
gulab jamun try cheyakandi mood off,2,bad,telugu
dal fry skip maadi taste illa bro,1,bad,kannada
pulao try karo perfect tha hai,5,good,hindi
nah halwa is not it,2,bad,english
gobi paratha skip karo taste zero h,2,bad,punjabi
mess da manchurian na khao,1,bad,punjabi
mess pakoda lowkey disgusting af,2,bad,english
mess pakoda full waste piece,1,bad,kannada
omelette tinda mele disgusting aithu,2,bad,kannada
seriously bro chana dal bekagilla,2,bad,kannada
mess bajji mood off,2,bad,telugu
omelette mat khao bilkul ghatiya hai,2,bad,hindi
bro bonda was zero stars,2,bad,english
bruh da omelette was absolutely fire,5,good,english
scrambled egg disgusting aithu guru,1,bad,kannada
full tadka dal tasty bandu bro,4,good,kannada
yaar kachori to ekdum kamaal ka,5,good,hindi
mess ka jalebi ulti aa gayi,1,bad,hindi
mess mein vada pav lajawab tha,4,good,hindi
mess alli toor dal yummy,5,good,kannada
tried appam regret trash,2,bad,english
mess momos full ella illa,1,bad,kannada
soup hits different fire,4,good,english
yaar halwa ekdum daab aa gayi si,5,good,punjabi
lassi tini tarvata feel mast undi,4,good,telugu
full tadka dal nalla aithu bro,5,good,kannada
sheera tinda mele waste piece,1,bad,kannada
yaar ch to ekdum perfect tha,5,good,hindi
samosa is straight mid,2,bad,english
nah coffee is trash,2,bad,english
halwa mat khao bewakoof banaya hai,1,bad,hindi
scrambled egg tinda mele disgusting aithu,1,bad,kannada
rasgulla khake bilkul ghatiya feel,3,bad,hindi
mess alli cutlet perfect,5,good,kannada
bhai omelette lajawab si hai,5,good,punjabi
mess pizza lowkey disgusting af,2,bad,english
nah pav bhaji is not it,2,bad,english
pizza zahar hai yaar,3,bad,punjabi
mess bhel puri is top tier,5,good,english
bhai sach mein toor dal bohot kharab,2,bad,hindi
bro pakoda was trash,2,bad,english
bro pakoda was ruined my day,1,bad,english
bhai seriously masoor dal na khao,1,bad,punjabi
full samosa super aithu bro,5,good,kannada
pav bhaji tinda mele mood spoil,2,bad,kannada
bhel puri try madi super aithu,5,good,kannada
tried boiled egg regret L food,2,bad,english
mess puttu full kemp agide,1,bad,kannada
kesari try karo lajawab hai,5,good,hindi
bruh toast tasty bandu aithu,4,good,kannada
mess rasgulla full taste illa bro,3,bad,kannada
bhajji is straight L food,2,bad,english
full toast nalla aithu bro,5,good,kannada
gulab jamun khake bahut tasty feel aaya,4,good,hindi
nah bhajji is L food,1,bad,english
mess mein toast maja aa gaya full tha,5,good,hindi
yo rasgulla was straight up lit,5,good,english
nah jalebi iz L food,1,bad,english
lassi khake bewakoof banaya feel,1,bad,hindi
manchurian baledu bro undi bro,1,bad,telugu
bro the gulab jamun was top tier,5,good,english
samosa zahar hai yaar,2,bad,punjabi
bhai seriously pizza zahar,1,bad,punjabi
burger try cheyakandi pani pattadu,1,bad,telugu
bro jalebi was mid,2,bad,english
pulao try karo zabardast si,5,good,punjabi
mess toor dal lowkey mid,1,bad,english
tried medu vada regret ruined my day,1,bad,english
jalebi skip karo ghatiya si hai,1,bad,punjabi
seriously puttu mood off,2,bad,telugu
scrambled egg try chesthe mast undi,5,good,telugu
mess vada pav disgusting,2,bad,telugu
scrambled egg try cheyakandi taste leka,1,bad,telugu
bhai kesari ekdum zabardast,4,good,hindi
vada pav khake ghatiya si feel,1,bad,punjabi
sheera tini tarvata feel baga tasty,5,good,telugu
sheera try cheyakandi eat cheyaleka,2,bad,telugu
bhai manchurian daab aa gayi hai,5,good,punjabi
bhajji skip maadi waste piece,2,bad,kannada
ninna noodles tinte full enjoy anipinchindi,5,good,telugu
chai hits different slaps,5,good,english
kesari skip karo faltu hai,3,bad,punjabi
bajji khana hi nahi hai bhai,1,bad,hindi
ninna tadka dal tinte perfect ga undi anipinchindi,5,good,telugu
aloo paratha tinda mele super aithu feel aaithu,5,good,kannada
bro the soup was slaps,5,good,english
mess fried rice khali waste,1,bad,telugu
mess mein pasta full mast tha,5,good,hindi
uppit tinda mele nalla aithu feel aaithu,5,good,kannada
seriously momos khali waste,1,bad,telugu
bro gulab jamun was ruined my day,1,bad,english
bhai sach mein tadka dal bohot kharab,1,bad,hindi
mess kesari disgusting,3,bad,telugu
cutlet khake mood kharab ho gayi feel,1,bad,punjabi
yaar toast to ekdum full mast,5,good,hindi
mess sandwich lowkey not it,2,bad,english
mess pulao full ella illa,1,bad,kannada
noodles hits different fire,5,good,english
bro manchurian tasty ga undi,5,good,telugu
mess ka tadka dal ulti aa gayi,1,bad,hindi
tadka dal khake taste zero feel,1,bad,punjabi
bhajji try karo zabardast si,5,good,punjabi
bro manchurian was trash,2,bad,english
mess da maggi faltu,2,bad,punjabi
mess da manchurian na khao,2,bad,punjabi
pasta tini tarvata taste leka,1,bad,telugu
mess da boiled egg na khao,1,bad,punjabi
seriously gobi paratha pani pattadu,2,bad,telugu
coffee khake full mast feel aaya,5,good,hindi
bajji khake daab aa gayi feel hoya,5,good,punjabi
gulab jamun iz straight ruined my day,2,bad,english
pav bhaji try madi full sakkath,4,good,kannada
mess mein sandwich ekdum zabardast tha,5,good,hindi
pav bhaji is straight disgusting af,1,bad,english
mess ka toast bilkul ghatiya,1,bad,hindi
mess ch burger zabardast si si,5,good,punjabi
mess alli toast full sakkath,4,good,kannada
gulab jamun khake full mast feel hoya,4,good,punjabi
gulab jamun khake mood kharab ho gayi feel,3,bad,punjabi
tried chai and it was bussin,4,good,english
bhai seriously omelette faltu,1,bad,punjabi
bhai appam ekdum zabardast,5,good,hindi
mess da puttu regret ho reha,1,bad,punjabi
yo bonda was straight up lit,5,good,english
yaar ch to ekdum lajawab,5,good,hindi
mess bonda is fire,5,good,english
bro uppit was disgusting af,1,bad,english
toast tinda mele nalla aithu feel aaithu,5,good,kannada
seriously fried rice khali waste,2,bad,telugu
bro vada pav manchi,5,good,telugu
bro pakoda was zero stars,1,bad,english
seriously bro scrambled egg bekagilla,3,bad,kannada
medu vada paisa barbaad hai bhai,3,bad,hindi
mess vada pav lowkey straight garbage,1,bad,english
mess puttu eat cheyaleka,1,bad,telugu
mess pongal lowkey zero stars,2,bad,english
nah toast is trash,1,bad,english
ninna uppit tinte baga tasty anipinchindi,5,good,telugu
vada pav paisa barbaad hai bhai,1,bad,hindi
uppit try karo zabardast si,5,good,punjabi
tried manchurian and it was legendary,5,good,english
mess da vada pav na khao,1,bad,punjabi
bro fried rice was straight garbage,1,bad,english
mess alli pongal tasty bandu,4,good,kannada
tadka dal taste leka undi bro,1,bad,telugu
mess mein medu vada lajawab tha,5,good,hindi
masoor dal hits different fire,4,good,english
nah noodles is straight garbage,2,bad,english
mess alli dal fry super aithu,5,good,kannada
scrambled egg try cheyakandi taste leka,1,bad,telugu
nah rasgulla is ruined my day,3,bad,english
cutlet khake full mast feel hoya,5,good,punjabi
scrambled egg khake ekdum perfect feel hoya,4,good,punjabi
pongal is straight disgusting af,1,bad,english
mess alli momos super aithu,5,good,kannada
coffee tini tarvata feel superb ga undi,4,good,telugu
puttu is straight straight garbage,2,bad,english
sheera khake taste zero feel,1,bad,punjabi
manchurian tini tarvata taste leka,2,bad,telugu
seriously rasgulla mood off,1,bad,telugu
gobi paratha skip maadi ella illa,1,bad,kannada
seriously bro cutlet taste illa bro,1,bad,kannada
mess pulao eat cheyaleka,1,bad,telugu
mess lassi iz absolutely fire,5,good,english
gulab jamun na khao hai yaar,2,bad,punjabi
yo boiled egg was straight up lit,4,good,english
mess ch vada pav kamaal si,5,good,punjabi
mess mein aloo paratha kamaal ka tha,5,good,hindi
rasgulla try chesthe full enjoy,4,good,telugu
cutlet hits different slaps,4,good,english
mess lo bonda tasty ga undi undi,5,good,telugu
tadka dal mat khao bewakoof banaya hai,1,bad,hindi
maggi try cheyakandi pani pattadu,1,bad,telugu
seriously samosa khali waste,1,bad,telugu
kachori ghatiya si hai yaar,1,bad,punjabi
ninna vada pav tinte manchi anipinchindi,4,good,telugu
bhai sach mein gobi paratha bewakoof banaya,1,bad,hindi
bonda khake daab aa gayi feel hoya,5,good,punjabi
bhai sach mein poori ulti aa gayi,1,bad,hindi
pakoda mood off undi bro,1,bad,telugu
chai try karo lajawab si,4,good,punjabi
tried cutlet regret zero stars,2,bad,english
mess da pizza faltu,1,bad,punjabi
halwa tini tarvata disgusting,3,bad,telugu
sheera try karo solid taste,4,good,punjabi
bh fried rice maja aa gaya full,4,good,hindi
cutlet khake na khao feel,2,bad,punjabi
bro pav bhaji yummy aithu,5,good,kannada
bhajji khake regret feel,1,bad,hindi
puttu tinda mele kemp agide,2,bad,kannada
fried rice taste zero hai yaar,3,bad,punjabi
nah gobi paratha is zero stars,2,bad,english
mess mein toor dal ekdum zabardast tha,5,good,hindi
scrambled egg tinda mele perfect feel aaithu,5,good,kannada
gulab jamun tinda mele maja bandide feel aaithu,4,good,kannada
bhai boiled egg daab aa gayi hai,5,good,punjabi
momos try cheyakandi baledu bro,1,bad,telugu
bajji try chesda manchi,4,good,telugu
dhokla try cheyakandi mood off,3,bad,telugu
bhai kachori perfect tha,4,good,hindi
tried dhokla regret trash,2,bad,english
yaar jalebi ekdum ekdum perfect si,5,good,punjabi
ninna jalebi tinte tasty ga undi anipinchindi,4,good,telugu
bro the boiled egg was no cap good,4,good,english
bro sheera perfect ga undi,4,good,telugu
bro burger mast undi,5,good,telugu
bro gobi paratha yummy aithu,4,good,kannada
tadka dal ulti aa gayi hai bhai,1,bad,hindi
bhai seriously gobi paratha mood kharab ho gayi,2,bad,punjabi
pongal skip karo regret ho reha hai,1,bad,punjabi
mess gobi paratha lowkey not it,1,bad,english
mess samosa lowkey disgusting af,1,bad,english
bhai sach mein toast bewakoof banaya,2,bad,hindi
chana dal tinda mele full sakkath feel aaithu,5,good,kannada
rasgulla paisa barbaad hai bhai,2,bad,hindi
kachori mat khao paisa barbaad hai,2,bad,hindi
rasgulla skip maadi kemp agide,1,bad,kannada
mess lo pulao baga tasty undi,5,good,telugu
dhokla tinda mele tasty bandu feel aaithu,4,good,kannada
mess halwa is bussin,4,good,english
bhai seriously tadka dal mood kharab ho gayi,2,bad,punjabi
mess mein vada pav full mast tha,5,good,hindi
tried cutlet regret zero stars,3,bad,english
scrambled egg bilkul ghatiya hai bhai,1,bad,hindi
uppit tinda mele nalla aithu feel aaithu,4,good,kannada
gobi paratha try karo maja aa gaya full hai,4,good,hindi
boiled egg tini tarvata feel full enjoy,4,good,telugu
pongal khake lajawab si feel hoya,5,good,punjabi
pizza khake faltu feel,1,bad,punjabi
bhai lassi lajawab si hai,4,good,punjabi
bh lassi ekdum zabardast,4,good,hindi
mess ka moong dal bewakoof banaya,1,bad,hindi
pakoda try chesthe full enjoy,5,good,telugu
bhel puri tinda mele full sakkath feel aaithu,5,good,kannada
mess ch chana dal full mast si,5,good,punjabi
bro the noodles was absolutely fire,4,good,english
kachori tini tarvata eat cheyaleka,1,bad,telugu
soup try chesthe perfect ga undi,5,good,telugu
maggi zahar hai yaar,1,bad,punjabi
seriously cutlet mood off,1,bad,telugu
yaar gulab jamun ekdum zabardast si si,4,good,punjabi
scrambled egg khake faltu feel,1,bad,punjabi
mess alli pakoda maja bandide,4,good,kannada
mess chana dal is bussin,4,good,english
mess mein omelette maja aa gaya full tha,5,good,hindi
halwa try cheyakandi disgusting,2,bad,telugu
vada pav try karo full mast,5,good,punjabi
bhai seriously toor dal zahar,2,bad,punjabi
tried moong dal and it was slaps,5,good,english
bajji tinda mele perfect feel aaithu,5,good,kannada
appam tini tarvata feel full enjoy,4,good,telugu
mess bhajji is absolutely fire,5,good,english
mess da toor dal mood kharab ho gayi,2,bad,punjabi
pasta khake na khao feel,1,bad,punjabi
mess sandwich is no cap good,5,good,english
halwa mat khao bewakoof banaya hai,2,bad,hindi
toast khake bilkul ghatiya feel,1,bad,hindi
toast iz straight straight garbage,1,bad,english
bhai sach mein noodles ulti aa gayi,1,bad,hindi
moong dal taste zero hai yaar,2,bad,punjabi
mess toor dal lowkey straight garbage,2,bad,english
bhai sach mein dal fry bewakoof banaya,1,bad,hindi
kesari khake regret ho reha feel,1,bad,punjabi
nah pongal is trash,1,bad,english
yaar moong dal ekdum lajawab si si,4,good,punjabi
dal fry mood kharab ho gayi hai yaar,1,bad,punjabi
bhajji try chesthe mast undi,5,good,telugu
full jalebi yummy bro,5,good,kannada
cutlet try karo full mast hai,5,good,hindi
mess mein cutlet kamaal ka tha,5,good,hindi
momos try karo lajawab si,4,good,punjabi
burger disgusting aithu guru,2,bad,kannada
mess lo bonda full enjoy undi,5,good,telugu
yaar fried rice to ekdum ekdum zabardast,4,good,hindi
tried chai regret L food,1,bad,english
bhai jalebi bahut tasty,5,good,hindi
seriously soup mood off,1,bad,telugu
sandwich paisa barbaad hai bhai,2,bad,hindi
seriously burger eat cheyaleka,1,bad,telugu
mess ka fried rice bohot kharab,2,bad,hindi
bro kachori was zero stars,2,bad,english
mess pongal is no cap good,5,good,english
mess da puttu faltu,2,bad,punjabi
bonda khake taste zero feel,1,bad,punjabi
bhajji khake na khao feel,1,bad,punjabi
nah bhajji is straight garbage,2,bad,english
bhai seriously pav bhaji regret ho reha,1,bad,punjabi
manchurian khake regret feel,1,bad,hindi
mess ka bhel puri regret,3,bad,hindi
bh sach mein burger regret,1,bad,hindi
tadka dal khake kamaal ka feel aaya,5,good,hindi
mess lo toor dal full enjoy undi,4,good,telugu
mess rasgulla mood off,1,bad,telugu
bro aloo paratha perfect ga undi,5,good,telugu
seriously bro soup taste illa bro,2,bad,kannada
ninna coffee tinte tasty ga undi anipinchindi,4,good,telugu
mess ch manchurian solid taste si,4,good,punjabi
tried pongal and it was bussin,4,good,english
bhai scrambled egg full mast,5,good,hindi
bro halwa full enjoy,5,good,telugu
mess burger mood off,1,bad,telugu
bro the moong dal was top tier,5,good,english
bhai samosa full mast,4,good,hindi
gulab jamun try madi tasty bandu,5,good,kannada
rasgulla skip maadi waste piece,2,bad,kannada
bro toast full sakkath aithu,5,good,kannada
noodles try cheyakandi taste leka,1,bad,telugu
gulab jamun tinda mele disgusting aithu,2,bad,kannada
full appam yummy bro,5,good,kannada
bhajji mat khao khana hi nahi hai,2,bad,hindi
mess lo dal fry perfect ga undi undi,5,good,telugu
seriously bro lassi waste piece,2,bad,kannada
mess bhajji is no cap good,5,good,english
mess ch tadka dal full mast si,4,good,punjabi
yo pulao was straight up no cap good,5,good,english
yaar puttu to ekdum lajawab,4,good,hindi
mess ka gulab jamun khana hi nahi,2,bad,hindi
bhai sach mein toast paisa barbaad,1,bad,hindi
mess bajji mood off,3,bad,telugu
sheera try madi yummy,4,good,kannada
pulao try karo full mast hai,5,good,hindi
bhajji skip maadi disgusting aithu,1,bad,kannada
bro medu vada perfect aithu,5,good,kannada
vada pav tinda mele full sakkath feel aaithu,5,good,kannada
bhai sach mein moong dal regret,1,bad,hindi
pizza tini tarvata taste leka,1,bad,telugu
bhai seriously pulao taste zero,1,bad,punjabi
seriously bro omelette taste illa bro,1,bad,kannada
puttu tini tarvata feel baga tasty,4,good,telugu
boiled egg skip maadi kemp agide,3,bad,kannada
vada pav tinda mele yummy feel aaithu,4,good,kannada
kesari pani pattadu undi bruh,2,bad,telugu
mess kesari is lit,5,good,english
bro toor dal superb ga undi,5,good,telugu
yaar uppit to ekdum bahut tasty,5,good,hindi
seriously pasta pani pattadu,1,bad,telugu
tried noodles and it was top tier,5,good,english
mess manchurian lowkey zero stars,3,bad,english
bro chana dal yummy aithu,4,good,kannada
mess ch kachori full mast si,5,good,punjabi
yaar maggi to ekdum maja aa gaya full,4,good,hindi
moong dal try madi full sakkath,5,good,kannada
yaar boiled egg to ekdum kamaal ka,5,good,hindi
bonda khake ekdum perfect feel hoya,5,good,punjabi
mess alli tadka dal nalla aithu,5,good,kannada
seriously puttu disgusting,1,bad,telugu
mess puttu full kemp agide,2,bad,kannada
mess ka uppit bohot kharab,2,bad,hindi
tried pizza regret disgusting af,1,bad,english
pizza skip karo taste zero h,1,bad,punjabi
soup khake solid taste feel hoya,5,good,punjabi
pakoda na khao hai yaar,1,bad,punjabi
pav bhaji khake bahut tasty feel aaya,5,good,hindi
mess maggi is absolutely fire,5,good,english
mess mein pasta ekdum zabardast tha,5,good,hindi
halwa try chesthe tasty ga undi,4,good,telugu
full rasgulla nalla aithu bro,4,good,kannada
bonda hits different slaps,5,good,english
poori skip maadi bekagilla,1,bad,kannada
mess ka noodles regret,2,bad,hindi
mess soup disgusting,1,bad,telugu
mess ch noodles daab aa gayi si,5,good,punjabi
aloo paratha skip maadi taste illa bro,2,bad,kannada
bro aloo paratha tasty bandu aithu,4,good,kannada
tried kesari and it was slaps,5,good,english
poori try cheyakandi taste leka,1,bad,telugu
bhai kachori zabardast si hai,5,good,punjabi
mess rasgulla lowkey trash,1,bad,english
bro pizza manchi,4,good,telugu
yo sheera was straight up slaps,4,good,english
mess pulao full disgusting aithu,1,bad,kannada
kachori tini tarvata baledu bro,1,bad,telugu
toor dal skip karo regret ho reha hai,2,bad,punjabi
tried bonda and it was fire,4,good,english
tried pulao regret straight garbage,1,bad,english
soup tini tarvata mood off,1,bad,telugu
seriously bhajji khali waste,2,bad,telugu
moong dal hits different absolutely fire,5,good,english
tadka dal skip karo faltu h,1,bad,punjabi
mess uppit full bekagilla,1,bad,kannada
omelette try karo perfect tha hai,5,good,hindi
masoor dal try karo maja aa gaya full hai,5,good,hindi
cutlet try chesthe mast undi,4,good,telugu
aloo paratha khake lajawab feel aaya,4,good,hindi
ninna manchurian tinte superb ga undi anipinchindi,5,good,telugu
vada pav tinda mele ella illa,1,bad,kannada
bh seriously samosa faltu,1,bad,punjabi
yaar scrambled egg ekdum full mast si,5,good,punjabi
bhai seriously kachori zahar,2,bad,punjabi
boiled egg na khao hai yaar,2,bad,punjabi
pizza khake zabardast si feel hoya,5,good,punjabi
bro the jalebi was absolutely fire,5,good,english
seriously jalebi baledu bro,2,bad,telugu
sandwich khake regret ho reha feel,3,bad,punjabi
bro uppit was disgusting af,1,bad,english
pizza try chesthe superb ga undi,5,good,telugu
bhajji try karo full mast,5,good,punjabi
bhai pizza kamaal ka,5,good,hindi
ninna soup tinte baga tasty anipinchindi,5,good,telugu
mess mein pulao ekdum zabardast tha,5,good,hindi
bhel puri khake solid taste feel hoya,4,good,punjabi
yaar bhel puri to ekdum ekdum zabardast,5,good,hindi
bhajji zahar hai yaar,2,bad,punjabi
bro kesari was mid,1,bad,english
yaar jalebi ekdum kamaal si,4,good,punjabi
bro pav bhaji full enjoy,5,good,telugu
poori bohot kharab hai bhai,1,bad,hindi
kesari khake ghatiya si feel,1,bad,punjabi
pasta is straight trash,1,bad,english
bhai sach mein masoor dal khana hi nahi,1,bad,hindi
manchurian mat khao bohot kharab hai,2,bad,hindi
bruh pakoda full enjoy,5,good,telugu
mess noodles lowkey L food,2,bad,english
pulao mat khao ulti aa gayi hai,1,bad,hindi
bhajji tini tarvata feel perfect ga undi,4,good,telugu
seriously bro pongal ella illa,1,bad,kannada
bro sandwich was zero stars,1,bad,english
bh sach mein gulab jamun ulti aa gayi,2,bad,hindi
pakoda taste illa bro guru,1,bad,kannada
jalebi try cheyakandi pani pattadu,2,bad,telugu
appam is straight trash,2,bad,english
bro burger was trash,3,bad,english
soup tinda mele mood spoil,1,bad,kannada
yo bhajji was straight up legendary,5,good,english
yaar toor dal ekdum zabardast si si,4,good,punjabi
mess lo burger tasty ga undi undi,5,good,telugu
appam mat khao bohot kharab hai,1,bad,hindi
yaar halwa ekdum kamaal si,4,good,punjabi
full momos maja bandide bro,4,good,kannada
mess ch lassi zabardast si si,5,good,punjabi
pakoda skip maadi taste illa bro,2,bad,kannada
samosa skip maadi taste illa bro,1,bad,kannada
bajji tini tarvata khali waste,1,bad,telugu
mess lo uppit perfect ga undi undi,5,good,telugu
tried coffee regret ruined my day,1,bad,english
puttu tinda mele nalla aithu feel aaithu,5,good,kannada
dal fry tini tarvata feel baga tasty,5,good,telugu
mess ka fried rice bohot kharab,2,bad,hindi
kachori try chesthe superb ga undi,5,good,telugu
bhai sach mein lassi bewakoof banaya,1,bad,hindi
jalebi skip maadi bekagilla,1,bad,kannada
mess lo aloo paratha manchi undi,4,good,telugu
mess ka bhajji bewakoof banaya,2,bad,hindi
mess lo toor dal full enjoy undi,5,good,telugu
bhai dal fry full mast hai,4,good,punjabi
bhai sach mein lassi bilkul ghatiya,2,bad,hindi
bonda tini tarvata baledu bro,2,bad,telugu
yaar puttu ekdum kamaal si,4,good,punjabi
kachori ella illa guru,1,bad,kannada
medu vada disgusting undi bro,1,bad,telugu
toast hits different absolutely fire,4,good,english
bro the kesari was top tier,5,good,english
pizza tini tarvata feel baga tasty,5,good,telugu
bhajji try madi super aithu,5,good,kannada
seriously maggi disgusting,1,bad,telugu
toast zahar hai yaar,2,bad,punjabi
bhai sach mein pasta bewakoof banaya,1,bad,hindi
yaar aloo paratha ekdum ekdum perfect si,4,good,punjabi
mess lo chai tasty ga undi undi,5,good,telugu
kachori khake faltu feel,2,bad,punjabi
mess lo kesari baga tasty undi,4,good,telugu
mess ch poori daab aa gayi si,5,good,punjabi
yo pav bhaji was straight up fire,4,good,english
momos tini tarvata pani pattadu,2,bad,telugu
ninna chana dal tinte tasty ga undi anipinchindi,5,good,telugu
toast skip maadi bekagilla,1,bad,kannada
bruh the aloo paratha was top tier,4,good,english
ninna gobi paratha tinte baga tasty anipinchindi,4,good,telugu
yaar scrambled egg to ekdum kamaal ka,4,good,hindi
nah bhel puri is straight garbage,1,bad,english
momos tinda mele yummy feel aaithu,5,good,kannada
pav bhaji tini tarvata feel perfect ga undi,5,good,telugu
bhai seriously appam na khao,1,bad,punjabi
mess ch fried rice full mast si,5,good,punjabi
fried rice bekagilla guru,1,bad,kannada
puttu try madi maja bandide,4,good,kannada
bro the sandwich was top tier,4,good,english
samosa try karo lajawab si,5,good,punjabi
bro bhajji tasty bandu aithu,5,good,kannada
ninna scrambled egg tinte tasty ga undi anipinchindi,4,good,telugu
bro masoor dal superb ga undi,4,good,telugu
nah maggi iz mid,1,bad,english
seriously bhajji baledu bro,1,bad,telugu
mess gulab jamun lowkey ruined my day,1,bad,english
pizza bekagilla guru,2,bad,kannada
bhai burger full mast,5,good,hindi
bro the momos was bussin,4,good,english
full toast maja bandide bro,5,good,kannada
pongal tinda mele ella illa,2,bad,kannada
full moong dal tasty bandu bro,4,good,kannada
bhel puri tini tarvata khali waste,2,bad,telugu
full fried rice maja bandide bruh,5,good,kannada
pav bhaji na khao hai yaar,1,bad,punjabi
bro the dal fry was slaps,5,good,english
toast try karo daab aa gayi,4,good,punjabi
mess pakoda is top tier,5,good,english
sandwich try karo bahut tasty hai,5,good,hindi
maggi bewakoof banaya hai bhai,1,bad,hindi
bruh sandwich full sakkath aithu,4,good,kannada
moong dal try madi maja bandide,5,good,kannada
pakoda hits different crazy good,4,good,english
mess alli toor dal tasty bandu,4,good,kannada
chana dal khake zabardast si feel hoya,5,good,punjabi
mess alli pulao yummy,5,good,kannada
medu vada eat cheyaleka undi bruh,1,bad,telugu
bro bonda tasty ga undi,4,good,telugu
appam is straight ruined my day,1,bad,english
mess boiled egg disgusting,1,bad,telugu
seriously toor dal taste leka,2,bad,telugu
boiled egg try karo kamaal ka hai,5,good,hindi
uppit mat khao khana hi nahi hai,2,bad,hindi
pasta khake solid taste feel hoya,4,good,punjabi
bro bhel puri nalla aithu aithu,5,good,kannada
masoor dal tini tarvata khali waste,1,bad,telugu
sheera tinda mele taste illa bro,1,bad,kannada
mess alli appam super aithu,4,good,kannada
lassi tini tarvata feel perfect ga undi,5,good,telugu
yaar manchurian ekdum zabardast si si,5,good,punjabi
bro cutlet manchi,5,good,telugu
mess lo appam mast undi undi,5,good,telugu
tried manchurian and it was fire,5,good,english
pasta hits different crazy good,5,good,english
toast khake bilkul ghatiya feel,2,bad,hindi
pizza khake regret feel,3,bad,hindi
bonda khake na khao feel,2,bad,punjabi
bro scrambled egg was straight garbage,2,bad,english
poori tini tarvata feel perfect ga undi,4,good,telugu
lassi try madi tasty bandu,4,good,kannada
seriously scrambled egg baledu bro,1,bad,telugu
yo kachori was straight up top tier,5,good,english
kachori try cheyakandi mood off,1,bad,telugu
sandwich try karo kamaal,4,good,punjabi
toor dal mat khao khana hi nahi hai,1,bad,hindi
bajji ghatiya si hai yaar,2,bad,punjabi
gobi paratha khake full mast feel aaya,4,good,hindi
bh poori ekdum perfect h,5,good,punjabi
soup tini tarvata eat cheyaleka,2,bad,telugu
bhajji try chesthe manchi,4,good,telugu
seriously momos eat cheyaleka,2,bad,telugu
tried pav bhaji and it was no cap good,5,good,english
chai hits different lit,5,good,english
bro the medu vada was legendary,5,good,english
bh sach mein chana dal paisa barbaad,2,bad,hindi
mess da masoor dal zahar,1,bad,punjabi
tried toor dal and it was legendary,5,good,english
dal fry try karo daab aa gayi,5,good,punjabi
masoor dal tini tarvata feel full enjoy,5,good,telugu
kesari try karo kamaal,5,good,punjabi
maggi is straight zero stars,1,bad,english
mess fried rice full bekagilla,2,bad,kannada
sandwich taste leka undi bro,2,bad,telugu
pakoda khake maja aa gaya full feel aaya,5,good,hindi
medu vada skip karo mood kharab ho gayi hai,2,bad,punjabi
ninna rasgulla tinte full enjoy anipinchindi,4,good,telugu
yaar chana dal to ekdum bahut tasty,4,good,hindi
mess alli puttu maja bandide,5,good,kannada
mess da samosa ghatiya si,2,bad,punjabi
lassi khake bohot kharab feel,2,bad,hindi
mess alli pasta nalla aithu,4,good,kannada
pulao tini tarvata eat cheyaleka,2,bad,telugu
tadka dal skip maadi mood spoil,1,bad,kannada
pulao tinda mele ella illa,1,bad,kannada
bro toor dal was ruined my day,3,bad,english
pongal khake bahut tasty feel aaya,4,good,hindi
rasgulla khake kamaal feel hoya,5,good,punjabi
mess sandwich full ella illa,2,bad,kannada
seriously dal fry disgusting,2,bad,telugu
yaar maggi ekdum lajawab si si,5,good,punjabi
rasgulla khana hi nahi hai bhai,1,bad,hindi
yaar kesari ekdum solid taste si,5,good,punjabi
seriously scrambled egg taste leka,2,bad,telugu
sheera try cheyakandi pani pattadu,1,bad,telugu
yo scrambled egg was straight up fire,4,good,english
bro maggi was l food,1,bad,english
seriously dal fry pani pattadu,1,bad,telugu
gobi paratha is straight zero stars,1,bad,english
seriously puttu mood off,1,bad,telugu
sandwich try cheyakandi mood off,1,bad,telugu
bro bajji perfect ga undi,5,good,telugu
mess ka aloo paratha regret,2,bad,hindi
mess ch halwa lajawab si si,5,good,punjabi
mess alli kachori maja bandide,4,good,kannada
ninna momos tinte tasty ga undi anipinchindi,5,good,telugu
mess fried rice lowkey L food,1,bad,english
tried pulao and it was legendary,4,good,english
pakoda hits different lit,5,good,english
gulab jamun tini tarvata eat cheyaleka,1,bad,telugu
nah cutlet is mid,2,bad,english
mess momos full kemp agide,2,bad,kannada
pasta tinda mele waste piece,1,bad,kannada
medu vada khake zabardast si feel hoya,4,good,punjabi
mess sandwich full ella illa,1,bad,kannada
omelette mat khao ulti aa gayi hai,3,bad,hindi
toor dal hits different lit,4,good,english
yaar omelette ekdum daab aa gayi si,5,good,punjabi
momos mat khao khana hi nahi hai,2,bad,hindi
bajji try madi super aithu,5,good,kannada
bajji khake ulti aa gayi feel,1,bad,hindi
mess lo soup manchi undi,5,good,telugu
mess ka boiled egg bewakoof banaya,2,bad,hindi
pasta try karo full mast hai,4,good,hindi
bro sandwich perfect aithu,5,good,kannada
bro the gobi paratha was crazy good,4,good,english
nah dhokla is disgusting af,2,bad,english
sheera tinda mele tasty bandu feel aaithu,4,good,kannada
bonda try karo full mast,5,good,punjabi
mess alli poori super aithu,4,good,kannada
pav bhaji try cheyakandi baledu bro,2,bad,telugu
bhai seriously omelette ghatiya si,2,bad,punjabi
mess alli jalebi perfect,4,good,kannada
boiled egg skip karo ghatiya si hai,1,bad,punjabi
pakoda taste zero hai yaar,1,bad,punjabi
bro sheera super aithu aithu,5,good,kannada
medu vada try cheyakandi taste leka,1,bad,telugu
cutlet try cheyakandi taste leka,2,bad,telugu
yo appam was straight up top tier,4,good,english
pulao try chesthe manchi,4,good,telugu
bh seriously kesari faltu,1,bad,punjabi
mess boiled egg mood off,2,bad,telugu
dhokla try cheyakandi taste leka,1,bad,telugu
full momos maja bandide bro,4,good,kannada
tried gulab jamun regret zero stars,3,bad,english
lassi tini tarvata taste leka,3,bad,telugu
bhai boiled egg kamaal hai,5,good,punjabi
mess da bhel puri regret ho reha,1,bad,punjabi
boiled egg tini tarvata feel mast undi,4,good,telugu
mess ch kachori zabardast si si,5,good,punjabi
bhai seriously rasgulla ghatiya si,2,bad,punjabi
ninna lassi tinte full enjoy anipinchindi,5,good,telugu
pulao bekagilla guru,3,bad,kannada
pizza skip karo regret ho reha hai,3,bad,punjabi
bhai halwa ekdum zabardast,4,good,hindi
bro rasgulla was mid,1,bad,english
mess alli omelette nalla aithu,5,good,kannada
yaar kesari to ekdum lajawab,5,good,hindi
medu vada khake zabardast si feel hoya,4,good,punjabi
medu vada khake regret ho reha feel,1,bad,punjabi
bhai seriously boiled egg faltu,1,bad,punjabi
mess ka tadka dal bilkul ghatiya,2,bad,hindi
mess mein dal fry perfect tha tha,5,good,hindi
poori khake kamaal feel hoya,5,good,punjabi
gobi paratha tini tarvata feel baga tasty,4,good,telugu
mess alli soup yummy,4,good,kannada
nah fried rice is zero stars,1,bad,english
bajji try karo full mast,4,good,punjabi
coffee try karo lajawab si,5,good,punjabi
mess bajji full mood spoil,2,bad,kannada
sandwich tinda mele disgusting aithu,2,bad,kannada
fried rice bekagilla guru,3,bad,kannada
cutlet mat khao regret hai,2,bad,hindi
seriously scrambled egg khali waste,1,bad,telugu
toast mood spoil guru,1,bad,kannada
momos try madi super aithu,4,good,kannada
manchurian try chesthe tasty ga undi,4,good,telugu
bonda tini tarvata disgusting,1,bad,telugu
bro pakoda tasty ga undi,5,good,telugu
yo pongal was straight up bussin,4,good,english
mess ch coffee full mast si,4,good,punjabi
rasgulla try madi maja bandide,5,good,kannada
tried maggi regret ruined my day,1,bad,english
nah coffee is L food,1,bad,english
burger khake ulti aa gayi feel,1,bad,hindi
samosa tini tarvata feel perfect ga undi,4,good,telugu
yaar masoor dal ekdum lajawab si si,4,good,punjabi
uppit taste zero hai yaar,1,bad,punjabi
sheera tinda mele taste illa bro,2,bad,kannada
bhai sach mein kesari bohot kharab,1,bad,hindi
momos khake bilkul ghatiya feel,1,bad,hindi
sheera tini tarvata disgusting,2,bad,telugu
gulab jamun khake na khao feel,1,bad,punjabi
yo momos was straight up no cap good,5,good,english
kachori try chesthe tasty ga undi,5,good,telugu
yo gobi paratha was straight up lit,4,good,english
bhai sheera zabardast si hai,5,good,punjabi
bro the uppit was legendary,4,good,english
mess alli puttu perfect,5,good,kannada
mess lo poori mast undi undi,5,good,telugu
scrambled egg tini tarvata pani pattadu,2,bad,telugu
yaar pakoda to ekdum lajawab,5,good,hindi
mess lo appam manchi undi,4,good,telugu
gobi paratha zahar hai yaar,2,bad,punjabi
pasta ghatiya si hai yaar,3,bad,punjabi
tried toor dal regret ruined my day,2,bad,english
seriously bro appam bekagilla,1,bad,kannada
lassi try karo daab aa gayi,4,good,punjabi
seriously kachori disgusting,1,bad,telugu
toor dal mat khao bewakoof banaya hai,1,bad,hindi
poori try karo kamaal ka hai,4,good,hindi
nah aloo paratha is zero stars,2,bad,english
yaar scrambled egg to ekdum lajawab,5,good,hindi
tried kesari regret trash,1,bad,english
dhokla try cheyakandi eat cheyaleka,1,bad,telugu
pulao try madi tasty bandu,5,good,kannada
pasta is straight not it,1,bad,english
mess boiled egg lowkey mid,1,bad,english
sandwich tinda mele bekagilla,2,bad,kannada
ninna bhel puri tinte full enjoy anipinchindi,5,good,telugu
bhai bonda maja aa gaya full,5,good,hindi
vada pav eat cheyaleka undi bro,1,bad,telugu
bhai seriously aloo paratha mood kharab ho gayi,1,bad,punjabi
yo masoor dal was straight up legendary,5,good,english
yaar kesari to ekdum lajawab,5,good,hindi
samosa tinda mele ella illa,3,bad,kannada
mess kachori full ella illa,1,bad,kannada
bajji khake regret feel,1,bad,hindi
mess scrambled egg disgusting,1,bad,telugu
mess mein pongal kamaal ka tha,5,good,hindi
tried puttu and it was bussin,5,good,english
rasgulla is straight trash,1,bad,english
pongal try cheyakandi mood off,1,bad,telugu
mess alli kachori tasty bandu,5,good,kannada
pasta tini tarvata mood off,1,bad,telugu
poori hits different bussin,5,good,english
full bajji yummy bro,4,good,kannada
bhajji tinda mele perfect feel aaithu,4,good,kannada
yaar sandwich to ekdum perfect tha,5,good,hindi
bro pakoda tasty bandu aithu,5,good,kannada
seriously toast taste leka,1,bad,telugu
jalebi mat khao khana hi nahi hai,1,bad,hindi
pasta try chesthe baga tasty,5,good,telugu
mess sandwich is fire,5,good,english
momos mat khao bewakoof banaya hai,2,bad,hindi
tried coffee and it was slaps,4,good,english
poori khake lajawab feel aaya,4,good,hindi
mess da pulao ghatiya si,1,bad,punjabi
bhai tadka dal zabardast si hai,4,good,punjabi
dal fry tini tarvata baledu bro,1,bad,telugu
mess da halwa faltu,1,bad,punjabi
mess ch maggi daab aa gayi si,5,good,punjabi
mess alli pav bhaji yummy,4,good,kannada
bro pulao perfect aithu,5,good,kannada
bruh the appam was bussin,5,good,english
yo cutlet was straight up absolutely fire,4,good,english
mess ka samosa paiza barbaad,1,bad,hindi
bro medu vada full sakkath aithu,5,good,kannada
medu vada try chesthe mast undi,4,good,telugu
mess appam disgusting,2,bad,telugu
bro the bajji was fire,4,good,english
mess tadka dal full waste piece,1,bad,kannada
moong dal tinda mele tasty bandu feel aaithu,5,good,kannada
dhokla try karo full mast,4,good,punjabi
mess ka toast paisa barbaad,2,bad,hindi
ninna appam tinte mast undi anipinchindi,5,good,telugu
toor dal skip karo mood kharab ho gayi hai,3,bad,punjabi
mess manchurian lowkey straight garbage,2,bad,english
seriously puttu pani pattadu,3,bad,telugu
mess alli chana dal full sakkath,4,good,kannada
tried pav bhaji and it was legendary,4,good,english
bh burger full mast,5,good,hindi
bh cutlet maja aa gaya full,4,good,hindi
vada pav khake zabardast si feel hoya,4,good,punjabi
pasta khake maja aa gaya full feel aaya,5,good,hindi
mess coffee pani pattadu,1,bad,telugu
cutlet faltu hai yaar,1,bad,punjabi
nah medu vada is ruined my day,1,bad,english
mess alli aloo paratha full sakkath,5,good,kannada
full boiled egg full sakkath bro,5,good,kannada
pakoda khake zahar feel,1,bad,punjabi
bhai gulab jamun daab aa gayi hai,4,good,punjabi
dal fry skip maadi mood spoil,1,bad,kannada
full burger perfect bro,5,good,kannada
uppit is straight mid,1,bad,english
masoor dal khake na khao feel,1,bad,punjabi
pizza khake ulti aa gayi feel,3,bad,hindi
manchurian tini tarvata feel superb ga undi,5,good,telugu
mess ch coffee daab aa gayi si,4,good,punjabi
yo bhajji was straight up crazy good,5,good,english
tried gulab jamun regret l food,2,bad,english
toor dal try madi maja bandide,5,good,kannada
tried noodles and it was absolutely fire,4,good,english
mess ch toast zabardast si si,5,good,punjabi
mess pasta full ella illa,1,bad,kannada
dal fry dizgusting aithu guru,1,bad,kannada
cutlet tinda mele mood spoil,1,bad,kannada
mess alli toor dal perfect,5,good,kannada
bro soup super aithu aithu,5,good,kannada
puttu bohot kharab hai bhai,1,bad,hindi
lassi try karo full mast hai,5,good,hindi
mess ch manchurian ekdum perfect si,5,good,punjabi
pakoda skip karo na khao hai,3,bad,punjabi
toor dal ella illa guru,1,bad,kannada
ninna halwa tinte baga tasty anipinchindi,5,good,telugu
medu vada disgusting aithu guru,2,bad,kannada
nah uppit is not it,3,bad,english
bro pongal manchi,5,good,telugu
pasta ghatiya si hai yaar,1,bad,punjabi
chana dal try madi maja bandide,5,good,kannada
manchurian mat khao bilkul ghatiya hai,2,bad,hindi
chai skip maadi disgusting aithu,1,bad,kannada
full sheera maja bandide bro,5,good,kannada
bonda tinda mele nalla aithu feel aaithu,4,good,kannada
aloo paratha is straight ruined my day,2,bad,english
bh toast zabardast si h,5,good,punjabi
mess coffee mood off,1,bad,telugu
mess moong dal is legendary,5,good,english
full moong dal maja bandide bruh,5,good,kannada
seriously noodles disgusting,1,bad,telugu
burger tini tarvata pani pattadu,2,bad,telugu
bhai seriously dhokla taste zero,1,bad,punjabi
chai khake mood kharab ho gayi feel,3,bad,punjabi
bhai kachori full mast,5,good,hindi
scrambled egg tini tarvata disgusting,1,bad,telugu
tried tadka dal regret straight garbage,2,bad,english
moong dal try cheyakandi baledu bruh,1,bad,telugu
manchurian mat khao ulti aa gayi hai,2,bad,hindi
ninna toast tinte tasty ga undi anipinchindi,4,good,telugu
mess chana dal disgusting,1,bad,telugu
bro sandwich was trash,2,bad,english
bro tadka dal was mid,1,bad,english
yaar burger to ekdum perfect tha,5,good,hindi
soup taste leka undi bro,1,bad,telugu
seriously bro bonda mood spoil,2,bad,kannada
rasgulla try karo lajawab hai,4,good,hindi
yaar halwa to ekdum perfect tha,5,good,hindi
burger tinda mele waste piece,2,bad,kannada
noodles tinda mele super aithu feel aaithu,5,good,kannada
mess ch boiled egg solid taste si,5,good,punjabi
burger mat khao ulti aa gayi hai,1,bad,hindi
cutlet khake daab aa gayi feel hoya,5,good,punjabi
bhai pongal perfect tha,5,good,hindi
tadka dal skip karo zahar hai,1,bad,punjabi
masoor dal tini tarvata pani pattadu,2,bad,telugu
mess da coffee mood kharab ho gayi,2,bad,punjabi
bro bhajji was trash,1,bad,english
sheera try karo lajawab si,5,good,punjabi
chai khake khana hi nahi feel,2,bad,hindi
appam skip maadi ella illa,1,bad,kannada
mess ch pakoda kamaal si,5,good,punjabi
bhai sach mein masoor dal regret,1,bad,hindi
bajji tini tarvata khali waste,3,bad,telugu
yaar aloo paratha to ekdum kamaal ka,4,good,hindi
medu vada khake ekdum zabardast feel aaya,5,good,hindi
gobi paratha try karo lajawab hai,4,good,hindi
bro puttu superb ga undi,5,good,telugu
kachori skip karo na khao hai,3,bad,punjabi
kachori tini tarvata pani pattadu,2,bad,telugu
poori tini tarvata feel perfect ga undi,4,good,telugu
bhai seriously lassi zahar,2,bad,punjabi
tried pasta regret not it,1,bad,english
mess ch rasgulla kamaal si,4,good,punjabi
burger tinda mele full sakkath feel aaithu,5,good,kannada
mess chana dal lowkey trash,1,bad,english
full pakoda perfect bro,5,good,kannada
mess puttu full ella illa,1,bad,kannada
seriously bro manchurian taste illa bro,1,bad,kannada
yaar pav bhaji ekdum solid taste si,4,good,punjabi
pasta try cheyakandi khali waste,2,bad,telugu
coffee is straight zero stars,1,bad,english
bhai aloo paratha ekdum perfect hai,5,good,punjabi
bhajji is straight disgusting af,1,bad,english
yaar bhajji to ekdum kamaal ka,4,good,hindi
yaar sandwich to ekdum maja aa gaya full,4,good,hindi
gulab jamun khake ekdum zabardast feel aaya,5,good,hindi
cutlet try madi yummy,5,good,kannada
tried dhokla regret ruined my day,2,bad,english
mess pizza dizgusting,2,bad,telugu
chana dal try madi super aithu,5,good,kannada
moong dal khake khana hi nahi feel,1,bad,hindi
rasgulla skip karo mood kharab ho gayi hai,1,bad,punjabi
yaar bhajji ekdum kamaal si,4,good,punjabi
puttu eat cheyaleka undi bro,1,bad,telugu
rasgulla tini tarvata feel superb ga undi,5,good,telugu
uppit mat khao khana hi nahi hai,2,bad,hindi
seriously lassi baledu bro,2,bad,telugu
dal fry khake kamaal feel hoya,5,good,punjabi
yo noodles was straight up fire,5,good,english
tried gulab jamun regret mid,1,bad,english
mess sandwich baledu bro,1,bad,telugu
boiled egg disgusting undi bro,2,bad,telugu
mess lo pasta full enjoy undi,4,good,telugu
yo sheera was straight up legendary,5,good,english
bonda skip maadi kemp agide,2,bad,kannada
yaar medu vada to ekdum perfect tha,5,good,hindi
mess moong dal is legendary,4,good,english
uppit disgusting aithu guru,1,bad,kannada
tried bajji and it was absolutely fire,5,good,english
puttu khake mood kharab ho gayi feel,1,bad,punjabi
mess poori full mood spoil,1,bad,kannada
pav bhaji khake ekdum perfect feel hoya,5,good,punjabi
toast mat khao bilkul ghatiya hai,3,bad,hindi
mess da kesari zahar,1,bad,punjabi
sheera ulti aa gayi hai bhai,2,bad,hindi
samosa regret ho reha hai yaar,2,bad,punjabi
sheera taste illa bro guru,3,bad,kannada
mess mein samosa bahut tasty tha,5,good,hindi
pizza try chesthe manchi,5,good,telugu
coffee try chesthe perfect ga undi,5,good,telugu
bro the kachori was fire,5,good,english
maggi try chesthe manchi,5,good,telugu
yo pasta was straight up slaps,5,good,english
pav bhaji is straight straight garbage,1,bad,english
bhai jalebi full mast,5,good,hindi
bhai maggi lajawab,5,good,hindi
bonda skip maadi disgusting aithu,1,bad,kannada
yo pizza was straight up fire,5,good,english
samosa tinda mele waste piece,1,bad,kannada
toor dal is straight not it,2,bad,english
pulao mat khao ulti aa gayi hai,1,bad,hindi
mess lo scrambled egg mast undi undi,4,good,telugu
bhai kesari zabardast si hai,5,good,punjabi
bro the maggi was slaps,4,good,english
mess uppit full bekagilla,1,bad,kannada
maggi khake mood kharab ho gayi feel,1,bad,punjabi
mess ka bajji ulti aa gayi,2,bad,hindi
poori hits different lit,4,good,english
bonda mat khao khana hi nahi hai,1,bad,hindi
halwa skip karo zahar hai,1,bad,punjabi
bhai lassi perfect tha,4,good,hindi
yo lassi was straight up lit,4,good,english
full scrambled egg yummy bro,4,good,kannada
mess ch sandwich zabardast si si,4,good,punjabi
bro noodles was disgusting af,1,bad,english
bonda is straight zero stars,1,bad,english
gulab jamun pani pattadu undi bro,1,bad,telugu
bhel puri eat cheyaleka undi bruh,2,bad,telugu
mess tadka dal pani pattadu,3,bad,telugu
halwa tinda mele yummy feel aaithu,5,good,kannada
yaar bhajji to ekdum full mast,4,good,hindi
bonda is straight ruined my day,1,bad,english
bhai sach mein dal fry paisa barbaad,1,bad,hindi
bro lassi was trash,2,bad,english
seriously bro pasta disgusting aithu,1,bad,kannada
puttu khake maja aa gaya full feel aaya,5,good,hindi
pakoda tinda mele mood spoil,2,bad,kannada
maggi khake bilkul ghatiya feel,2,bad,hindi
bhai pulao zabardast si hai,4,good,punjabi
full pizza full sakkath bro,4,good,kannada
mess ch pav bhaji solid taste si,4,good,punjabi
bhel puri tinda mele kemp agide,1,bad,kannada
kesari skip karo taste zero h,2,bad,punjabi
fried rice skip maadi mood spoil,1,bad,kannada
bh omelette full mast,5,good,hindi
scrambled egg tini tarvata feel superb ga undi,5,good,telugu
tried vada pav regret not it,1,bad,english
yo pongal was straight up bussin,5,good,english
puttu khake perfect tha feel aaya,5,good,hindi
toast try madi tasty bandu,5,good,kannada
burger tinda mele maja bandide feel aaithu,4,good,kannada
mess ch jalebi ekdum perfect si,4,good,punjabi
bro the gulab jamun was lit,4,good,english
bhai manchurian full mast,5,good,hindi
medu vada tini tarvata khali waste,1,bad,telugu
mess ka masoor dal ulti aa gayi,2,bad,hindi
mess mein dhokla bahut tasty tha,5,good,hindi
bro the puttu was top tier,5,good,english
medu vada eat cheyaleka undi bro,1,bad,telugu
yaar jalebi to ekdum ekdum zabardast,4,good,hindi
dal fry skip karo taste zero hai,1,bad,punjabi
appam tinda mele ella illa,1,bad,kannada
seriously bro pakoda bekagilla,1,bad,kannada
samosa zahar hai yaar,1,bad,punjabi
mess mein medu vada full mast tha,5,good,hindi
seriously bro medu vada disgusting aithu,2,bad,kannada
full momos perfect bro,5,good,kannada
ninna dhokla tinte baga tasty anipinchindi,4,good,telugu
vada pav skip karo taste zero hai,3,bad,punjabi
soup tini tarvata taste leka,1,bad,telugu
tried maggi regret trash,1,bad,english
mess ch toast full mast si,5,good,punjabi
tadka dal khake perfect tha feel aaya,5,good,hindi
bro masoor dal was straight garbage,1,bad,english
bro pav bhaji full enjoy,5,good,telugu
seriously bro bhel puri kemp agide,1,bad,kannada
nah burger is mid,1,bad,english
tried bonda and it was bussin,5,good,english
bhai gobi paratha kamaal ka,4,good,hindi
mess gulab jamun full mood spoil,1,bad,kannada
coffee pani pattadu undi bro,2,bad,telugu
bruh fried rice was disgusting af,2,bad,english
toor dal khake maja aa gaya full feel aaya,5,good,hindi
gobi paratha tinda mele taste illa bro,1,bad,kannada
mess pizza khali waste,3,bad,telugu
appam skip maadi kemp agide,2,bad,kannada
mess lo tadka dal mast undi undi,5,good,telugu
mess alli halwa nalla aithu,5,good,kannada
bro the burger was lit,4,good,english
fried rice khake full mast feel aaya,5,good,hindi
mess momos eat cheyaleka,1,bad,telugu
appam tini tarvata eat cheyaleka,3,bad,telugu
omelette na khao hai yaar,1,bad,punjabi
aloo paratha tinda mele super aithu feel aaithu,5,good,kannada
yaar fried rice ekdum lajawab si si,4,good,punjabi
bh sach mein samosa khana hi nahi,2,bad,hindi
seriously medu vada taste leka,2,bad,telugu
nah scrambled egg is mid,1,bad,english
bro bhel puri full enjoy,4,good,telugu
cutlet try chesthe perfect ga undi,4,good,telugu
coffee khake bahut tasty feel aaya,5,good,hindi
pongal tini tarvata feel full enjoy,5,good,telugu
tried bonda regret straight garbage,1,bad,english
ch is straight straight garbage,1,bad,english
mess puttu full ella illa,1,bad,kannada
nah burger is disgusting af,1,bad,english
medu vada is straight mid,1,bad,english
coffee try karo lajawab si,5,good,punjabi
bhai sach mein noodles bilkul ghatiya,1,bad,hindi
mess mein chana dal bahut tasty tha,4,good,hindi
ninna bhajji tinte tasty ga undi anipinchindi,5,good,telugu
uppit tinda mele maja bandide feel aaithu,4,good,kannada
sheera tinda mele nalla aithu feel aaithu,4,good,kannada
kesari khake regret ho reha feel,1,bad,punjabi
mess mein kesari lajawab tha,5,good,hindi
bh sach mein scrambled egg bilkul ghatiya,1,bad,hindi
seriously bro manchurian disgusting aithu,1,bad,kannada
puttu khake zabardast si feel hoya,5,good,punjabi
yo omelette was straight up fire,4,good,english
mess lo toast tasty ga undi undi,5,good,telugu
bro gulab jamun was zero stars,2,bad,english
sheera skip maadi bekagilla,2,bad,kannada
bhai bhel puri lajawab si hai,5,good,punjabi
mess sheera full kemp agide,3,bad,kannada
full gulab jamun tasty bandu bro,5,good,kannada
lassi try karo solid taste,5,good,punjabi
bro the sheera was crazy good,4,good,english
scrambled egg skip karo zahar hai,1,bad,punjabi
bro vada pav was straight garbage,1,bad,english
mess appam is fire,5,good,english
rasgulla try madi tasty bandu,5,good,kannada
ninna aloo paratha tinte mast undi anipinchindi,5,good,telugu
puttu skip karo ghatiya si hai,1,bad,punjabi
jalebi khake ekdum perfect feel hoya,4,good,punjabi
pulao skip karo taste zero hai,2,bad,punjabi
scrambled egg try cheyakandi khali waste,3,bad,telugu
omelette try karo kamaal,5,good,punjabi
bhai halwa bahut tasty,4,good,hindi
bro the samosa was legendary,4,good,english
bhai sach mein dhokla ulti aa gayi,2,bad,hindi
full fried rice yummy bro,5,good,kannada
omelette khake faltu feel,1,bad,punjabi
soup khake regret ho reha feel,2,bad,punjabi
mess ka poori bewakoof banaya,1,bad,hindi
bro bhel puri was mid,3,bad,english
gobi paratha khake maja aa gaya full feel aaya,5,good,hindi
yo scrambled egg was straight up crazy good,5,good,english
rasgulla try chesthe mast undi,4,good,telugu
nah uppit is disgusting af,1,bad,english
mess gulab jamun is slaps,5,good,english
bhajji khake ulti aa gayi feel,2,bad,hindi
ninna medu vada tinte perfect ga undi anipinchindi,4,good,telugu
bhai seriously poori taste zero,1,bad,punjabi
mess alli pakoda nalla aithu,5,good,kannada
soup khake ekdum zabardast feel aaya,5,good,hindi
medu vada tini tarvata taste leka,1,bad,telugu
mess ch samosa solid taste si,4,good,punjabi
jalebi tini tarvata mood off,2,bad,telugu
bhai pizza kamaal hai,5,good,punjabi
pasta mat khao bewakoof banaya h,1,bad,hindi
momos khana hi nahi hai bhai,1,bad,hindi
tried manchurian regret zero stars,1,bad,english
tadka dal khake regret feel,2,bad,hindi
halwa hits different no cap good,5,good,english
mess lo maggi baga tasty undi,5,good,telugu
mess mein chana dal ekdum zabardast tha,5,good,hindi
bro toor dal full sakkath aithu,4,good,kannada
yaar maggi to ekdum ekdum zabardast,5,good,hindi
aloo paratha regret ho reha hai yaar,1,bad,punjabi
mess rasgulla eat cheyaleka,2,bad,telugu
mess poori lowkey zero stars,3,bad,english
bhai seriously maggi taste zero,1,bad,punjabi
seriously bro appam mood spoil,2,bad,kannada
pulao try karo solid taste,5,good,punjabi
boiled egg try karo solid taste,5,good,punjabi
yaar bhajji to ekdum lajawab,4,good,hindi
fried rice skip karo zahar hai,1,bad,punjabi
halwa khake paisa barbaad feel,2,bad,hindi
mess bhel puri is bussin,5,good,english
omelette tini tarvata feel tasty ga undi,5,good,telugu
yaar uppit ekdum kamaal si,5,good,punjabi
appam try chesda manchi,5,good,telugu
tried gulab jamun and it was absolutely fire,4,good,english
mess vada pav full waste piece,1,bad,kannada
full momos nalla aithu bruh,5,good,kannada
dhokla skip maadi waste piece,1,bad,kannada
yaar burger ekdum lajawab si si,4,good,punjabi
sandwich skip karo mood kharab ho gayi hai,3,bad,punjabi
mess ka dal fry bilkul ghatiya,1,bad,hindi
tried samosa and it was lit,5,good,english
tried sheera and it was legendary,5,good,english
soup try chesthe perfect ga undi,5,good,telugu
yo fried rice was straight up absolutely fire,5,good,english
puttu mat khao paisa barbaad hai,1,bad,hindi
dal fry regret ho reha hai yaar,3,bad,punjabi
yaar bonda to ekdum bahut tasty,5,good,hindi
yaar medu vada to ekdum perfect tha,5,good,hindi
masoor dal try chesthe superb ga undi,5,good,telugu
burger waste piece guru,1,bad,kannada
jalebi khake paisa barbaad feel,1,bad,hindi
noodles khake lajawab feel aaya,4,good,hindi
yaar sandwich ekdum zabardast si si,5,good,punjabi
nah lassi is not it,2,bad,english
dal fry is straight not it,1,bad,english
bonda zahar hai yaar,1,bad,punjabi
halwa taste zero hai yaar,1,bad,punjabi
mess toast full taste illa bro,1,bad,kannada
mess lo dhokla mast undi undi,5,good,telugu
scrambled egg khake zabardast si feel hoya,4,good,punjabi
toast khake ekdum perfect feel hoya,4,good,punjabi
dhokla khake maja aa gaya full feel aaya,5,good,hindi
maggi bekagilla guru,2,bad,kannada
lassi pani pattadu undi bro,1,bad,telugu
yo omelette was straight up slaps,4,good,english
mess rasgulla is legendary,5,good,english
mess omelette full disgusting aithu,1,bad,kannada
bro omelette tasty ga undi,4,good,telugu
bro appam was not it,2,bad,english
tried pongal and it was absolutely fire,5,good,english
yo chana dal was straight up slaps,4,good,english
mess alli pongal nalla aithu,4,good,kannada
toast tini tarvata feel manchi,5,good,telugu
appam khake regret ho reha feel,2,bad,punjabi
mess sheera full ella illa,2,bad,kannada
lassi skip maadi bekagilla,2,bad,kannada
poori disgusting undi bro,3,bad,telugu
ninna medu vada tinte mast undi anipinchindi,5,good,telugu
yaar manchurian ekdum ekdum perfect si,5,good,punjabi
bro bajji was zero stars,1,bad,english
mess da medu vada mood kharab ho gayi,3,bad,punjabi
bhai sach mein poori ulti aa gayi,2,bad,hindi
pav bhaji try cheyakandi eat cheyaleka,1,bad,telugu
mess alli aloo paratha super aithu,5,good,kannada
bhai fried rice perfect tha,5,good,hindi
bh sach mein bhajji bohot kharab,2,bad,hindi
fried rice tinda mele kemp agide,1,bad,kannada
masoor dal khake na khao feel,1,bad,punjabi
maggi try chesthe full enjoy,5,good,telugu
seriously bhajji pani pattadu,1,bad,telugu
bhel puri try cheyakandi disgusting,1,bad,telugu
mess ka gobi paratha regret,2,bad,hindi
mess lo boiled egg baga tasty undi,5,good,telugu
mess ka manchurian regret,1,bad,hindi
yo medu vada was straight up legendary,5,good,english
bruh the rasgulla was slaps,5,good,english
nah uppit is mid,3,bad,english
yo kachori was straight up bussin,4,good,english
tried sandwich and it was fire,5,good,english
mess da poori regret ho reha,2,bad,punjabi
masoor dal khake na khao feel,2,bad,punjabi
chana dal try chesthe baga tasty,4,good,telugu
pulao try karo zabardast si,4,good,punjabi
bhai pizza ekdum perfect hai,4,good,punjabi
vada pav khake lajawab si feel hoya,4,good,punjabi
mess manchurian khali waste,1,bad,telugu
mess alli pizza yummy,5,good,kannada
bhai dhokla lajawab si hai,5,good,punjabi
nah toor dal is ruined my day,2,bad,english
mess pav bhaji khali waste,3,bad,telugu
medu vada khake khana hi nahi feel,2,bad,hindi
mess mein cutlet perfect tha tha,5,good,hindi
mess ka momos ulti aa gayi,3,bad,hindi
rasgulla bekagilla guru,2,bad,kannada
coffee tini tarvata disgusting,2,bad,telugu
boiled egg try chesda manchi,5,good,telugu
mess alli fried rice yummy,5,good,kannada
bro rasgulla super aithu aithu,5,good,kannada
seriously bro pav bhaji bekagilla,1,bad,kannada
bonda tinda mele super aithu feel aaithu,5,good,kannada
coffee mat khao ulti aa gayi hai,1,bad,hindi
seriously bro uppit bekagilla,2,bad,kannada
mess ch gobi paratha solid taste si,4,good,punjabi
bro da pakoda was legendary,5,good,english
nah manchurian is disgusting af,1,bad,english
bro dal fry maja bandide aithu,5,good,kannada
mess ch kesari ekdum perfect si,5,good,punjabi
pakoda taste zero hai yaar,1,bad,punjabi
lassi taste leka undi bro,1,bad,telugu
mess da pakoda faltu,2,bad,punjabi
ninna masoor dal tinte mast undi anipinchindi,4,good,telugu
manchurian try karo lajawab si,5,good,punjabi
ninna soup tinte tasty ga undi anipinchindi,4,good,telugu
uppit khake regret ho reha feel,1,bad,punjabi
mess ch aloo paratha daab aa gayi si,5,good,punjabi
kesari mat khao ulti aa gayi hai,1,bad,hindi
nah noodles is zero stars,1,bad,english
bajji try chesthe superb ga undi,5,good,telugu
bonda try karo ekdum zabardast hai,5,good,hindi
sheera khali waste undi bro,1,bad,telugu
pongal tinda mele tasty bandu feel aaithu,4,good,kannada
bh halwa bahut tasty,4,good,hindi
sandwich mat khao bohot kharab h,1,bad,hindi
bhel puri try karo lajawab hai,4,good,hindi
bhai cutlet ekdum perfect hai,5,good,punjabi
yaar boiled egg to ekdum full mast,4,good,hindi
nah jalebi is L food,1,bad,english
soup try chesthe mast undi,5,good,telugu
mess medu vada is no cap good,4,good,english
coffee zahar hai yaar,1,bad,punjabi
bro pasta manchi,4,good,telugu
noodles khake zahar feel,1,bad,punjabi
vada pav khake paisa barbaad feel,2,bad,hindi
bro halwa mast undi,4,good,telugu
mess mein moong dal ekdum zabardast tha,5,good,hindi
jalebi tini tarvata feel baga tasty,4,good,telugu
yo soup was straight up slaps,5,good,english
bro the noodles was lit,4,good,english
poori skip maadi ella illa,2,bad,kannada
mess mein sandwich full mast tha,5,good,hindi
seriously bro dhokla mood spoil,1,bad,kannada
mess chai lowkey ruined my day,1,bad,english
pongal mood kharab ho gayi hai yaar,2,bad,punjabi
mess scrambled egg is lit,4,good,english
mess toast is fire,5,good,english
sheera try karo ekdum zabardast h,5,good,hindi
toast khake bahut tasty feel aaya,4,good,hindi
mess ka gobi paratha khana hi nahi,1,bad,hindi
bajji try karo zabardast si,4,good,punjabi
yo jalebi was straight up slaps,5,good,english
mess ch gobi paratha zabardast si si,5,good,punjabi
scrambled egg tini tarvata mood off,1,bad,telugu
soup try madi tasty bandu,4,good,kannada
mess tadka dal lowkey trash,1,bad,english
sheera bilkul ghatiya hai bhai,1,bad,hindi
bro appam nalla aithu aithu,5,good,kannada
nah pulao is zero stars,2,bad,english
ninna pakoda tinte full enjoy anipinchindi,4,good,telugu
seriously bro pulao kemp agide,1,bad,kannada
boiled egg hits different absolutely fire,5,good,english
bro appam full enjoy,5,good,telugu
mess da uppit faltu,1,bad,punjabi
kachori try chesthe full enjoy,4,good,telugu
mess ch maggi full mast si,5,good,punjabi
yo pasta was straight up fire,5,good,english
omelette try karo ekdum zabardast hai,5,good,hindi
kachori iz straight zero stars,2,bad,english
appam khake ekdum perfect feel hoya,5,good,punjabi
manchurian tini tarvata feel mast undi,4,good,telugu
puttu paisa barbaad hai bhai,2,bad,hindi
mess ch dal fry ekdum perfect si,4,good,punjabi
nah cutlet is L food,1,bad,english
full dal fry nalla aithu bro,5,good,kannada
ninna pasta tinte baga tasty anipinchindi,5,good,telugu
mess manchurian is fire,5,good,english
bhajji tinda mele kemp agide,1,bad,kannada
bro sandwich nalla aithu aithu,5,good,kannada
vada pav try karo kamaal ka hai,5,good,hindi
bro dhokla manchi,4,good,telugu
chai faltu hai yaar,1,bad,punjabi
seriously bro cutlet kemp agide,1,bad,kannada
jalebi tinda mele maja bandide feel aaithu,5,good,kannada
yaar pizza ekdum kamaal si,5,good,punjabi
mess da toast ghatiya si,1,bad,punjabi
boiled egg khake mood kharab ho gayi feel,2,bad,punjabi
yaar bajji ekdum ekdum perfect si,5,good,punjabi
bro soup tasty ga undi,5,good,telugu
mess alli masoor dal maja bandide,4,good,kannada
fried rice try madi perfect,4,good,kannada
rasgulla try cheyakandi khali waste,2,bad,telugu
aloo paratha tini tarvata feel manchi,5,good,telugu
yo pasta was straight up crazy good,5,good,english
yo omelette was straight up slaps,5,good,english
seriously bro puttu ella illa,2,bad,kannada
vada pav skip maadi taste illa bro,1,bad,kannada
rasgulla regret hai bhai,1,bad,hindi
mess ch chana dal solid taste si,5,good,punjabi
masoor dal khake lajawab feel aaya,5,good,hindi
soup try madi yummy,5,good,kannada
yaar appam ekdum lajawab si si,5,good,punjabi
nah momos is zero stars,1,bad,english
sheera regret ho reha hai yaar,2,bad,punjabi
burger try karo daab aa gayi,5,good,punjabi
yaar pakoda to ekdum perfect tha,4,good,hindi
mess mein maggi ekdum zabardast tha,5,good,hindi
bro tadka dal was mid,1,bad,english
mess ka pakoda paisa barbaad,1,bad,hindi
sheera try karo perfect tha hai,4,good,hindi
pakoda baledu bro undi bro,2,bad,telugu
tried kesari regret straight garbage,1,bad,english
jalebi khake bilkul ghatiya feel,1,bad,hindi
aloo paratha disgusting aithu guru,2,bad,kannada
bro sheera yummy aithu,5,good,kannada
momos tini tarvata feel superb ga undi,5,good,telugu
mess lo samosa superb ga undi undi,5,good,telugu
bhai seriously omelette na khao,2,bad,punjabi
gobi paratha khake regret ho reha feel,2,bad,punjabi
pav bhaji try karo zabardast si,5,good,punjabi
ninna puttu tinte manchi anipinchindi,5,good,telugu
mess rasgulla lowkey disgusting af,2,bad,english
pongal try karo ekdum zabardast hai,5,good,hindi
manchurian tini tarvata khali waste,1,bad,telugu
sheera try karo maja aa gaya full hai,5,good,hindi
mess puttu full kemp agide,1,bad,kannada
fried rice tinda mele kemp agide,1,bad,kannada
mess ch sandwich ekdum perfect si,4,good,punjabi
tried toor dal regret not it,3,bad,english
yo pakoda was straight up crazy good,5,good,english
nah boiled egg is not it,1,bad,english
medu vada taste zero h yaar,3,bad,punjabi
tried toor dal and it was fire,5,good,english
burger bewakoof banaya h bh,1,bad,hindi
yo moong dal was straight up slaps,4,good,english
nah bonda is not it,1,bad,english
nah bonda is L food,2,bad,english
mess puttu lowkey trash,1,bad,english
yaar scrambled egg to ekdum maja aa gaya full,4,good,hindi
mess medu vada full disgusting aithu,2,bad,kannada
chana dal try karo full mast hai,5,good,hindi
rasgulla skip maadi kemp agide,1,bad,kannada
nah samosa is straight garbage,1,bad,english
sheera try karo full mast h,5,good,hindi
mess kachori taste leka,2,bad,telugu
seriously dhokla eat cheyaleka,2,bad,telugu
pulao khake daab aa gayi feel hoya,5,good,punjabi
tried chana dal and it was no cap good,4,good,english
halwa baledu bro undi bro,1,bad,telugu
ninna moong dal tinte perfect ga undi anipinchindi,5,good,telugu
bhajji tini tarvata feel mast undi,5,good,telugu
bruh dal fry was trash,1,bad,english
chana dal skip maadi mood spoil,2,bad,kannada
coffee khake perfect tha feel aaya,5,good,hindi
bro the tadka dal was fire,5,good,english
vada pav skip maadi dizgusting aithu,2,bad,kannada
bonda try karo solid taste,5,good,punjabi
yo sandwich was straight up slaps,4,good,english
bro bhel puri tasty ga undi,5,good,telugu
gulab jamun mat khao bohot kharab h,2,bad,hindi
full toor dal tasty bandu bro,5,good,kannada
maggi skip maadi taste illa bro,1,bad,kannada
ninna soup tinte superb ga undi anipinchindi,5,good,telugu
bhai pizza kamaal hai,5,good,punjabi
mess alli poori perfect,5,good,kannada
tried gulab jamun and it was no cap good,5,good,english
mess mein dal fry perfect tha tha,5,good,hindi
jalebi try chesda superb ga undi,5,good,telugu
mess pasta full ella illa,1,bad,kannada
mess lo halwa perfect ga undi undi,5,good,telugu
moong dal try karo bahut tasty hai,4,good,hindi
puttu khake faltu feel,1,bad,punjabi
yaar lassi to ekdum kamaal ka,5,good,hindi
coffee skip karo faltu hai,2,bad,punjabi
bh rasgulla kamaal h,4,good,punjabi
cutlet khake solid taste feel hoya,4,good,punjabi
halwa khali waste undi bro,2,bad,telugu
samosa try karo lajawab hai,4,good,hindi
pulao tinda mele super aithu feel aaithu,5,good,kannada
tried pav bhaji and it was top tier,5,good,english
nah gulab jamun is not it,3,bad,english
boiled egg khake ekdum zabardast feel aaya,5,good,hindi
toor dal try madi perfect,4,good,kannada
dal fry try chesthe superb ga undi,5,good,telugu
ninna poori tinte baga tasty anipinchindi,4,good,telugu
seriously bro bonda waste piece,3,bad,kannada
mess ch manchurian kamaal si,5,good,punjabi
mess boiled egg full waste piece,2,bad,kannada
bro moong dal tasty ga undi,5,good,telugu
bhai moong dal perfect tha,4,good,hindi
bajji try karo full mast,5,good,punjabi
pizza tinda mele yummy feel aaithu,5,good,kannada
appam hits different crazy good,5,good,english
mess alli poori tasty bandu,5,good,kannada
pulao tinda mele tasty bandu feel aaithu,4,good,kannada
mess vada pav is slaps,4,good,english
dhokla try karo kamaal ka h,5,good,hindi
mess kesari full kemp agide,1,bad,kannada
ninna chana dal tinte baga tasty anipinchindi,5,good,telugu
seriously medu vada eat cheyaleka,2,bad,telugu
toast khake bewakoof banaya feel,2,bad,hindi
gobi paratha khake faltu feel,1,bad,punjabi
burger khake bohot kharab feel,1,bad,hindi
seriously bro coffee ella illa,1,bad,kannada
pulao tinda mele nalla aithu feel aaithu,5,good,kannada
yaar omelette to ekdum kamaal ka,4,good,hindi
uppit skip maadi kemp agide,1,bad,kannada
mess alli kesari maja bandide,5,good,kannada
chai tini tarvata khali waste,1,bad,telugu
mess omelette mood off,1,bad,telugu
maggi try chesthe manchi,5,good,telugu
yaar pulao ekdum ekdum perfect si,4,good,punjabi
halwa khake na khao feel,1,bad,punjabi
tried kachori and it was slaps,5,good,english
sandwich disgusting undi bro,1,bad,telugu
scrambled egg tinda mele waste piece,1,bad,kannada
mess da poori na khao,2,bad,punjabi
bro chai yummy aithu,5,good,kannada
bro pav bhaji was l food,3,bad,english
chai try madi maja bandide,5,good,kannada
toast taste zero hai yaar,1,bad,punjabi
kesari mat khao regret hai,1,bad,hindi
bhai dal fry kamaal ka,5,good,hindi
yaar vada pav ekdum solid taste si,4,good,punjabi
jalebi skip karo faltu hai,1,bad,punjabi
coffee tini tarvata taste leka,2,bad,telugu
dal fry try karo lajawab hai,4,good,hindi
mess ka bajji bewakoof banaya,2,bad,hindi
bro gulab jamun super aithu aithu,5,good,kannada
yaar medu vada to ekdum bahut tasty,5,good,hindi
mess kachori full taste illa bro,3,bad,kannada
coffee is straight trash,1,bad,english
tried gobi paratha regret disgusting af,3,bad,english
bro the aloo paratha was lit,5,good,english
soup khake ulti aa gayi feel,1,bad,hindi
mess samosa is bussin,5,good,english
mess alli samosa perfect,5,good,kannada
mess ka gobi paratha regret,3,bad,hindi
bhai soup full mast,5,good,hindi
mess rasgulla full ella illa,1,bad,kannada
kachori faltu h yaar,2,bad,punjabi
scrambled egg try karo ekdum zabardast hai,5,good,hindi
nah noodles is ruined my day,1,bad,english
tried gobi paratha regret not it,2,bad,english
coffee khake ghatiya si feel,1,bad,punjabi
tried toor dal and it was absolutely fire,5,good,english
mess mein poori lajawab tha,4,good,hindi
gulab jamun skip maadi waste piece,1,bad,kannada
seriously bro appam mood spoil,3,bad,kannada
tried scrambled egg and it was lit,5,good,english
seriously maggi baledu bro,1,bad,telugu
lassi bekagilla guru,1,bad,kannada
bhai scrambled egg ekdum perfect hai,5,good,punjabi
yo coffee was straight up top tier,5,good,english
soup khake na khao feel,2,bad,punjabi
mess toor dal full disgusting aithu,1,bad,kannada
lassi tini tarvata pani pattadu,2,bad,telugu
ninna momos tinte full enjoy anipinchindi,4,good,telugu
pasta tini tarvata feel perfect ga undi,4,good,telugu
tried pasta and it was no cap good,4,good,english
mess alli lassi full sakkath,4,good,kannada
pav bhaji mat khao paisa barbaad hai,1,bad,hindi
ninna pongal tinte manchi anipinchindi,4,good,telugu
seriously maggi disgusting,2,bad,telugu
aloo paratha tini tarvata eat cheyaleka,1,bad,telugu
sandwich skip maadi dizgusting aithu,3,bad,kannada
nah pongal iz straight garbage,2,bad,english
dhokla try cheyakandi khali waste,1,bad,telugu
puttu skip maadi ella illa,2,bad,kannada
burger tinda mele yummy feel aaithu,4,good,kannada
mess da toor dal mood kharab ho gayi,2,bad,punjabi
jalebi tinda mele ella illa,2,bad,kannada
halwa ghatiya si hai yaar,1,bad,punjabi
sheera khake na khao feel,1,bad,punjabi
dal fry tini tarvata disgusting,2,bad,telugu
uppit khake taste zero feel,1,bad,punjabi
bajji tinda mele ella illa,1,bad,kannada
toor dal mat khao bohot kharab hai,3,bad,hindi
mess ch tadka dal kamaal si,4,good,punjabi
bro puttu was l food,1,bad,english
mess burger lowkey trash,1,bad,english
tried kachori regret zero stars,2,bad,english
coffee na khao hai yaar,1,bad,punjabi
pongal try cheyakandi taste leka,1,bad,telugu
yaar pasta to ekdum perfect tha,4,good,hindi
bro dhokla yummy aithu,4,good,kannada
seriously noodles disgusting,1,bad,telugu
rasgulla skip karo ghatiya si hai,1,bad,punjabi
toast disgusting undi bro,1,bad,telugu
mess pasta taste leka,2,bad,telugu
mess mein puttu perfect tha tha,4,good,hindi
bro moong dal superb ga undi,5,good,telugu
yo tadka dal was straight up slaps,5,good,english
scrambled egg khake kamaal ka feel aaya,4,good,hindi
bajji mat khao paisa barbaad hai,1,bad,hindi
chai pani pattadu undi bro,1,bad,telugu
ninna masoor dal tinte full enjoy anipinchindi,5,good,telugu
mess boiled egg khali waste,2,bad,telugu
tried noodles and it was lit,5,good,english
seriously bro chai bekagilla,1,bad,kannada
kesari try madi perfect,5,good,kannada
manchurian tinda mele waste piece,1,bad,kannada
pasta try karo bahut tasty hai,5,good,hindi
pav bhaji tinda mele bekagilla,2,bad,kannada
boiled egg try chesthe mast undi,5,good,telugu
mess pizza full kemp agide,1,bad,kannada
mess ka momos paisa barbaad,2,bad,hindi
soup mat khao bewakoof banaya hai,3,bad,hindi
vada pav mood off undi bro,1,bad,telugu
mess lo kesari mast undi undi,5,good,telugu
mess kesari is lit,5,good,english
bruh chana dal maja bandide aithu,5,good,kannada
sandwich tini tarvata feel superb ga undi,4,good,telugu
pizza try cheyakandi khali waste,2,bad,telugu
uppit try madi perfect,4,good,kannada
yaar soup ekdum ekdum perfect si,4,good,punjabi
maggi tini tarvata feel tasty ga undi,5,good,telugu
dal fry skip maadi kemp agide,1,bad,kannada
bro omelette tasty ga undi,5,good,telugu
pakoda na khao hai yaar,2,bad,punjabi
puttu taste zero hai yaar,1,bad,punjabi
mess alli halwa tasty bandu,4,good,kannada
dal fry ella illa guru,3,bad,kannada
uppit khake maja aa gaya full feel aaya,4,good,hindi
seriously sheera mood off,1,bad,telugu
maggi try karo zabardast si,5,good,punjabi
noodles regret ho reha hai yaar,1,bad,punjabi
mess samosa khali waste,1,bad,telugu
maggi tinda mele bekagilla,3,bad,kannada
mess lo noodles manchi undi,5,good,telugu
appam is straight trash,1,bad,english
mess pizza lowkey not it,1,bad,english
dal fry regret hai bhai,1,bad,hindi
seriously pakoda eat cheyaleka,2,bad,telugu
cutlet khake taste zero feel,3,bad,punjabi
bhai sach mein vada pav bewakoof banaya,2,bad,hindi
appam mood kharab ho gayi hai yaar,1,bad,punjabi
mess ch fried rice daab aa gayi si,5,good,punjabi
mess kachori is crazy good,5,good,english
noodles khake bohot kharab feel,2,bad,hindi
mess lo halwa tasty ga undi undi,4,good,telugu
yo pongal was straight up fire,5,good,english
mess ka chana dal bohot kharab,1,bad,hindi
uppit is straight not it,1,bad,english
mess da kesari regret ho reha,1,bad,punjabi
seriously masoor dal taste leka,3,bad,telugu
fried rice bewakoof banaya hai bhai,1,bad,hindi
lassi tini tarvata mood off,1,bad,telugu
mess mein chana dal ekdum zabardast tha,4,good,hindi
bro the pakoda was fire,5,good,english
burger ulti aa gayi hai bhai,1,bad,hindi
maggi khake kamaal feel hoya,4,good,punjabi
chana dal try karo solid taste,4,good,punjabi
mess manchurian is lit,4,good,english
mess gobi paratha khali waste,1,bad,telugu
bhai seriously dal fry ghatiya si,2,bad,punjabi
bhai seriously bonda mood kharab ho gayi,2,bad,punjabi
full manchurian yummy bro,5,good,kannada
mess chai lowkey trash,1,bad,english
pasta khake zahar feel,2,bad,punjabi
samosa is straight ruined my day,1,bad,english
tried sheera regret not it,2,bad,english
bro dal fry was straight garbage,1,bad,english
kesari tini tarvata feel perfect ga undi,4,good,telugu
bhai coffee lajawab si hai,5,good,punjabi
fried rice try karo lajawab si,4,good,punjabi
lassi tinda mele yummy feel aaithu,5,good,kannada
bro bhajji tasty ga undi,5,good,telugu
yo pakoda was straight up fire,5,good,english
pakoda khake na khao feel,2,bad,punjabi
bro the pizza was no cap good,5,good,english
puttu khake mood kharab ho gayi feel,2,bad,punjabi
bro lassi tasty bandu aithu,5,good,kannada
yo gobi paratha was straight up fire,5,good,english
tried pongal and it was fire,5,good,english
pasta try madi super aithu,5,good,kannada
seriously bro tadka dal disgusting aithu,1,bad,kannada
bhai sach mein vada pav paisa barbaad,1,bad,hindi
mess lo fried rice perfect ga undi undi,4,good,telugu
bhai seriously kesari ghatiya si,1,bad,punjabi
toor dal khake bohot kharab feel,1,bad,hindi
gulab jamun pani pattadu undi bro,2,bad,telugu
coffee is straight trash,3,bad,english
yaar coffee to ekdum full mast,5,good,hindi
full soup yummy bro,4,good,kannada
yaar puttu ekdum daab aa gayi si,5,good,punjabi
tried pulao and it was top tier,5,good,english
nah appam is disgusting af,2,bad,english
scrambled egg try chesda mast undi,5,good,telugu
mess da manchurian taste zero,2,bad,punjabi
fried rice khake mood kharab ho gayi feel,1,bad,punjabi
mess da omelette regret ho reha,3,bad,punjabi
mess fried rice lowkey trash,1,bad,english
mess lo uppit perfect ga undi undi,4,good,telugu
nah pizza is not it,1,bad,english
bro rasgulla manchi,5,good,telugu
bro gulab jamun was straight garbage,2,bad,english
seriously bro bonda taste illa bro,1,bad,kannada
pasta khake zahar feel,1,bad,punjabi
full sheera nalla aithu bro,5,good,kannada
seriously bro bhajji ella illa,1,bad,kannada
pakoda khake kamaal ka feel aaya,5,good,hindi
bhai toor dal kamaal hai,5,good,punjabi
seriously bro toor dal ella illa,3,bad,kannada
poori try karo lajawab h,4,good,hindi
mess ch scrambled egg full mast si,5,good,punjabi
mess masoor dal full kemp agide,1,bad,kannada
jalebi try madi perfect,5,good,kannada
mess bajji lowkey ruined my day,1,bad,english
soup tini tarvata feel superb ga undi,5,good,telugu
mess gulab jamun full taste illa bro,2,bad,kannada
noodles ulti aa gayi hai bhai,2,bad,hindi
bro masoor dal was zero stars,1,bad,english
soup tinda mele disgusting aithu,2,bad,kannada
mess kesari lowkey trash,2,bad,english
tried burger regret trash,2,bad,english
bro poori was zero stars,1,bad,english
gobi paratha khake perfect tha feel aaya,5,good,hindi
mess mein pav bhaji kamaal ka tha,4,good,hindi
mess lo vada pav perfect ga undi undi,5,good,telugu
yaar noodles to ekdum bahut tasty,5,good,hindi
omelette kemp agide guru,1,bad,kannada
yo tadka dal was straight up top tier,4,good,english
kesari is straight disgusting af,1,bad,english
manchurian tini tarvata pani pattadu,2,bad,telugu
mess alli boiled egg yummy,5,good,kannada
pasta khake daab aa gayi feel hoya,4,good,punjabi
gulab jamun bilkul ghatiya hai bhai,3,bad,hindi
samosa tinda mele ella illa,3,bad,kannada
halwa tini tarvata feel mast undi,5,good,telugu
pakoda try karo bahut tasty hai,5,good,hindi
bro da kachori was no cap good,5,good,english
mess ka tadka dal regret,2,bad,hindi
full poori tasty bandu bro,5,good,kannada
yaar tadka dal ekdum solid taste si,5,good,punjabi
toor dal try cheyakandi disgusting,1,bad,telugu
vada pav tinda mele kemp agide,1,bad,kannada
gobi paratha tinda mele perfect feel aaithu,4,good,kannada
pulao is straight zero stars,1,bad,english
pav bhaji tini tarvata feel tasty ga undi,4,good,telugu
uppit try madi full sakkath,5,good,kannada
jalebi khake ghatiya si feel,2,bad,punjabi
samosa khake ekdum zabardast feel aaya,5,good,hindi
bro pongal full enjoy,5,good,telugu
fried rice try karo solid taste,5,good,punjabi
bro da pav bhaji was lit,5,good,english
mess coffee full ella illa,1,bad,kannada
burger tinda mele waste piece,1,bad,kannada
bhai pakoda ekdum perfect hai,4,good,punjabi
mess mein pav bhaji perfect tha tha,4,good,hindi
pakoda try chesthe superb ga undi,4,good,telugu
yaar kachori to ekdum full mast,5,good,hindi
tried kesari regret trash,2,bad,english
tried coffee regret disgusting af,2,bad,english
appam tini tarvata feel superb ga undi,4,good,telugu
bro sandwich was L food,1,bad,english
mess da kesari faltu,1,bad,punjabi
mess alli burger tasty bandu,5,good,kannada
mess maggi full taste illa bro,3,bad,kannada
yaar burger ekdum zabardast si si,4,good,punjabi
burger tini tarvata pani pattadu,1,bad,telugu
mess da pasta mood kharab ho gayi,1,bad,punjabi
dal fry tini tarvata feel baga tasty,4,good,telugu
mess pakoda pani pattadu,1,bad,telugu
chana dal tini tarvata feel mast undi,4,good,telugu
bhai seriously tadka dal mood kharab ho gayi,1,bad,punjabi
bro dhokla maja bandide aithu,5,good,kannada
nah moong dal is straight garbage,2,bad,english
mess lo medu vada manchi undi,5,good,telugu
tried sheera and it was top tier,5,good,english
medu vada khake daab aa gayi feel hoya,5,good,punjabi
kachori kemp agide guru,2,bad,kannada
chana dal khake ekdum zabardast feel aaya,4,good,hindi
bhai sach mein pizza khana hi nahi,1,bad,hindi
mess pizza lowkey trash,3,bad,english
noodles baledu bro undi bro,2,bad,telugu
masoor dal skip maadi ella illa,1,bad,kannada
dhokla tinda mele nalla aithu feel aaithu,5,good,kannada
sandwich skip maadi mood spoil,1,bad,kannada
sandwich tinda mele maja bandide feel aaithu,5,good,kannada
pakoda try karo kamaal ka hai,5,good,hindi
bhajji skip karo taste zero hai,2,bad,punjabi
bhajji is straight trash,1,bad,english
chana dal tinda mele nalla aithu feel aaithu,4,good,kannada
mess kachori full taste illa bro,1,bad,kannada
samosa tini tarvata pani pattadu,2,bad,telugu
noodles tini tarvata pani pattadu,1,bad,telugu
mess ch bhajji kamaal si,4,good,punjabi
seriously bro scrambled egg bekagilla,2,bad,kannada
bhai seriously lassi mood kharab ho gayi,1,bad,punjabi
mess burger full mood spoil,1,bad,kannada
bhai sandwich solid taste hai,5,good,punjabi
mess ch medu vada ekdum perfect si,5,good,punjabi
mess aloo paratha is top tier,5,good,english
yaar pizza ekdum full mast si,5,good,punjabi
mess manchurian iz legendary,5,good,english
manchurian zahar hai yaar,1,bad,punjabi
pav bhaji try karo kamaal,5,good,punjabi
scrambled egg khake ulti aa gayi feel,1,bad,hindi
nah bhel puri is mid,2,bad,english
yo vada pav was straight up top tier,5,good,english
soup taste zero hai yaar,1,bad,punjabi
jalebi khake kamaal ka feel aaya,5,good,hindi
noodles try karo perfect tha hai,4,good,hindi
mess pulao is slaps,5,good,english
mess rasgulla mood off,3,bad,telugu
maggi khake faltu feel,3,bad,punjabi
mess da medu vada regret ho reha,1,bad,punjabi
ninna jalebi tinte manchi anipinchindi,5,good,telugu
puttu try karo ekdum zabardast hai,5,good,hindi
yo fried rice was straight up lit,4,good,english
pongal iz straight l food,1,bad,english
mess da gulab jamun regret ho reha,2,bad,punjabi
bhai sach mein sandwich bilkul ghatiya,1,bad,hindi
manchurian mood spoil guru,1,bad,kannada
fried rice mat khao bewakoof banaya hai,2,bad,hindi
yo toor dal was straight up fire,5,good,english
gulab jamun skip karo mood kharab ho gayi hai,1,bad,punjabi
poori taste illa bro guru,1,bad,kannada
gobi paratha tinda mele maja bandide feel aaithu,5,good,kannada
poori khake bahut tasty feel aaya,5,good,hindi
tried puttu regret disgusting af,1,bad,english
pongal mat khao bohot kharab hai,1,bad,hindi
jalebi skip karo regret ho reha hai,1,bad,punjabi
sheera try cheyakandi disgusting,2,bad,telugu
burger faltu hai yaar,2,bad,punjabi
mess da soup zahar,3,bad,punjabi
mess omelette baledu bro,1,bad,telugu
full gulab jamun perfect bro,5,good,kannada
bhai jalebi lajawab,4,good,hindi
pizza khake zabardast si feel hoya,5,good,punjabi
cutlet try cheyakandi khali waste,1,bad,telugu
bhai chai full mast hai,5,good,punjabi
mess bonda full bekagilla,1,bad,kannada
lassi khake na khao feel,2,bad,punjabi
vada pav mat khao regret hai,2,bad,hindi
puttu mat khao paisa barbaad hai,2,bad,hindi
bhai sach mein pongal bilkul ghatiya,1,bad,hindi
yaar medu vada ekdum kamaal si,4,good,punjabi
seriously sandwich baledu bro,1,bad,telugu
chana dal try madi nalla aithu,5,good,kannada
cutlet tini tarvata baledu bro,1,bad,telugu
sheera is straight l food,1,bad,english
mess lo samosa baga tasty undi,4,good,telugu
bro pasta perfect ga undi,4,good,telugu
mess mein noodles lajawab tha,5,good,hindi
yaar halwa ekdum lajawab si si,4,good,punjabi
kesari mat khao khana hi nahi hai,1,bad,hindi
burger try madi perfect,5,good,kannada
pongal hits different fire,4,good,english
pasta khake bahut tasty feel aaya,5,good,hindi
tried masoor dal and it was lit,5,good,english
nah omelette is ruined my day,2,bad,english
vada pav try karo ekdum perfect,5,good,punjabi
gulab jamun tini tarvata feel baga tasty,4,good,telugu
mess ka samosa khana hi nahi,3,bad,hindi
mess ka tadka dal ulti aa gayi,2,bad,hindi
seriously dal fry baledu bro,2,bad,telugu
tried dhokla and it was fire,5,good,english
yaar bajji ekdum full mast si,5,good,punjabi
mess bonda full disgusting aithu,3,bad,kannada
pulao hits different absolutely fire,5,good,english
bro coffee was zero stars,2,bad,english
bro the burger was lit,5,good,english
mess bonda full kemp agide,2,bad,kannada
full gulab jamun maja bandide bro,5,good,kannada
bonda khake zahar feel,2,bad,punjabi
halwa mat khao ulti aa gayi hai,2,bad,hindi
dhokla try karo ekdum zabardast hai,5,good,hindi
toor dal skip maadi bekagilla,3,bad,kannada
yaar toast ekdum kamaal si,4,good,punjabi
bhai soup ekdum zabardast,5,good,hindi
chana dal khake bewakoof banaya feel,1,bad,hindi
appam try madi perfect,5,good,kannada
pizza skip karo ghatiya si hai,1,bad,punjabi
scrambled egg is straight trash,1,bad,english
mess chai disgusting,1,bad,telugu
moong dal disgusting aithu guru,2,bad,kannada
mess ch toor dal kamaal si,5,good,punjabi
boiled egg mat khao ulti aa gayi hai,1,bad,hindi
bhai boiled egg ekdum zabardast,5,good,hindi
aloo paratha try karo ekdum zabardast hai,5,good,hindi
toor dal disgusting undi bro,3,bad,telugu
ninna boiled egg tinte perfect ga undi anipinchindi,5,good,telugu
seriously bro gulab jamun disgusting aithu,2,bad,kannada
seriously bro burger taste illa bro,3,bad,kannada
cutlet waste piece guru,2,bad,kannada
bro the pakoda was top tier,5,good,english
dal fry khake solid taste feel hoya,5,good,punjabi
jalebi khake ekdum zabardast feel aaya,5,good,hindi
halwa skip maadi taste illa bro,2,bad,kannada
dhokla try cheyakandi disgusting,2,bad,telugu
poori try cheyakandi disgusting,1,bad,telugu
mess maggi lowkey trash,1,bad,english
fried rice mat khao ulti aa gayi hai,2,bad,hindi
aloo paratha hits different bussin,5,good,english
mess bajji is top tier,5,good,english
pakoda is straight not it,1,bad,english
tried soup regret disgusting af,1,bad,english
boiled egg tinda mele taste illa bro,1,bad,kannada
rasgulla tinda mele yummy feel aaithu,4,good,kannada
bhai seriously noodles ghatiya si,2,bad,punjabi
kachori try chesda manchi,5,good,telugu
scrambled egg try chesthe tasty ga undi,5,good,telugu
bro the cutlet was bussin,5,good,english
yo dal fry was straight up lit,4,good,english
chai eat cheyaleka undi bro,1,bad,telugu
puttu khake paisa barbaad feel,1,bad,hindi
yaar kesari to ekdum full mast,5,good,hindi
yo ch was straight up crazy good,4,good,english
tadka dal khake ghatiya si feel,1,bad,punjabi
bhai moong dal daab aa gayi hai,5,good,punjabi
mess da kesari taste zero,1,bad,punjabi
yaar uppit ekdum ekdum perfect si,4,good,punjabi
rasgulla mat khao khana hi nahi hai,2,bad,hindi
seriously bro gobi paratha kemp agide,1,bad,kannada
full toast maja bandide bro,5,good,kannada
poori dizgusting aithu guru,1,bad,kannada
yaar kachori to ekdum full mast,5,good,hindi
puttu paisa barbaad hai bhai,1,bad,hindi
scrambled egg tini tarvata feel manchi,5,good,telugu
omelette try karo ekdum zabardast hai,5,good,hindi
medu vada ghatiya si hai yaar,1,bad,punjabi
lassi try chesthe full enjoy,5,good,telugu
gobi paratha hits different absolutely fire,5,good,english
bro samosa perfect aithu,4,good,kannada
mess ka scrambled egg bilkul ghatiya,2,bad,hindi
maggi skip maadi ella illa,2,bad,kannada
gulab jamun khake full mast feel hoya,5,good,punjabi
cutlet try chesthe perfect ga undi,5,good,telugu
tried sandwich regret zero stars,1,bad,english
mess pulao mood off,1,bad,telugu
full pakoda perfect bro,4,good,kannada
lassi tinda mele taste illa bro,1,bad,kannada
pakoda na khao hai yaar,2,bad,punjabi
jalebi bilkul ghatiya hai bhai,2,bad,hindi
full sheera super aithu bruh,4,good,kannada
mess scrambled egg full bekagilla,1,bad,kannada
cutlet try karo kamaal,4,good,punjabi
seriously bro pakoda kemp agide,1,bad,kannada
tried maggi regret trash,1,bad,english
tried soup and it was fire,5,good,english
full gulab jamun full sakkath bro,5,good,kannada
mess da bhel puri zahar,1,bad,punjabi
mess aloo paratha full waste piece,2,bad,kannada
chana dal zahar hai yaar,2,bad,punjabi
bhai sach mein bajji ulti aa gayi,2,bad,hindi
bhai sach mein tadka dal bohot kharab,2,bad,hindi
mess halwa iz bussin,5,good,english
poori mood spoil guru,1,bad,kannada
medu vada try madi super aithu,5,good,kannada
tried burger regret mid,2,bad,english
mess alli chai super aithu,5,good,kannada
mess poori iz slaps,5,good,english
yaar aloo paratha to ekdum lajawab,5,good,hindi
jalebi skip karo mood kharab ho gayi h,3,bad,punjabi
uppit tini tarvata feel mast undi,4,good,telugu
omelette regret ho reha hai yaar,3,bad,punjabi
full poori perfect bro,4,good,kannada
toast tini tarvata eat cheyaleka,2,bad,telugu
pongal tini tarvata eat cheyaleka,2,bad,telugu
bajji skip maadi mood spoil,1,bad,kannada
mess medu vada lowkey zero stars,1,bad,english
mess scrambled egg is crazy good,5,good,english
yo cutlet was straight up crazy good,4,good,english
fried rice khake mood kharab ho gayi feel,1,bad,punjabi
yaar momos to ekdum maja aa gaya full,5,good,hindi
fried rice skip maadi bekagilla,1,bad,kannada
toast skip karo regret ho reha hai,1,bad,punjabi
seriously halwa khali waste,1,bad,telugu
bhai seriously lassi regret ho reha,1,bad,punjabi
fried rice hits different bussin,4,good,english
bonda tinda mele maja bandide feel aaithu,5,good,kannada
bro puttu yummy aithu,4,good,kannada
vada pav khake regret ho reha feel,1,bad,punjabi
soup tini tarvata feel manchi,5,good,telugu
uppit try karo zabardast si,5,good,punjabi
pasta khali waste undi bro,1,bad,telugu
mess puttu iz crazy good,4,good,english
yo maggi was straight up bussin,5,good,english
aloo paratha khana hi nahi hai bhai,1,bad,hindi
bhai seriously toor dal taste zero,1,bad,punjabi
burger tini tarvata disgusting,1,bad,telugu
seriously bro boiled egg waste piece,2,bad,kannada
mess mein manchurian full mast tha,5,good,hindi
mess bonda is slaps,5,good,english
full pongal full sakkath bro,5,good,kannada
yo noodles was straight up fire,4,good,english
medu vada mood spoil guru,1,bad,kannada
bhel puri skip maadi mood spoil,1,bad,kannada
dal fry try karo ekdum zabardast h,5,good,hindi
mess lo dhokla superb ga undi undi,5,good,telugu
gobi paratha try karo kamaal ka hai,5,good,hindi
seriously manchurian baledu bro,1,bad,telugu
moong dal khali waste undi bro,1,bad,telugu
yo pakoda was straight up crazy good,5,good,english
mess da dal fry ghatiya si,2,bad,punjabi
bro aloo paratha full enjoy,4,good,telugu
bhai sach mein jalebi bewakoof banaya,1,bad,hindi
bro pav bhaji baga tasty,5,good,telugu
jalebi try chesthe superb ga undi,5,good,telugu
soup tini tarvata taste leka,3,bad,telugu
mess ch coffee ekdum perfect si,4,good,punjabi
pakoda khake bewakoof banaya feel,1,bad,hindi
bhel puri mood spoil guru,2,bad,kannada
dhokla try cheyakandi taste leka,2,bad,telugu
mess ch samosa ekdum perfect si,5,good,punjabi
sandwich khake ekdum zabardast feel aaya,5,good,hindi
toast try karo kamaal ka hai,5,good,hindi
aloo paratha is straight zero stars,1,bad,english
bhai pizza full mast,4,good,hindi
mess da poori regret ho reha,1,bad,punjabi
maggi tinda mele yummy feel aaithu,5,good,kannada
mess rasgulla is absolutely fire,5,good,english
bhai boiled egg bahut tasty,5,good,hindi
sheera try madi nalla aithu,5,good,kannada
tried bonda regret straight garbage,2,bad,english
mess burger lowkey disgusting af,2,bad,english
omelette mat khao regret hai,2,bad,hindi
pizza khake kamaal feel hoya,4,good,punjabi
mess mein uppit maja aa gaya full tha,5,good,hindi
yo masoor dal was straight up bussin,4,good,english
bro tadka dal nalla aithu aithu,5,good,kannada
seriously chai eat cheyaleka,2,bad,telugu
fried rice dizgusting aithu guru,2,bad,kannada
full dhokla super aithu bro,5,good,kannada
mess da manchurian mood kharab ho gayi,2,bad,punjabi
ninna cutlet tinte baga tasty anipinchindi,5,good,telugu
yaar chai to ekdum perfect tha,5,good,hindi
yo vada pav was straight up top tier,4,good,english
mess lo pakoda perfect ga undi undi,5,good,telugu
bro kesari maja bandide aithu,5,good,kannada
mess lo noodles full enjoy undi,4,good,telugu
ninna aloo paratha tinte full enjoy anipinchindi,4,good,telugu
mess chai is crazy good,4,good,english
scrambled egg try karo maja aa gaya full hai,5,good,hindi
mess burger is no cap good,5,good,english
tried omelette regret trash,1,bad,english
uppit is straight mid,1,bad,english
sheera tinda mele kemp agide,2,bad,kannada
puttu try madi yummy,4,good,kannada
chai khake regret feel,1,bad,hindi
nah scrambled egg is L food,2,bad,english
mess poori baledu bro,2,bad,telugu
noodles mat khao bilkul ghatiya hai,2,bad,hindi
cutlet khake paisa barbaad feel,2,bad,hindi
mess rasgulla is no cap good,5,good,english
dhokla khake maja aa gaya full feel aaya,4,good,hindi
bhai sach mein bajji paisa barbaad,1,bad,hindi
mess mein pav bhaji ekdum zabardast tha,5,good,hindi
bro scrambled egg was trash,2,bad,english
mess ch soup daab aa gayi si,5,good,punjabi
puttu khake lajawab si feel hoya,5,good,punjabi
mess da pongal taste zero,1,bad,punjabi
bh kesari perfect tha,4,good,hindi
mess da fried rice taste zero,2,bad,punjabi
mess lo pakoda manchi undi,5,good,telugu
bajji tini tarvata taste leka,1,bad,telugu
mess kesari full bekagilla,2,bad,kannada
yaar scrambled egg ekdum daab aa gayi si,5,good,punjabi
aloo paratha tini tarvata pani pattadu,2,bad,telugu
yaar manchurian ekdum ekdum perfect si,4,good,punjabi
mess toor dal is slaps,5,good,english
yo omelette was straight up crazy good,5,good,english
bajji tinda mele yummy feel aaithu,5,good,kannada
mess lo kesari perfect ga undi undi,5,good,telugu
bajji khana hi nahi hai bhai,2,bad,hindi
yaar fried rice to ekdum bahut tasty,5,good,hindi
toast is straight ruined my day,1,bad,english
mess gobi paratha mood off,1,bad,telugu
mess alli scrambled egg tasty bandu,4,good,kannada
chana dal taste illa bro guru,1,bad,kannada
mess mein chana dal lajawab tha,5,good,hindi
nah bajji is L food,2,bad,english
gobi paratha taste illa bro guru,1,bad,kannada
mess pizza is bussin,4,good,english
yaar puttu ekdum full mast si,5,good,punjabi
gulab jamun bohot kharab hai bhai,2,bad,hindi
samosa khake regret feel,2,bad,hindi
soup paisa barbaad h bh,2,bad,hindi
bro jalebi super aithu aithu,5,good,kannada
mess lo puttu tasty ga undi undi,4,good,telugu
omelette skip karo ghatiya si hai,2,bad,punjabi
noodles tinda mele mood spoil,2,bad,kannada
nah tadka dal is ruined my day,2,bad,english
bhai seriously pav bhaji mood kharab ho gayi,2,bad,punjabi
pav bhaji try karo solid taste,5,good,punjabi
mess ch coffee daab aa gayi si,5,good,punjabi
momos disgusting aithu guru,2,bad,kannada
gobi paratha tinda mele nalla aithu feel aaithu,5,good,kannada
mess ch bajji lajawab si si,5,good,punjabi
seriously bro manchurian mood spoil,1,bad,kannada
mess mein puttu bahut tasty tha,4,good,hindi
tried coffee regret trash,2,bad,english
bhai gulab jamun kamaal hai,5,good,punjabi
poori skip maadi mood spoil,2,bad,kannada
mess pizza pani pattadu,1,bad,telugu
seriously scrambled egg pani pattadu,1,bad,telugu
toast khake full mast feel hoya,4,good,punjabi
bro scrambled egg full enjoy,5,good,telugu
nah gulab jamun is not it,1,bad,english
kachori mat khao bewakoof banaya hai,2,bad,hindi
tried noodles regret zero stars,3,bad,english
bhai gulab jamun maja aa gaya full,4,good,hindi
bhai kachori ekdum perfect hai,4,good,punjabi
bro toor dal baga tasty,4,good,telugu
bro the maggi was fire,5,good,english
bajji try karo daab aa gayi,5,good,punjabi
rasgulla skip maadi kemp agide,2,bad,kannada
appam try chesthe tasty ga undi,5,good,telugu
mess ch soup daab aa gayi si,4,good,punjabi
uppit khake bahut tasty feel aaya,5,good,hindi
mess dal fry is fire,5,good,english
mess gulab jamun lowkey straight garbage,1,bad,english
momos is straight zero stars,2,bad,english
ninna soup tinte superb ga undi anipinchindi,5,good,telugu
yo dhokla was straight up no cap good,5,good,english
mess lo samosa tasty ga undi undi,4,good,telugu
appam tini tarvata disgusting,1,bad,telugu
bhai kachori full mast hai,4,good,punjabi
mess mein appam ekdum zabardast tha,4,good,hindi
kachori tinda mele kemp agide,1,bad,kannada
moong dal try chesthe superb ga undi,5,good,telugu
toast tini tarvata feel tasty ga undi,5,good,telugu
scrambled egg skip maadi bekagilla,1,bad,kannada
pakoda khali waste undi bro,1,bad,telugu
full pulao tasty bandu bro,5,good,kannada
nah noodles is l food,1,bad,english
full medu vada nalla aithu bro,4,good,kannada
bro gulab jamun nalla aithu aithu,5,good,kannada
cutlet try madi tasty bandu,4,good,kannada
uppit tinda mele maja bandide feel aaithu,4,good,kannada
manchurian is straight straight garbage,2,bad,english
yaar burger ekdum kamaal si,5,good,punjabi
bro the moong dal was slaps,5,good,english
masoor dal tini tarvata feel baga tasty,5,good,telugu
cutlet bewakoof banaya hai bhai,2,bad,hindi
nah chai is not it,2,bad,english
bro the chana dal was absolutely fire,5,good,english
yo halwa was straight up top tier,5,good,english
mess da manchurian faltu,2,bad,punjabi
pulao khake daab aa gayi feel hoya,4,good,punjabi
appam tinda mele taste illa bro,1,bad,kannada
pongal try karo daab aa gayi,5,good,punjabi
tried bhajji regret L food,1,bad,english
kachori skip maadi taste illa bro,3,bad,kannada
seriously bro tadka dal mood spoil,2,bad,kannada
mess ch halwa ekdum perfect si,5,good,punjabi
maggi try karo full mast h,5,good,hindi
nah vada pav is not it,2,bad,english
mess alli samosa nalla aithu,5,good,kannada
uppit hits different no cap good,4,good,english
bro the bhajji was absolutely fire,4,good,english
yaar pakoda to ekdum full mast,5,good,hindi
poori try chesthe superb ga undi,5,good,telugu
poori try chesthe baga tasty,5,good,telugu
tadka dal disgusting aithu guru,2,bad,kannada
yaar bonda to ekdum bahut tasty,5,good,hindi
scrambled egg khake ekdum zabardast feel aaya,4,good,hindi
mess ch momos solid taste si,5,good,punjabi
mess kachori is top tier,5,good,english
masoor dal tini tarvata feel tasty ga undi,5,good,telugu
aloo paratha mat khao bewakoof banaya hai,1,bad,hindi
samosa tinda mele bekagilla,1,bad,kannada
seriously bro poori ella illa,1,bad,kannada
mess sandwich lowkey disgusting af,1,bad,english
bro sandwich was zero stars,1,bad,english
yaar poori to ekdum maja aa gaya full,5,good,hindi
ninna tadka dal tinte superb ga undi anipinchindi,4,good,telugu
mess bonda eat cheyaleka,2,bad,telugu
boiled egg khali waste undi bro,2,bad,telugu
mess mein pulao perfect tha tha,4,good,hindi
puttu khake ghatiya si feel,1,bad,punjabi
dal fry khake zahar feel,1,bad,punjabi
bhajji khake maja aa gaya full feel aaya,4,good,hindi
maggi khake bahut tasty feel aaya,4,good,hindi
vada pav try madi perfect,5,good,kannada
poori tinda mele full sakkath feel aaithu,5,good,kannada
gulab jamun hits different fire,4,good,english
appam try karo full mast hai,4,good,hindi
masoor dal try chesthe perfect ga undi,4,good,telugu
bro the coffee was top tier,5,good,english
appam khake lajawab si feel hoya,5,good,punjabi
mess uppit mood off,1,bad,telugu
chana dal try karo zabardast si,5,good,punjabi
jalebi khake ulti aa gayi feel,1,bad,hindi
pakoda hits different no cap good,4,good,english
mess fried rice full kemp agide,1,bad,kannada
ninna bajji tinte perfect ga undi anipinchindi,5,good,telugu
tadka dal zahar hai yaar,1,bad,punjabi
dal fry skip maadi kemp agide,3,bad,kannada
burger try cheyakandi pani pattadu,2,bad,telugu
medu vada mat khao ulti aa gayi hai,2,bad,hindi
mess chana dal pani pattadu,2,bad,telugu
full manchurian yummy bro,5,good,kannada
kachori tini tarvata feel manchi,4,good,telugu
tried tadka dal and it was top tier,4,good,english
mess da pakoda taste zero,1,bad,punjabi
mess ch pizza zabardast si si,4,good,punjabi
noodles khake na khao feel,2,bad,punjabi
bhai appam full mast hai,5,good,punjabi
mess da pasta faltu,1,bad,punjabi
full cutlet maja bandide bro,4,good,kannada
coffee tini tarvata feel full enjoy,4,good,telugu
mess lo toor dal superb ga undi undi,4,good,telugu
mess ka pizza ulti aa gayi,3,bad,hindi
pulao try karo ekdum perfect,5,good,punjabi
mess mein masoor dal lajawab tha,5,good,hindi
full pizza super aithu bro,5,good,kannada
medu vada khake lajawab si feel hoya,5,good,punjabi
gobi paratha try madi full sakkath,5,good,kannada
bhai sach mein toast bewakoof banaya,2,bad,hindi
mess alli dhokla perfect,5,good,kannada
yaar pakoda ekdum kamaal si,5,good,punjabi
bro omelette was zero stars,1,bad,english
lassi khake kamaal ka feel aaya,4,good,hindi
yaar dal fry ekdum ekdum perfect si,4,good,punjabi
burger mat khao regret h,2,bad,hindi
mess ka uppit regret,2,bad,hindi
yaar scrambled egg to ekdum lajawab,4,good,hindi
pav bhaji khake ghatiya si feel,1,bad,punjabi
chana dal khake perfect tha feel aaya,4,good,hindi
bhai sach mein bhel puri bilkul ghatiya,2,bad,hindi
pongal zahar hai yaar,1,bad,punjabi
boiled egg mat khao khana hi nahi hai,1,bad,hindi
bhai bhajji ekdum zabardast,4,good,hindi
bhel puri try karo ekdum perfect,4,good,punjabi
soup try cheyakandi khali waste,2,bad,telugu
mess mein vada pav lajawab tha,5,good,hindi
toast ulti aa gayi hai bhai,1,bad,hindi
uppit hits different bussin,4,good,english
nah scrambled egg is mid,1,bad,english
sandwich is straight disgusting af,2,bad,english
mess tadka dal lowkey mid,1,bad,english
chana dal try karo solid taste,4,good,punjabi
tried rasgulla and it was slaps,4,good,english
kachori skip maadi bekagilla,2,bad,kannada
mess lo aloo paratha full enjoy undi,4,good,telugu
burger tinda mele perfect feel aaithu,5,good,kannada
mess masoor dal lowkey mid,2,bad,english
poori tinda mele full sakkath feel aaithu,4,good,kannada
masoor dal disgusting undi bro,2,bad,telugu
coffee pani pattadu undi bro,1,bad,telugu
vada pav try karo full mast,5,good,punjabi
halwa tini tarvata khali waste,2,bad,telugu
toor dal mood kharab ho gayi hai yaar,1,bad,punjabi
ninna lassi tinte mast undi anipinchindi,4,good,telugu
bonda khake taste zero feel,1,bad,punjabi
sheera faltu h yaar,1,bad,punjabi
dal fry khake paisa barbaad feel,1,bad,hindi
seriously noodles mood off,1,bad,telugu
sheera try madi maja bandide,4,good,kannada
kachori khake daab aa gayi feel hoya,5,good,punjabi
mess momos lowkey not it,1,bad,english
yo toor dal was straight up fire,5,good,english
bro burger super aithu aithu,5,good,kannada
maggi khali waste undi bro,2,bad,telugu
bro da kachori was lit,5,good,english
bhel puri hits different lit,4,good,english
samosa try chesthe baga tasty,4,good,telugu
mess alli maggi maja bandide,5,good,kannada
nah pav bhaji is L food,1,bad,english
mess alli medu vada yummy,5,good,kannada
puttu tinda mele full sakkath feel aaithu,5,good,kannada
pizza is straight not it,1,bad,english
mess alli manchurian nalla aithu,4,good,kannada
bruh halwa was disgusting af,1,bad,english
bajji try cheyakandi eat cheyaleka,2,bad,telugu
kesari tinda mele perfect feel aaithu,5,good,kannada
bh seriously appam zahar,2,bad,punjabi
mess lo poori mast undi undi,5,good,telugu
mess ka poori bewakoof banaya,1,bad,hindi
nah burger is not it,1,bad,english
fried rice khake full mast feel hoya,5,good,punjabi
bhajji disgusting aithu guru,1,bad,kannada
bhai seriously dal fry taste zero,1,bad,punjabi
bro the dhokla was absolutely fire,5,good,english
mess halwa lowkey mid,1,bad,english
toast skip karo taste zero hai,3,bad,punjabi
yo uppit was straight up crazy good,5,good,english
tried pizza and it was legendary,5,good,english
seriously bro pizza waste piece,2,bad,kannada
mess poori is legendary,5,good,english
bonda mat khao ulti aa gayi hai,1,bad,hindi
nah bhel puri is not it,1,bad,english
tried boiled egg and it was fire,4,good,english
momos skip karo regret ho reha hai,1,bad,punjabi
bro the maggi was crazy good,5,good,english
mess ka chana dal khana hi nahi,1,bad,hindi
bro the dal fry was legendary,5,good,english
bhai seriously pongal ghatiya si,2,bad,punjabi
soup tinda mele bekagilla,2,bad,kannada
lassi bewakoof banaya hai bhai,1,bad,hindi
cutlet skip maadi bekagilla,2,bad,kannada
bhai halwa maja aa gaya full,4,good,hindi
mess ka kesari paisa barbaad,1,bad,hindi
gulab jamun try madi nalla aithu,5,good,kannada
pulao khake lajawab feel aaya,4,good,hindi
mess da kachori taste zero,1,bad,punjabi
mess ch masoor dal daab aa gayi si,5,good,punjabi
mess pakoda taste leka,2,bad,telugu
bro halwa was straight garbage,1,bad,english
omelette mat khao paiza barbaad h,1,bad,hindi
vada pav tini tarvata feel superb ga undi,5,good,telugu
bhai toast zabardast si hai,5,good,punjabi
chana dal try cheyakandi khali waste,2,bad,telugu
aloo paratha khake solid taste feel hoya,4,good,punjabi
puttu try karo full mast hai,4,good,hindi
seriously bajji eat cheyaleka,1,bad,telugu
mess mein uppit kamaal ka tha,4,good,hindi
bro the bonda was absolutely fire,5,good,english
noodles tinda mele nalla aithu feel aaithu,4,good,kannada
bhai puttu solid taste hai,5,good,punjabi
mess boiled egg lowkey trash,2,bad,english
seriously moong dal khali waste,2,bad,telugu
pakoda try karo kamaal ka hai,4,good,hindi
nah maggi iz dizgusting af,3,bad,english
yaar chana dal to ekdum full mast,5,good,hindi
mess soup is crazy good,5,good,english
kachori taste zero hai yaar,1,bad,punjabi
mess dal fry is absolutely fire,4,good,english
kesari mat khao bohot kharab hai,2,bad,hindi
tried dhokla regret L food,1,bad,english
soup try madi yummy,4,good,kannada
bhai seriously noodles na khao,2,bad,punjabi
kesari try chesthe manchi,5,good,telugu
mess ch rasgulla ekdum perfect si,4,good,punjabi
toast try madi tasty bandu,5,good,kannada
seriously manchurian mood off,3,bad,telugu
bruh samosa mast undi,4,good,telugu
tried pasta and it was fire,4,good,english
gulab jamun tini tarvata feel superb ga undi,5,good,telugu
yo samosa was straight up fire,5,good,english
mess mein bhajji perfect tha tha,5,good,hindi
fried rice na khao hai yaar,1,bad,punjabi
bhajji mat khao khana hi nahi hai,2,bad,hindi
bhai seriously momos na khao,1,bad,punjabi
moong dal try cheyakandi mood off,2,bad,telugu
poori mood off undi bro,1,bad,telugu
moong dal khake zahar feel,2,bad,punjabi
bhai sach mein halwa bilkul ghatiya,3,bad,hindi
boiled egg try karo zabardast si,4,good,punjabi
bhel puri tini tarvata feel manchi,5,good,telugu
bhai pav bhaji zabardast si hai,4,good,punjabi
bro momos baga tasty,4,good,telugu
nah lassi is disgusting af,1,bad,english
mess lo appam superb ga undi undi,5,good,telugu
bro the chai was legendary,4,good,english
full noodles super aithu bro,4,good,kannada
nah rasgulla is l food,1,bad,english
mess ch noodles daab aa gayi si,4,good,punjabi
ninna sandwich tinte superb ga undi anipinchindi,4,good,telugu
yaar gobi paratha ekdum solid taste si,5,good,punjabi
yo pakoda was straight up bussin,5,good,english
bonda try cheyakandi khali waste,3,bad,telugu
bonda khali waste undi bro,2,bad,telugu
yaar boiled egg to ekdum ekdum zabardast,5,good,hindi
bro bajji nalla aithu aithu,4,good,kannada
bhajji tini tarvata feel mast undi,4,good,telugu
bro samosa nalla aithu aithu,5,good,kannada
mess lo burger baga tasty undi,5,good,telugu
chai try chesthe tasty ga undi,5,good,telugu
aloo paratha try cheyakandi pani pattadu,2,bad,telugu
halwa khake kamaal feel hoya,4,good,punjabi
yaar samosa to ekdum lajawab,4,good,hindi
mess poori lowkey trash,2,bad,english
mess ka pakoda bewakoof banaya,1,bad,hindi
mess kachori lowkey L food,2,bad,english
yo pulao was straight up no cap good,5,good,english
bhai kachori full mast hai,5,good,punjabi
mess scrambled egg eat cheyaleka,2,bad,telugu
mess ka cutlet bewakoof banaya,1,bad,hindi
mess mein scrambled egg lajawab tha,4,good,hindi
bhai vada pav ekdum perfect hai,4,good,punjabi
gobi paratha mat khao bilkul ghatiya hai,1,bad,hindi
mess burger is no cap good,5,good,english
boiled egg tini tarvata feel manchi,4,good,telugu
soup try karo lajawab si,5,good,punjabi
bro moong dal full enjoy,4,good,telugu
bro soup was L food,1,bad,english
fried rice mood spoil guru,1,bad,kannada
dhokla tini tarvata feel baga tasty,5,good,telugu
seriously bro burger waste piece,2,bad,kannada
pongal regret hai bhai,2,bad,hindi
mess mein chai full mast tha,5,good,hindi
tried fried rice and it was bussin,5,good,english
dhokla tini tarvata baledu bro,2,bad,telugu
coffee khake zabardast si feel hoya,5,good,punjabi
nah poori iz dizgusting af,1,bad,english
fried rice khake daab aa gayi feel hoya,5,good,punjabi
mess mein noodles perfect tha tha,5,good,hindi
manchurian skip karo na khao hai,1,bad,punjabi
pulao taste zero hai yaar,1,bad,punjabi
tried manchurian regret l food,2,bad,english
nah sandwich is zero stars,1,bad,english
bro aloo paratha perfect ga undi,5,good,telugu
mess momos khali waste,1,bad,telugu
tried pizza regret mid,1,bad,english
mess bonda lowkey trash,2,bad,english
mess alli coffee super aithu,4,good,kannada
samosa bilkul ghatiya hai bhai,3,bad,hindi
bonda tini tarvata feel superb ga undi,5,good,telugu
tried halwa regret straight garbage,1,bad,english
coffee khake ekdum zabardast feel aaya,5,good,hindi
tadka dal skip maadi bekagilla,1,bad,kannada
toast tini tarvata feel superb ga undi,5,good,telugu
bhai sheera lajawab,4,good,hindi
yaar kesari to ekdum full mast,4,good,hindi
mess ch aloo paratha kamaal si,5,good,punjabi
nah lassi is zero stars,1,bad,english
mess boiled egg lowkey not it,1,bad,english
tried dal fry and it was bussin,5,good,english
yaar chai to ekdum maja aa gaya full,4,good,hindi
sandwich try karo kamaal,4,good,punjabi
seriously momos eat cheyaleka,1,bad,telugu
mess fried rice mood off,1,bad,telugu
bhai seriously sheera faltu,1,bad,punjabi
ninna pasta tinte full enjoy anipinchindi,5,good,telugu
lassi try chesthe baga tasty,4,good,telugu
nah pulao is mid,2,bad,english
soup tinda mele full sakkath feel aaithu,4,good,kannada
bro pizza perfect ga undi,4,good,telugu
full maggi maja bandide bro,5,good,kannada
mess chai full taste illa bro,2,bad,kannada
scrambled egg tini tarvata feel full enjoy,5,good,telugu
pongal tinda mele tasty bandu feel aaithu,5,good,kannada
mess mein boiled egg kamaal ka tha,5,good,hindi
mess mein gobi paratha ekdum zabardast tha,4,good,hindi
dhokla khake solid taste feel hoya,5,good,punjabi
mess ch pasta full mast si,5,good,punjabi
mess tadka dal lowkey ruined my day,2,bad,english
bro toor dal tasty bandu aithu,5,good,kannada
halwa faltu hai yaar,1,bad,punjabi
mess noodles baledu bro,1,bad,telugu
bhel puri hits different bussin,5,good,english
bro chana dal tasty ga undi,5,good,telugu
kesari tinda mele tasty bandu feel aaithu,5,good,kannada
momos hits different crazy good,5,good,english
rasgulla try cheyakandi disgusting,1,bad,telugu
sheera try chesthe mast undi,5,good,telugu
fried rice khake ulti aa gayi feel,1,bad,hindi
mess ka coffee bewakoof banaya,1,bad,hindi
seriously cutlet taste leka,1,bad,telugu
yaar rasgulla to ekdum full mast,4,good,hindi
jalebi regret ho reha hai yaar,2,bad,punjabi
rasgulla paiza barbaad h bh,1,bad,hindi
mess alli burger full sakkath,5,good,kannada
full bonda nalla aithu bro,5,good,kannada
seriously bro puttu taste illa bro,1,bad,kannada
toor dal khake ulti aa gayi feel,2,bad,hindi
mess da dal fry na khao,2,bad,punjabi
chana dal mat khao bilkul ghatiya hai,3,bad,hindi
bro dal fry superb ga undi,4,good,telugu
bhai seriously noodles zahar,2,bad,punjabi
dal fry paisa barbaad hai bhai,1,bad,hindi
mess lassi lowkey mid,2,bad,english
tried chana dal regret ruined my day,2,bad,english
rasgulla taste zero hai yaar,1,bad,punjabi
yaar gobi paratha ekdum lajawab si si,5,good,punjabi
mess ch coffee zabardast si si,5,good,punjabi
seriously bro aloo paratha mood spoil,1,bad,kannada
yaar pulao to ekdum perfect tha,4,good,hindi
seriously omelette pani pattadu,1,bad,telugu
bh puttu solid taste h,4,good,punjabi
coffee eat cheyaleka undi bro,1,bad,telugu
mess ka pongal khana hi nahi,1,bad,hindi
mess bhajji lowkey ruined my day,2,bad,english
mess mein aloo paratha perfect tha tha,4,good,hindi
kachori khake full mast feel aaya,4,good,hindi
fried rice khake perfect tha feel aaya,4,good,hindi
mess uppit is crazy good,4,good,english
mess uppit lowkey ruined my day,2,bad,english
dhokla khake bahut tasty feel aaya,4,good,hindi
mess soup full bekagilla,2,bad,kannada
bajji hits different legendary,5,good,english
kachori tini tarvata feel tasty ga undi,5,good,telugu
bro omelette maja bandide aithu,5,good,kannada
pizza tinda mele maja bandide feel aaithu,5,good,kannada
masoor dal try madi nalla aithu,5,good,kannada
bruh cutlet yummy aithu,5,good,kannada
gulab jamun mat khao khana hi nahi hai,1,bad,hindi
yo pakoda was straight up crazy good,5,good,english
fried rice try chesthe full enjoy,5,good,telugu
mess alli dhokla super aithu,5,good,kannada
pongal taste illa bro guru,1,bad,kannada
bhai seriously pav bhaji na khao,3,bad,punjabi
masoor dal khake ekdum zabardast feel aaya,4,good,hindi
dal fry hits different top tier,5,good,english
pasta mood spoil guru,2,bad,kannada
bro halwa was disgusting af,1,bad,english
mess lo pakoda tasty ga undi undi,5,good,telugu
mess chana dal lowkey not it,2,bad,english
seriously bro dal fry disgusting aithu,1,bad,kannada
scrambled egg tinda mele perfect feel aaithu,5,good,kannada
bro the cutlet was lit,5,good,english
gobi paratha khake lajawab feel aaya,5,good,hindi
cutlet khake taste zero feel,1,bad,punjabi
toor dal zahar hai yaar,1,bad,punjabi
aloo paratha hits different no cap good,5,good,english
tadka dal tini tarvata feel manchi,5,good,telugu
nah rasgulla is ruined my day,1,bad,english
vada pav khake regret feel,1,bad,hindi
toast tinda mele super aithu feel aaithu,4,good,kannada
mess alli sheera tasty bandu,4,good,kannada
seriously bro lassi bekagilla,1,bad,kannada
aloo paratha bilkul ghatiya hai bhai,2,bad,hindi
pulao tinda mele full sakkath feel aaithu,4,good,kannada
boiled egg bohot kharab hai bhai,2,bad,hindi
omelette tinda mele nalla aithu feel aaithu,5,good,kannada
cutlet tini tarvata eat cheyaleka,1,bad,telugu
noodles try madi tasty bandu,4,good,kannada
aloo paratha taste leka undi bro,2,bad,telugu
halwa khake bohot kharab feel,1,bad,hindi
bro maggi yummy aithu,5,good,kannada
gobi paratha paisa barbaad hai bhai,2,bad,hindi
seriously bro burger kemp agide,2,bad,kannada
ninna masoor dal tinte tasty ga undi anipinchindi,4,good,telugu
uppit tini tarvata khali waste,2,bad,telugu
pulao try cheyakandi eat cheyaleka,1,bad,telugu
omelette bewakoof banaya hai bhai,1,bad,hindi
bro pongal nalla aithu aithu,5,good,kannada
bro the kesari was bussin,5,good,english
mess alli kesari perfect,5,good,kannada
mess da moong dal na khao,2,bad,punjabi
pasta is straight ruined my day,2,bad,english
bro momos superb ga undi,5,good,telugu
gulab jamun mat khao paisa barbaad hai,1,bad,hindi
mess ch masoor dal lajawab si si,5,good,punjabi
bro pakoda maja bandide aithu,5,good,kannada
mess ch bonda daab aa gayi si,5,good,punjabi
burger mood kharab ho gayi hai yaar,1,bad,punjabi
vada pav ulti aa gayi hai bhai,1,bad,hindi
mess alli bhajji tasty bandu,4,good,kannada
bhajji bewakoof banaya hai bhai,3,bad,hindi
coffee skip karo regret ho reha hai,3,bad,punjabi
bro the cutlet was slaps,5,good,english
ninna vada pav tinte superb ga undi anipinchindi,4,good,telugu
sandwich khake lajawab feel aaya,5,good,hindi
mess omelette full kemp agide,1,bad,kannada
bruh boiled egg tasty ga undi,4,good,telugu
pasta skip karo na khao hai,2,bad,punjabi
bro samosa super aithu aithu,5,good,kannada
yaar toast to ekdum lajawab,5,good,hindi
kachori tini tarvata baledu bro,2,bad,telugu
bhel puri mat khao bilkul ghatiya hai,1,bad,hindi
chana dal bewakoof banaya hai bhai,1,bad,hindi
pizza khake na khao feel,1,bad,punjabi
pongal zahar hai yaar,2,bad,punjabi
bhel puri taste leka undi bro,1,bad,telugu
mess mein pasta kamaal ka tha,5,good,hindi
tried bonda and it was bussin,5,good,english
mess dhokla mood off,1,bad,telugu
noodles taste leka undi bro,1,bad,telugu
mess puttu mood off,3,bad,telugu
bhai medu vada daab aa gayi hai,5,good,punjabi
kachori try madi full sakkath,5,good,kannada
pav bhaji bilkul ghatiya hai bhai,2,bad,hindi
mess poori full taste illa bro,3,bad,kannada
bhai toor dal ekdum perfect hai,5,good,punjabi
mess lo bajji full enjoy undi,4,good,telugu
bhai sach mein bhel puri ulti aa gayi,1,bad,hindi
mess halwa lowkey zero stars,1,bad,english
masoor dal khake bilkul ghatiya feel,2,bad,hindi
masoor dal khake solid taste feel hoya,5,good,punjabi
poori skip karo ghatiya si hai,2,bad,punjabi
scrambled egg hits different slaps,4,good,english
mess alli bonda tasty bandu,4,good,kannada
mess ka rasgulla bilkul ghatiya,2,bad,hindi
soup try cheyakandi pani pattadu,1,bad,telugu
sandwich try chesthe full enjoy,5,good,telugu
medu vada taste illa bro guru,2,bad,kannada
sandwich taste illa bro guru,2,bad,kannada
mess noodles disgusting,2,bad,telugu
bro coffee yummy aithu,5,good,kannada
noodles khake bilkul ghatiya feel,1,bad,hindi
seriously bro pongal kemp agide,2,bad,kannada
seriously medu vada mood off,2,bad,telugu
bhai seriously vada pav regret ho reha,3,bad,punjabi
chai ulti aa gayi hai bhai,1,bad,hindi
masoor dal try karo ekdum zabardast hai,5,good,hindi
seriously sheera mood off,1,bad,telugu
soup hits different slaps,5,good,english
pulao try karo full mast hai,5,good,hindi
pizza try chesthe baga tasty,5,good,telugu
yaar tadka dal to ekdum ekdum zabardast,5,good,hindi
noodles regret hai bhai,1,bad,hindi
gobi paratha ella illa guru,1,bad,kannada
ninna pav bhaji tinte mast undi anipinchindi,5,good,telugu
pizza khake regret feel,1,bad,hindi
bhai momos kamaal ka,5,good,hindi
boiled egg tini tarvata mood off,1,bad,telugu
bro pizza was trash,1,bad,english
sandwich khake taste zero feel,1,bad,punjabi
uppit khake perfect tha feel aaya,4,good,hindi
bajji try karo bahut tasty hai,4,good,hindi
mess lo momos manchi undi,5,good,telugu
tried gulab jamun and it was legendary,4,good,english
bhai sach mein poori ulti aa gayi,2,bad,hindi
momos tinda mele maja bandide feel aaithu,5,good,kannada
vada pav try madi nalla aithu,5,good,kannada
tried moong dal and it was bussin,4,good,english
seriously bro toast taste illa bro,1,bad,kannada
samosa try cheyakandi pani pattadu,1,bad,telugu
mess lo tadka dal tasty ga undi undi,5,good,telugu
kachori bohot kharab hai bhai,1,bad,hindi
bajji tinda mele ella illa,2,bad,kannada
yaar gobi paratha ekdum kamaal si,5,good,punjabi
tried kachori regret ruined my day,1,bad,english
sheera try karo full mast hai,5,good,hindi
yaar dal fry ekdum full mast si,5,good,punjabi
tadka dal khake mood kharab ho gayi feel,1,bad,punjabi
yaar kachori ekdum solid taste si,5,good,punjabi
kachori khake daab aa gayi feel hoya,4,good,punjabi
bro the gobi paratha was no cap good,4,good,english
seriously burger disgusting,1,bad,telugu
samosa try cheyakandi eat cheyaleka,3,bad,telugu
toor dal skip karo zahar hai,2,bad,punjabi
ninna cutlet tinte mast undi anipinchindi,5,good,telugu
pizza khake full mast feel hoya,5,good,punjabi
bro uppit was not it,2,bad,english
kachori pani pattadu undi bro,1,bad,telugu
kachori tinda mele yummy feel aaithu,5,good,kannada
mess mein scrambled egg perfect tha tha,5,good,hindi
seriously vada pav khali waste,1,bad,telugu
jalebi skip maadi bekagilla,2,bad,kannada
mess jalebi lowkey mid,2,bad,english
uppit khake bohot kharab feel,1,bad,hindi
pasta tini tarvata feel manchi,4,good,telugu
bhai boiled egg lajawab,5,good,hindi
bhai toor dal kamaal ka,5,good,hindi
gulab jamun try cheyakandi eat cheyaleka,2,bad,telugu
sandwich tini tarvata feel tasty ga undi,5,good,telugu
omelette tinda mele full sakkath feel aaithu,5,good,kannada
burger khake paisa barbaad feel,1,bad,hindi
mess mein manchurian perfect tha tha,5,good,hindi
bhai seriously aloo paratha regret ho reha,2,bad,punjabi
soup skip karo na khao hai,1,bad,punjabi
moong dal khake zahar feel,1,bad,punjabi
soup try cheyakandi pani pattadu,1,bad,telugu
kesari tinda mele super aithu feel aaithu,5,good,kannada
yo manchurian was straight up crazy good,5,good,english
pongal hits different slaps,5,good,english
seriously rasgulla baledu bro,2,bad,telugu
bhai sheera full mast,5,good,hindi
tried manchurian and it was bussin,4,good,english
ninna soup tinte tasty ga undi anipinchindi,5,good,telugu
toast try karo zabardast si,5,good,punjabi
toor dal try karo lajawab hai,5,good,hindi
mess uppit lowkey zero stars,3,bad,english
tried pav bhaji and it was slaps,4,good,english
pav bhaji try karo kamaal,5,good,punjabi
bhai uppit perfect tha,4,good,hindi
seriously bro pizza kemp agide,1,bad,kannada
mess da sandwich ghatiya si,1,bad,punjabi
bro bonda full sakkath aithu,5,good,kannada
samosa khake bahut tasty feel aaya,5,good,hindi
bhel puri try karo lajawab hai,5,good,hindi
mess sandwich full kemp agide,2,bad,kannada
noodles tinda mele full sakkath feel aaithu,5,good,kannada
boiled egg try cheyakandi eat cheyaleka,2,bad,telugu
momos na khao hai yaar,1,bad,punjabi
mess ch puttu daab aa gayi si,4,good,punjabi
aloo paratha try chesthe manchi,5,good,telugu
toast mat khao regret hai,1,bad,hindi
pasta try karo full mast hai,5,good,hindi
bonda taste leka undi bro,1,bad,telugu
yaar toast to ekdum bahut tasty,5,good,hindi
tried lassi and it was top tier,5,good,english
yo boiled egg was straight up legendary,4,good,english
mess mein maggi bahut tasty tha,5,good,hindi
uppit eat cheyaleka undi bruh,2,bad,telugu
noodles skip karo mood kharab ho gayi h,2,bad,punjabi
bhai pakoda full mast,5,good,hindi
bro jalebi perfect aithu,4,good,kannada
toast khake mood kharab ho gayi feel,1,bad,punjabi
maggi skip maadi waste piece,1,bad,kannada
coffee try cheyakandi pani pattadu,1,bad,telugu
gulab jamun khake perfect tha feel aaya,5,good,hindi
pulao regret hai bhai,1,bad,hindi
moong dal try cheyakandi taste leka,2,bad,telugu
scrambled egg mood spoil guru,2,bad,kannada
coffee try chesthe tasty ga undi,5,good,telugu
nah omelette is not it,1,bad,english
bhai seriously cutlet mood kharab ho gayi,2,bad,punjabi
gulab jamun try chesda tasty ga undi,5,good,telugu
mess lo masoor dal superb ga undi undi,5,good,telugu
bhai sach mein toast khana hi nahi,1,bad,hindi
pizza try karo kamaal,5,good,punjabi
bruh cutlet mast undi,5,good,telugu
cutlet tini tarvata disgusting,1,bad,telugu
lassi taste illa bro guru,2,bad,kannada
bro pakoda was zero stars,1,bad,english
mess da dal fry na khao,1,bad,punjabi
rasgulla is straight ruined my day,2,bad,english
yaar rasgulla ekdum full mast si,5,good,punjabi
bhai bhel puri zabardast si hai,5,good,punjabi
bajji try cheyakandi eat cheyaleka,1,bad,telugu
mess masoor dal pani pattadu,1,bad,telugu
mess alli medu vada maja bandide,4,good,kannada
bh gobi paratha perfect tha,5,good,hindi
bhai sheera kamaal ka,5,good,hindi
tadka dal ulti aa gayi hai bhai,1,bad,hindi
coffee iz straight trash,1,bad,english
bro bhajji was straight garbage,1,bad,english
vada pav try madi perfect,4,good,kannada
ninna soup tinte perfect ga undi anipinchindi,4,good,telugu
mess alli gulab jamun tasty bandu,4,good,kannada
kesari na khao hai yaar,1,bad,punjabi
tadka dal mat khao ulti aa gayi hai,1,bad,hindi
mess rasgulla taste leka,2,bad,telugu
mess da coffee ghatiya si,2,bad,punjabi
dhokla tini tarvata feel manchi,5,good,telugu
poori khake faltu feel,1,bad,punjabi
fried rice khake kamaal feel hoya,5,good,punjabi
coffee khake bilkul ghatiya feel,1,bad,hindi
chai try karo zabardast si,5,good,punjabi
tried toast and it was slaps,5,good,english
mess ch samosa full mast si,5,good,punjabi
tried coffee regret dizgusting af,1,bad,english
yo jalebi was straight up crazy good,5,good,english
mess burger disgusting,2,bad,telugu
mess soup is fire,5,good,english
mess ka omelette bewakoof banaya,2,bad,hindi
pulao try cheyakandi mood off,1,bad,telugu
mess ch dal fry solid taste si,5,good,punjabi
mess lo kachori baga tasty undi,4,good,telugu
yaar sandwich ekdum zabardast si si,5,good,punjabi
bruh kachori nalla aithu aithu,4,good,kannada
mess alli chana dal full sakkath,4,good,kannada
mess pasta baledu bro,2,bad,telugu
bro pizza nalla aithu aithu,4,good,kannada
toor dal khake ulti aa gayi feel,1,bad,hindi
mess mein dhokla bahut tasty tha,5,good,hindi
jalebi na khao hai yaar,1,bad,punjabi
boiled egg zahar hai yaar,2,bad,punjabi
kachori hits different slaps,5,good,english
chana dal tinda mele taste illa bro,2,bad,kannada
bro the cutlet was legendary,4,good,english
mess alli puttu nalla aithu,4,good,kannada
jalebi tinda mele yummy feel aaithu,5,good,kannada
mess ch dhokla daab aa gayi si,5,good,punjabi
scrambled egg skip maadi ella illa,2,bad,kannada
mess lo pizza superb ga undi undi,5,good,telugu
mess jalebi full ella illa,3,bad,kannada
chana dal try karo ekdum perfect,5,good,punjabi
mess pasta lowkey zero stars,2,bad,english
yaar sandwich ekdum ekdum perfect si,4,good,punjabi
tried halwa and it was lit,5,good,english
nah samosa is not it,1,bad,english
medu vada pani pattadu undi bro,1,bad,telugu
dhokla khake bahut tasty feel aaya,5,good,hindi
tried maggi and it was crazy good,5,good,english
mess mein noodles ekdum zabardast tha,5,good,hindi
tried uppit and it was slaps,4,good,english
pasta bilkul ghatiya hai bhai,1,bad,hindi
mess ch sandwich kamaal si,5,good,punjabi
chai skip karo regret ho reha hai,3,bad,punjabi
pav bhaji baledu bro undi bro,2,bad,telugu
yaar bhel puri to ekdum ekdum zabardast,4,good,hindi
halwa try cheyakandi disgusting,2,bad,telugu
full bhajji super aithu bro,5,good,kannada
noodles khake ulti aa gayi feel,2,bad,hindi
mess momos is slaps,4,good,english
sheera is straight mid,1,bad,english
bro appam baga tasty,5,good,telugu
tadka dal tinda mele mood spoil,1,bad,kannada
mess alli soup tasty bandu,4,good,kannada
bro manchurian full enjoy,4,good,telugu
mess sheera lowkey straight garbage,1,bad,english
mess tadka dal is absolutely fire,5,good,english
bro samosa was L food,2,bad,english
bro burger super aithu aithu,5,good,kannada
sandwich paisa barbaad hai bhai,1,bad,hindi
mess toor dal lowkey l food,1,bad,english
ninna rasgulla tinte superb ga undi anipinchindi,4,good,telugu
mess ch pongal daab aa gayi si,4,good,punjabi
mess alli appam yummy,5,good,kannada
soup khake solid taste feel hoya,5,good,punjabi
mess dhokla is no cap good,4,good,english
mess ka momos regret,2,bad,hindi
dhokla khake solid taste feel hoya,5,good,punjabi
bhajji try cheyakandi khali waste,1,bad,telugu
kachori mat khao paisa barbaad hai,1,bad,hindi
tried momos regret zero stars,1,bad,english
bhai noodles lajawab,4,good,hindi
pizza regret ho reha hai yaar,2,bad,punjabi
pulao tinda mele yummy feel aaithu,4,good,kannada
mess ch coffee solid taste si,4,good,punjabi
dal fry try cheyakandi taste leka,1,bad,telugu
mess jalebi disgusting,2,bad,telugu
bh chana dal maja aa gaya full,5,good,hindi
maggi faltu hai yaar,2,bad,punjabi
mess lo aloo paratha full enjoy undi,5,good,telugu
yaar boiled egg to ekdum ekdum zabardast,4,good,hindi
pav bhaji tinda mele disgusting aithu,1,bad,kannada
lassi khake ulti aa gayi feel,1,bad,hindi
nah noodles is zero stars,1,bad,english
mess chai baledu bro,3,bad,telugu
chai khake regret feel,1,bad,hindi
scrambled egg hits different slaps,4,good,english
pongal tini tarvata baledu bro,1,bad,telugu
bro burger baga tasty,4,good,telugu
bro poori super aithu aithu,4,good,kannada
yaar appam to ekdum lajawab,4,good,hindi
bro puttu perfect ga undi,5,good,telugu
vada pav try madi full sakkath,5,good,kannada
mess lo gulab jamun perfect ga undi undi,5,good,telugu
yaar boiled egg to ekdum bahut tasty,4,good,hindi
medu vada bekagilla guru,1,bad,kannada
yaar pav bhaji to ekdum ekdum zabardast,5,good,hindi
bhai seriously toor dal ghatiya si,1,bad,punjabi
pasta hits different top tier,5,good,english
bro chai was zero stars,3,bad,english
yaar pongal ekdum daab aa gayi si,5,good,punjabi
scrambled egg khake zahar feel,1,bad,punjabi
mess bonda lowkey L food,2,bad,english
toast tini tarvata feel tasty ga undi,5,good,telugu
mess mein moong dal maja aa gaya full tha,4,good,hindi
pav bhaji try cheyakandi taste leka,2,bad,telugu
pakoda khake kamaal feel hoya,5,good,punjabi
seriously bro halwa mood spoil,1,bad,kannada
samosa mood off undi bro,1,bad,telugu
dal fry tinda mele nalla aithu feel aaithu,4,good,kannada
full medu vada tasty bandu bro,4,good,kannada
samosa bilkul ghatiya hai bhai,2,bad,hindi
bhai sandwich daab aa gayi hai,5,good,punjabi
rasgulla try karo daab aa gayi,4,good,punjabi
boiled egg tini tarvata feel perfect ga undi,5,good,telugu
bhai sach mein kesari khana hi nahi,2,bad,hindi
bhai pizza ekdum perfect hai,4,good,punjabi
tried moong dal regret zero stars,2,bad,english
dal fry khake mood kharab ho gayi feel,2,bad,punjabi
seriously bro aloo paratha taste illa bro,1,bad,kannada
boiled egg try cheyakandi eat cheyaleka,1,bad,telugu
cutlet khake taste zero feel,2,bad,punjabi
mess manchurian full taste illa bro,2,bad,kannada
mess momos full bekagilla,2,bad,kannada
mess ch dhokla full mast si,4,good,punjabi
mess alli samosa maja bandide,5,good,kannada
rasgulla try karo solid taste,5,good,punjabi
ninna chai tinte baga tasty anipinchindi,4,good,telugu
mess mein bajji kamaal ka tha,5,good,hindi
pakoda khana hi nahi hai bhai,2,bad,hindi
bhai seriously gulab jamun faltu,1,bad,punjabi
mess mein sheera perfect tha tha,4,good,hindi
dal fry try chesthe perfect ga undi,5,good,telugu
mess mein lassi perfect tha tha,4,good,hindi
mess maggi lowkey trash,1,bad,english
bro da poori was lit,4,good,english
yaar dal fry to ekdum kamaal ka,4,good,hindi
moong dal faltu hai yaar,1,bad,punjabi
bro sheera was mid,3,bad,english
bhai seriously poori na khao,2,bad,punjabi
yaar burger ekdum full mast si,5,good,punjabi
tadka dal try karo perfect tha hai,5,good,hindi
mess mein bajji ekdum zabardast tha,5,good,hindi
nah omelette is mid,1,bad,english
mess ch kesari full mast si,5,good,punjabi
maggi try chesthe full enjoy,5,good,telugu
bhai pakoda zabardast si hai,4,good,punjabi
bro pulao superb ga undi,5,good,telugu
tried momos and it was crazy good,5,good,english
chana dal mat khao paisa barbaad hai,1,bad,hindi
sheera tinda mele waste piece,1,bad,kannada
ninna tadka dal tinte full enjoy anipinchindi,5,good,telugu
mess mein bhel puri lajawab tha,5,good,hindi
gobi paratha khana hi nahi hai bhai,2,bad,hindi
yaar bonda ekdum daab aa gayi si,4,good,punjabi
omelette tini tarvata feel tasty ga undi,4,good,telugu
kesari tini tarvata feel manchi,5,good,telugu
rasgulla tinda mele taste illa bro,3,bad,kannada
mess da samosa na khao,1,bad,punjabi
bhai sach mein poori khana hi nahi,1,bad,hindi
yaar jalebi ekdum zabardast si si,5,good,punjabi
mess alli moong dal tasty bandu,4,good,kannada
bhai omelette ekdum perfect hai,4,good,punjabi
mess alli sheera perfect,5,good,kannada
seriously bro dal fry waste piece,2,bad,kannada
gobi paratha try madi nalla aithu,5,good,kannada
yo boiled egg was straight up top tier,5,good,english
tried samosa regret disgusting af,1,bad,english
pulao skip karo na khao hai,1,bad,punjabi
chai is straight disgusting af,3,bad,english
appam ulti aa gayi h bh,2,bad,hindi
boiled egg khake maja aa gaya full feel aaya,5,good,hindi
kachori try karo ekdum zabardast hai,5,good,hindi
yaar pakoda to ekdum maja aa gaya full,5,good,hindi
bro moong dal baga tasty,5,good,telugu
chana dal tinda mele ella illa,1,bad,kannada
noodles tinda mele mood spoil,1,bad,kannada
bro the sheera was slaps,5,good,english
burger bilkul ghatiya hai bhai,1,bad,hindi
toor dal hits different top tier,5,good,english
jalebi tinda mele yummy feel aaithu,5,good,kannada
jalebi khana hi nahi hai bhai,3,bad,hindi
full bonda tasty bandu bruh,5,good,kannada
chai tini tarvata feel manchi,5,good,telugu
mess mein coffee maja aa gaya full tha,4,good,hindi
masoor dal khake na khao feel,1,bad,punjabi
bhai seriously sheera regret ho reha,2,bad,punjabi
lassi try karo ekdum zabardast hai,5,good,hindi
mess masoor dal lowkey disgusting af,2,bad,english
chana dal khake solid taste feel hoya,5,good,punjabi
yaar noodles ekdum ekdum perfect si,4,good,punjabi
bhai pakoda bahut tasty,5,good,hindi
scrambled egg khake ulti aa gayi feel,1,bad,hindi
bro pulao perfect ga undi,5,good,telugu
rasgulla khake bewakoof banaya feel,1,bad,hindi
bhai sach mein rasgulla bohot kharab,1,bad,hindi
nah halwa is L food,3,bad,english
chana dal skip karo regret ho reha hai,2,bad,punjabi
medu vada try cheyakandi eat cheyaleka,2,bad,telugu
yaar moong dal ekdum zabardast si si,5,good,punjabi
bonda khake ekdum perfect feel hoya,5,good,punjabi
bhai maggi maja aa gaya full,5,good,hindi
mess da sheera regret ho reha,1,bad,punjabi
maggi skip maadi taste illa bro,3,bad,kannada
fried rice khake zabardast si feel hoya,5,good,punjabi
seriously bro pulao mood spoil,1,bad,kannada
tried sheera regret l food,2,bad,english
sandwich khake ekdum perfect feel hoya,4,good,punjabi
moong dal khake full mast feel aaya,5,good,hindi
omelette zahar hai yaar,1,bad,punjabi
mess gobi paratha is absolutely fire,4,good,english
mess pasta is absolutely fire,5,good,english
nah moong dal is ruined my day,1,bad,english
boiled egg khake ulti aa gayi feel,3,bad,hindi
moong dal ghatiya si hai yaar,1,bad,punjabi
seriously bruh gulab jamun kemp agide,1,bad,kannada
bhai momos ekdum perfect hai,4,good,punjabi
mess alli bajji full sakkath,5,good,kannada
mess cutlet full kemp agide,2,bad,kannada
bhai pav bhaji full mast,4,good,hindi
mess ka pakoda bewakoof banaya,1,bad,hindi
sandwich tini tarvata feel full enjoy,5,good,telugu
boiled egg tini tarvata disgusting,2,bad,telugu
bhel puri skip maadi ella illa,2,bad,kannada
full toast super aithu bro,5,good,kannada
bhajji try madi full sakkath,5,good,kannada
bro pakoda baga tasty,5,good,telugu
full sheera tasty bandu bro,5,good,kannada
ninna scrambled egg tinte manchi anipinchindi,5,good,telugu
rasgulla hits different lit,5,good,english
chai baledu bro undi bro,3,bad,telugu
puttu is straight trash,1,bad,english
bro kesari tasty bandu aithu,5,good,kannada
toast try madi perfect,5,good,kannada
bro masoor dal mast undi,5,good,telugu
noodles try cheyakandi mood off,1,bad,telugu
uppit tinda mele full sakkath feel aaithu,4,good,kannada
aloo paratha mat khao ulti aa gayi hai,1,bad,hindi
chana dal khake maja aa gaya full feel aaya,5,good,hindi
mess mein bajji perfect tha tha,4,good,hindi
gulab jamun khake faltu feel,2,bad,punjabi
mess da fried rice taste zero,1,bad,punjabi
bruh da appam was bussin,4,good,english
mess samosa disgusting,2,bad,telugu
yaar uppit ekdum kamaal si,5,good,punjabi
bhai kachori zabardast si hai,5,good,punjabi
mess ka uppit ulti aa gayi,1,bad,hindi
yaar fried rice to ekdum perfect tha,4,good,hindi
cutlet bekagilla guru,3,bad,kannada
kachori kemp agide guru,1,bad,kannada
bhai samosa bahut tasty,5,good,hindi
boiled egg try karo daab aa gayi,5,good,punjabi
yo jalebi was straight up crazy good,5,good,english
yo omelette was straight up top tier,5,good,english
yaar boiled egg to ekdum maja aa gaya full,5,good,hindi
noodles bohot kharab hai bhai,1,bad,hindi
pasta khake ulti aa gayi feel,1,bad,hindi
rasgulla try karo full mast hai,4,good,hindi
sheera tini tarvata feel full enjoy,5,good,telugu
mess ka bhel puri bewakoof banaya,1,bad,hindi
cutlet disgusting undi bro,1,bad,telugu
full poori perfect bro,5,good,kannada
nah samosa iz dizgusting af,1,bad,english
yaar pulao ekdum kamaal si,5,good,punjabi
bhai seriously kachori taste zero,1,bad,punjabi
bhajji khake ekdum perfect feel hoya,5,good,punjabi
mess poori is absolutely fire,5,good,english
manchurian bekagilla guru,1,bad,kannada
pasta khake bilkul ghatiya feel,3,bad,hindi
manchurian skip karo mood kharab ho gayi hai,1,bad,punjabi
mess lo momos superb ga undi undi,4,good,telugu
mess lo bhel puri full enjoy undi,4,good,telugu
seriously bro bonda disgusting aithu,3,bad,kannada
bro the medu vada was top tier,5,good,english
mess lo masoor dal perfect ga undi undi,4,good,telugu
dal fry skip maadi ella illa,3,bad,kannada
bh seriously bajji mood kharab ho gayi,1,bad,punjabi
dal fry tinda mele maja bandide feel aaithu,5,good,kannada
bro aloo paratha full enjoy,5,good,telugu
medu vada khake ekdum perfect feel hoya,4,good,punjabi
yaar fried rice ekdum zabardast si si,5,good,punjabi
dal fry khake bilkul ghatiya feel,1,bad,hindi
mess lo chana dal baga tasty undi,4,good,telugu
burger khake bilkul ghatiya feel,1,bad,hindi
tadka dal skip karo mood kharab ho gayi hai,3,bad,punjabi
nah pav bhaji is ruined my day,2,bad,english
tried rasgulla regret mid,1,bad,english
halwa bekagilla guru,2,bad,kannada
mess da gulab jamun regret ho reha,1,bad,punjabi
bruh da tadka dal was slaps,5,good,english
omelette try karo perfect tha hai,5,good,hindi
tried poori regret ruined my day,1,bad,english
bh kesari full mast h,5,good,punjabi
manchurian try madi maja bandide,5,good,kannada
mess mein pasta full mast tha,5,good,hindi
pongal khake ekdum zabardast feel aaya,4,good,hindi
toast khake daab aa gayi feel hoya,4,good,punjabi
chana dal regret hai bhai,2,bad,hindi
mess alli maggi nalla aithu,4,good,kannada
full omelette nalla aithu bro,5,good,kannada
chana dal mat khao paisa barbaad hai,3,bad,hindi
dhokla mood off undi bro,1,bad,telugu
tried dal fry and it was crazy good,5,good,english
nah maggi is straight garbage,2,bad,english
pulao khake khana hi nahi feel,2,bad,hindi
dal fry taste leka undi bro,3,bad,telugu
bro bhajji was not it,2,bad,english
appam skip karo taste zero hai,2,bad,punjabi
bhai gulab jamun lajawab si hai,5,good,punjabi
bro cutlet mast undi,5,good,telugu
pizza bewakoof banaya hai bhai,1,bad,hindi
tried toor dal regret zero stars,1,bad,english
ch khake solid taste feel hoya,5,good,punjabi
bro chai yummy aithu,5,good,kannada
chana dal tini tarvata feel full enjoy,4,good,telugu
mess halwa full waste piece,1,bad,kannada
bro rasgulla tasty bandu aithu,4,good,kannada
bhai fried rice lajawab si hai,5,good,punjabi
soup zahar h yaar,1,bad,punjabi
mess mein omelette kamaal ka tha,5,good,hindi
bhel puri tini tarvata feel baga tasty,5,good,telugu
yo dal fry was straight up crazy good,5,good,english
nah dal fry is not it,1,bad,english
mess mein maggi full mast tha,4,good,hindi
burger khake lajawab feel aaya,5,good,hindi
nah pav bhaji is ruined my day,1,bad,english
seriously bro chai disgusting aithu,2,bad,kannada
lassi khake bahut tasty feel aaya,4,good,hindi
bhai sach mein kesari ulti aa gayi,1,bad,hindi
full uppit maja bandide bro,4,good,kannada
pizza khake kamaal ka feel aaya,5,good,hindi
tried pav bhaji regret L food,1,bad,english
mess noodles lowkey ruined my day,2,bad,english
gulab jamun try cheyakandi eat cheyaleka,2,bad,telugu
yaar gobi paratha to ekdum bahut tasty,5,good,hindi
tried kachori regret zero stars,1,bad,english
bro gobi paratha perfect ga undi,5,good,telugu
bro masoor dal perfect aithu,5,good,kannada
mess pizza lowkey straight garbage,1,bad,english
pulao try karo ekdum perfect,5,good,punjabi
bhai seriously appam taste zero,3,bad,punjabi
seriously bro vada pav waste piece,2,bad,kannada
mess lo vada pav manchi undi,5,good,telugu
mess pav bhaji is bussin,5,good,english
ninna momos tinte mast undi anipinchindi,5,good,telugu
fried rice tini tarvata khali waste,1,bad,telugu
yo gulab jamun was straight up crazy good,5,good,english
bhajji tini tarvata eat cheyaleka,1,bad,telugu
bro coffee was L food,3,bad,english
ninna toast tinte perfect ga undi anipinchindi,4,good,telugu
manchurian khali waste undi bro,1,bad,telugu
mess rasgulla is bussin,5,good,english
fried rice tini tarvata mood off,1,bad,telugu
scrambled egg mat khao khana hi nahi hai,1,bad,hindi
moong dal mat khao khana hi nahi hai,1,bad,hindi
seriously bro noodles disgusting aithu,2,bad,kannada
mess alli pakoda nalla aithu,5,good,kannada
yaar chana dal ekdum zabardast si si,5,good,punjabi
sandwich tinda mele yummy feel aaithu,5,good,kannada
mess ch cutlet ekdum perfect si,5,good,punjabi
nah chai is zero stars,2,bad,english
pav bhaji tinda mele disgusting aithu,1,bad,kannada
pulao paisa barbaad hai bhai,2,bad,hindi
samosa tini tarvata taste leka,1,bad,telugu
yaar chana dal ekdum full mast si,5,good,punjabi
gulab jamun try karo kamaal ka hai,4,good,hindi
nah moong dal is mid,1,bad,english
yaar tadka dal ekdum zabardast si si,5,good,punjabi
mess da chana dal ghatiya si,1,bad,punjabi
gobi paratha skip karo mood kharab ho gayi hai,1,bad,punjabi
bro da cutlet was absolutely fire,5,good,english
pasta skip maadi kemp agide,3,bad,kannada
bro pakoda yummy aithu,4,good,kannada
sheera mood spoil guru,2,bad,kannada
kesari try madi yummy,5,good,kannada
ninna sandwich tinte manchi anipinchindi,4,good,telugu
mess burger is slaps,4,good,english
mess da cutlet mood kharab ho gayi,1,bad,punjabi
bro noodles tasty ga undi,4,good,telugu
cutlet disgusting undi bro,2,bad,telugu
mess momos is slaps,5,good,english
bro the scrambled egg was absolutely fire,4,good,english
maggi tinda mele nalla aithu feel aaithu,5,good,kannada
full soup tasty bandu bro,5,good,kannada
mess lo pav bhaji mast undi undi,5,good,telugu
yo chana dal was straight up no cap good,5,good,english
puttu hits different fire,4,good,english
aloo paratha eat cheyaleka undi bro,2,bad,telugu
bro the maggi was slaps,4,good,english
mess ch toast solid taste si,5,good,punjabi
bhai sach mein kesari ulti aa gayi,1,bad,hindi
bhajji disgusting undi bro,3,bad,telugu
mess ch burger lajawab si si,5,good,punjabi
bhai seriously chai ghatiya si,1,bad,punjabi
pizza hits different crazy good,4,good,english
mess maggi pani pattadu,2,bad,telugu
pasta mat khao bohot kharab hai,1,bad,hindi
coffee skip karo zahar hai,2,bad,punjabi
bro vada pav superb ga undi,5,good,telugu
yo gulab jamun was straight up legendary,4,good,english
bhai sandwich maja aa gaya full,5,good,hindi
mess alli toast yummy,4,good,kannada
aloo paratha mat khao khana hi nahi hai,1,bad,hindi
nah cutlet is disgusting af,2,bad,english
nah jalebi is zero stars,2,bad,english
bonda tinda mele super aithu feel aaithu,4,good,kannada
bhel puri try karo zabardast si,4,good,punjabi
gobi paratha try chesthe manchi,5,good,telugu
yaar noodles to ekdum bahut tasty,5,good,hindi
jalebi tini tarvata baledu bro,1,bad,telugu
pasta khake taste zero feel,1,bad,punjabi
mess bajji is absolutely fire,5,good,english
manchurian khake ghatiya si feel,1,bad,punjabi
seriously bro omelette taste illa bro,2,bad,kannada
vada pav bekagilla guru,3,bad,kannada
bro bhajji was not it,2,bad,english
cutlet skip karo regret ho reha h,2,bad,punjabi
bhai boiled egg full mast hai,4,good,punjabi
kesari zahar hai yaar,1,bad,punjabi
pongal baledu bro undi bro,1,bad,telugu
pakoda try cheyakandi disgusting,1,bad,telugu
halwa tinda mele super aithu feel aaithu,4,good,kannada
cutlet khake zabardast si feel hoya,4,good,punjabi
pav bhaji ghatiya si hai yaar,2,bad,punjabi
mess mein pizza lajawab tha,5,good,hindi
gulab jamun tinda mele disgusting aithu,3,bad,kannada
bro the dhokla was no cap good,5,good,english
ninna pulao tinte superb ga undi anipinchindi,5,good,telugu
chai regret hai bhai,2,bad,hindi
yaar omelette ekdum daab aa gayi si,4,good,punjabi
bhajji khake zahar feel,2,bad,punjabi
yaar tadka dal to ekdum ekdum zabardast,5,good,hindi
mess ka aloo paratha bohot kharab,2,bad,hindi
pulao khake khana hi nahi feel,2,bad,hindi
full masoor dal perfect bro,5,good,kannada
coffee khake ekdum zabardast feel aaya,5,good,hindi
scrambled egg taste illa bro guru,2,bad,kannada
bhajji khake ghatiya si feel,2,bad,punjabi
mess da chana dal ghatiya si,1,bad,punjabi
samosa mat khao regret hai,2,bad,hindi
pakoda tinda mele super aithu feel aaithu,5,good,kannada
mess vada pav is crazy good,5,good,english
mess da pasta na khao,1,bad,punjabi
bhai puttu lajawab,5,good,hindi
mess ch dhokla zabardast si si,5,good,punjabi
yo jalebi was straight up slaps,5,good,english
mess da aloo paratha faltu,1,bad,punjabi
full appam maja bandide bruh,5,good,kannada
yaar bhajji ekdum zabardast si si,4,good,punjabi
gobi paratha try karo lajawab hai,5,good,hindi
uppit khake bewakoof banaya feel,1,bad,hindi
tried sandwich and it was lit,5,good,english
sandwich is straight zero stars,1,bad,english
kesari na khao hai yaar,1,bad,punjabi
mess da pav bhaji zahar,1,bad,punjabi
tried vada pav regret ruined my day,1,bad,english
bro scrambled egg superb ga undi,5,good,telugu
tried scrambled egg regret straight garbage,1,bad,english
bro kachori was disgusting af,1,bad,english
kachori try chesthe mast undi,4,good,telugu
mess momos full taste illa bro,1,bad,kannada
yaar medu vada to ekdum maja aa gaya full,4,good,hindi
pasta zahar hai yaar,2,bad,punjabi
tried pongal regret not it,1,bad,english
dal fry try madi yummy,4,good,kannada
bhai sach mein fried rice khana hi nahi,3,bad,hindi
jalebi is straight mid,1,bad,english
moong dal tini tarvata feel superb ga undi,5,good,telugu
bhai seriously sheera taste zero,1,bad,punjabi
ninna kachori tinte tasty ga undi anipinchindi,5,good,telugu
bh seriously puttu ghatiya si,2,bad,punjabi
fried rice khake solid taste feel hoya,5,good,punjabi
mess gulab jamun taste leka,1,bad,telugu
bro manchurian was mid,1,bad,english
mess ka puttu bohot kharab,1,bad,hindi
moong dal disgusting aithu guru,1,bad,kannada
fried rice try karo lajawab si,5,good,punjabi
bajji khake full mast feel hoya,5,good,punjabi
full pav bhaji tasty bandu bro,5,good,kannada
mess lo medu vada manchi undi,4,good,telugu
sandwich bewakoof banaya h bh,1,bad,hindi
noodles tinda mele maja bandide feel aaithu,5,good,kannada
bro boiled egg was disgusting af,2,bad,english
mess dal fry full mood spoil,2,bad,kannada
sheera is straight mid,1,bad,english
mess toor dal is absolutely fire,5,good,english
masoor dal baledu bro undi bro,2,bad,telugu
bhai sach mein toast bohot kharab,2,bad,hindi
seriously bro puttu taste illa bro,1,bad,kannada
mess mein halwa kamaal ka tha,5,good,hindi
mess ch lassi full mast si,4,good,punjabi
mess alli gulab jamun maja bandide,5,good,kannada
bruh noodles manchi,5,good,telugu
mess pav bhaji khali waste,2,bad,telugu
poori ella illa guru,3,bad,kannada
full cutlet nalla aithu bro,5,good,kannada
bhai maggi solid taste hai,4,good,punjabi
mess fried rice full mood spoil,1,bad,kannada
yo omelette was straight up legendary,4,good,english
nah sandwich is not it,3,bad,english
jalebi khake full mast feel aaya,4,good,hindi
coffee khake lajawab feel aaya,5,good,hindi
mess alli vada pav nalla aithu,5,good,kannada
bhai seriously kesari na khao,2,bad,punjabi
mess ch moong dal daab aa gayi si,4,good,punjabi
pongal khali waste undi bro,1,bad,telugu
boiled egg khake na khao feel,1,bad,punjabi
pav bhaji faltu hai yaar,2,bad,punjabi
mess lassi is no cap good,5,good,english
dhokla tinda mele nalla aithu feel aaithu,5,good,kannada
seriously bro pakoda mood spoil,1,bad,kannada
mess puttu full ella illa,2,bad,kannada
bro maggi was not it,1,bad,english
bh sach mein soup regret,1,bad,hindi
yaar aloo paratha to ekdum maja aa gaya full,5,good,hindi
appam is straight zero stars,2,bad,english
vada pav skip karo na khao hai,1,bad,punjabi
yo sheera was straight up legendary,5,good,english
dhokla try cheyakandi khali waste,1,bad,telugu
tried masoor dal and it was top tier,5,good,english
mess pongal full waste piece,1,bad,kannada
seriously gulab jamun disgusting,1,bad,telugu
boiled egg tini tarvata pani pattadu,3,bad,telugu
manchurian skip maadi kemp agide,1,bad,kannada
bhai toast lajawab si hai,4,good,punjabi
mess appam full bekagilla,1,bad,kannada
mess ka gulab jamun regret,1,bad,hindi
aloo paratha tini tarvata pani pattadu,1,bad,telugu
rasgulla khake full mast feel aaya,5,good,hindi
pulao khake mood kharab ho gayi feel,2,bad,punjabi
yaar chai to ekdum full mast,4,good,hindi
seriously fried rice taste leka,2,bad,telugu
sheera try chesthe superb ga undi,4,good,telugu
ninna chai tinte manchi anipinchindi,5,good,telugu
pav bhaji tini tarvata feel baga tasty,5,good,telugu
yaar scrambled egg ekdum ekdum perfect si,5,good,punjabi
moong dal try madi nalla aithu,5,good,kannada
mess chana dal khali waste,2,bad,telugu
mess lo tadka dal mast undi undi,4,good,telugu
bro rasgulla full sakkath aithu,5,good,kannada
mess pav bhaji pani pattadu,2,bad,telugu
tadka dal skip maadi kemp agide,1,bad,kannada
sandwich try karo maja aa gaya full hai,5,good,hindi
yo omelette was straight up top tier,5,good,english
seriously bro dhokla waste piece,1,bad,kannada
bhai sach mein samosa bohot kharab,3,bad,hindi
tried pulao regret mid,1,bad,english
full burger super aithu bro,4,good,kannada
mess lo rasgulla mast undi undi,5,good,telugu
soup disgusting undi bro,2,bad,telugu
ninna sandwich tinte manchi anipinchindi,5,good,telugu
yo soup was straight up bussin,4,good,english
mess gulab jamun lowkey disgusting af,2,bad,english
chana dal mat khao khana hi nahi hai,3,bad,hindi
bhel puri tini tarvata feel manchi,5,good,telugu
maggi try karo daab aa gayi,4,good,punjabi
tried masoor dal regret mid,3,bad,english
seriously bro gobi paratha mood spoil,3,bad,kannada
tried gobi paratha and it was lit,4,good,english
rasgulla tinda mele nalla aithu feel aaithu,5,good,kannada
bro kachori superb ga undi,5,good,telugu
boiled egg try chesthe superb ga undi,4,good,telugu
kachori khake regret feel,1,bad,hindi
mess ka aloo paratha regret,2,bad,hindi
bro the toor dal was absolutely fire,4,good,english
bro aloo paratha superb ga undi,5,good,telugu
bhajji try chesthe baga tasty,5,good,telugu
bhai gulab jamun kamaal ka,4,good,hindi
bhai masoor dal bahut tasty,5,good,hindi
scrambled egg tinda mele ella illa,2,bad,kannada
seriously bro coffee bekagilla,1,bad,kannada
bhai seriously cutlet faltu,1,bad,punjabi
bro the sheera was legendary,5,good,english
bhai seriously coffee regret ho reha,1,bad,punjabi
ninna omelette tinte perfect ga undi anipinchindi,5,good,telugu
bro sheera yummy aithu,5,good,kannada
rasgulla tini tarvata eat cheyaleka,2,bad,telugu
uppit try chesthe superb ga undi,4,good,telugu
nah maggi is zero stars,1,bad,english
nah jalebi is ruined my day,3,bad,english
mess sheera pani pattadu,2,bad,telugu
seriously bro scrambled egg disgusting aithu,1,bad,kannada
bhai maggi perfect tha,4,good,hindi
yaar ch to ekdum ekdum zabardast,5,good,hindi
tried medu vada and it was legendary,4,good,english
mess mein dal fry ekdum zabardast tha,4,good,hindi
yaar bajji ekdum zabardast si si,4,good,punjabi
mess da appam ghatiya si,1,bad,punjabi
maggi tini tarvata feel perfect ga undi,5,good,telugu
appam try madi full sakkath,5,good,kannada
mess da moong dal faltu,1,bad,punjabi
manchurian hits different top tier,4,good,english
mess pakoda khali waste,3,bad,telugu
pulao is straight mid,2,bad,english
bhai seriously kachori regret ho reha,3,bad,punjabi
mess ch chana dal lajawab si si,4,good,punjabi
samosa tinda mele full sakkath feel aaithu,4,good,kannada
sheera khake bilkul ghatiya feel,1,bad,hindi
bruh dhokla tasty ga undi,4,good,telugu
puttu tinda mele mood spoil,1,bad,kannada
bhel puri try madi maja bandide,4,good,kannada
omelette zahar hai yaar,2,bad,punjabi
chana dal kemp agide guru,1,bad,kannada
nah momos is l food,1,bad,english
uppit tini tarvata khali waste,1,bad,telugu
mess manchurian taste leka,3,bad,telugu
tried bhel puri and it was slaps,4,good,english
nah medu vada is trash,1,bad,english
chai skip maadi disgusting aithu,1,bad,kannada
bhai dal fry perfect tha,5,good,hindi
mess puttu lowkey L food,2,bad,english
mess aloo paratha full waste piece,2,bad,kannada
tried sheera regret straight garbage,1,bad,english
seriously bro sheera bekagilla,2,bad,kannada
mess poori khali waste,1,bad,telugu
mess pasta lowkey not it,3,bad,english
bhel puri tini tarvata khali waste,1,bad,telugu
mess lo dal fry full enjoy undi,5,good,telugu
bro bajji was trash,2,bad,english
mess da jalebi taste zero,1,bad,punjabi
bhajji mat khao regret hai,3,bad,hindi
seriously bro tadka dal kemp agide,2,bad,kannada
boiled egg mat khao ulti aa gayi h,2,bad,hindi
seriously burger disgusting,1,bad,telugu
yaar momos ekdum solid taste si,5,good,punjabi
bro the puttu was legendary,4,good,english
coffee taste illa bro guru,1,bad,kannada
bhai bajji kamaal ka,5,good,hindi
seriously bonda disgusting,3,bad,telugu
kachori mat khao khana hi nahi hai,1,bad,hindi
toor dal khake bahut tasty feel aaya,4,good,hindi
bhai burger full mast,4,good,hindi
pakoda skip karo na khao hai,2,bad,punjabi
soup khali waste undi bro,1,bad,telugu
bro poori superb ga undi,5,good,telugu
fried rice try chesthe mast undi,4,good,telugu
mess da appam faltu,1,bad,punjabi
bro gulab jamun yummy aithu,4,good,kannada
halwa tini tarvata feel baga tasty,5,good,telugu
yo boiled egg was straight up top tier,4,good,english
mess ka vada pav bohot kharab,2,bad,hindi
masoor dal try karo full mast,5,good,punjabi
toast mat khao bohot kharab hai,1,bad,hindi
halwa baledu bro undi bro,2,bad,telugu
mess boiled egg full ella illa,1,bad,kannada
bhai moong dal bahut tasty,5,good,hindi
pasta try karo bahut tasty hai,5,good,hindi
momos is straight trash,1,bad,english
yo medu vada was straight up legendary,4,good,english
kachori skip karo ghatiya si hai,3,bad,punjabi
mess maggi lowkey straight garbage,1,bad,english
seriously puttu baledu bro,1,bad,telugu
bro boiled egg yummy aithu,5,good,kannada
mess maggi is top tier,4,good,english
fried rice khake zahar feel,1,bad,punjabi
gobi paratha try chesthe perfect ga undi,5,good,telugu
tried gobi paratha and it was bussin,5,good,english
gulab jamun skip maadi ella illa,3,bad,kannada
bhai sach mein masoor dal khana hi nahi,1,bad,hindi
aloo paratha pani pattadu undi bro,2,bad,telugu
bhai momos maja aa gaya full,4,good,hindi
masoor dal tinda mele nalla aithu feel aaithu,5,good,kannada
maggi tinda mele kemp agide,2,bad,kannada
ninna poori tinte manchi anipinchindi,4,good,telugu
omelette tinda mele perfect feel aaithu,4,good,kannada
bhai toast zabardast si hai,5,good,punjabi
rasgulla tini tarvata feel perfect ga undi,5,good,telugu
bro the sheera was fire,4,good,english
bhai sach mein samosa bohot kharab,2,bad,hindi
pulao faltu hai yaar,1,bad,punjabi
bhai burger full mast hai,4,good,punjabi
yaar halwa ekdum zabardast si si,5,good,punjabi
mess lo bhajji mast undi undi,5,good,telugu
gulab jamun khake bahut tasty feel aaya,5,good,hindi
bro the toast was bussin,5,good,english
gulab jamun try chesthe baga tasty,5,good,telugu
coffee tini tarvata khali waste,2,bad,telugu
mess cutlet full taste illa bro,2,bad,kannada
pav bhaji try madi perfect,5,good,kannada
fried rice tini tarvata mood off,2,bad,telugu
bro pakoda superb ga undi,5,good,telugu
dhokla zahar hai yaar,2,bad,punjabi
tried bhajji and it was slaps,5,good,english
aloo paratha regret hai bhai,2,bad,hindi
jalebi try cheyakandi mood off,2,bad,telugu
mess lo puttu superb ga undi undi,5,good,telugu
bhai seriously pasta regret ho reha,1,bad,punjabi
mess alli omelette nalla aithu,5,good,kannada
puttu try madi nalla aithu,5,good,kannada
bhajji khake regret ho reha feel,2,bad,punjabi
bh lassi maja aa gaya full,5,good,hindi
yaar noodles to ekdum perfect tha,5,good,hindi
bhai sach mein kesari bohot kharab,1,bad,hindi
yo bajji was straight up no cap good,5,good,english
mess medu vada full mood spoil,1,bad,kannada
mess pakoda mood off,2,bad,telugu
bhai sach mein halwa khana hi nahi,1,bad,hindi
bhai seriously boiled egg taste zero,2,bad,punjabi
fried rice mat khao paisa barbaad hai,2,bad,hindi
kesari try chesda perfect ga undi,5,good,telugu
toor dal khake full mast feel aaya,5,good,hindi
puttu baledu bro undi bro,1,bad,telugu
yo kachori was straight up slaps,4,good,english
ninna bhajji tinte full enjoy anipinchindi,5,good,telugu
tadka dal khake maja aa gaya full feel aaya,5,good,hindi
kachori hits different no cap good,5,good,english
boiled egg khake mood kharab ho gayi feel,1,bad,punjabi
puttu try karo solid taste,5,good,punjabi
bruh jalebi nalla aithu aithu,4,good,kannada
bhajji tinda mele perfect feel aaithu,5,good,kannada
fried rice try karo full mast hai,4,good,hindi
gulab jamun tinda mele kemp agide,2,bad,kannada
mess appam full taste illa bro,1,bad,kannada
mess maggi lowkey disgusting af,1,bad,english
lassi try chesda superb ga undi,5,good,telugu
bro the medu vada was fire,5,good,english
chai try karo kamaal,5,good,punjabi
seriously aloo paratha mood off,1,bad,telugu
bro medu vada was L food,1,bad,english
tried pasta regret L food,1,bad,english
soup khake khana hi nahi feel,2,bad,hindi
mess ka chana dal regret,1,bad,hindi
mess kesari eat cheyaleka,1,bad,telugu
bro pulao maja bandide aithu,4,good,kannada
mess da manchurian regret ho reha,1,bad,punjabi
coffee skip maadi kemp agide,1,bad,kannada
fried rice skip maadi ella illa,1,bad,kannada
rasgulla khake daab aa gayi feel hoya,5,good,punjabi
yaar puttu to ekdum kamaal ka,4,good,hindi
maggi skip maadi ella illa,1,bad,kannada
mess uppit mood off,1,bad,telugu
bro the momos was crazy good,4,good,english
bajji khake ekdum zabardast feel aaya,4,good,hindi
lassi try karo bahut tasty hai,5,good,hindi
nah cutlet is L food,1,bad,english
toast tinda mele maja bandide feel aaithu,4,good,kannada
bhai seriously toor dal ghatiya si,1,bad,punjabi
scrambled egg skip maadi taste illa bro,1,bad,kannada
bro poori tasty ga undi,5,good,telugu
bro kachori was ruined my day,1,bad,english
kachori khake zahar feel,3,bad,punjabi
tried dhokla regret ruined my day,1,bad,english
seriously bro bhajji mood spoil,1,bad,kannada
bro tadka dal maja bandide aithu,5,good,kannada
ninna scrambled egg tinte perfect ga undi anipinchindi,5,good,telugu
omelette disgusting undi bro,1,bad,telugu
bro the manchurian was crazy good,5,good,english
kachori is straight ruined my day,1,bad,english
bro sheera was straight garbage,3,bad,english
mess da pasta regret ho reha,1,bad,punjabi
uppit try cheyakandi pani pattadu,1,bad,telugu
bro sandwich was trash,1,bad,english
seriously bro scrambled egg disgusting aithu,2,bad,kannada
mess ka chai regret,1,bad,hindi
sandwich hits different no cap good,5,good,english
dal fry tinda mele maja bandide feel aaithu,5,good,kannada
mess bhel puri lowkey not it,1,bad,english
bro sandwich nalla aithu aithu,5,good,kannada
bro omelette was mid,1,bad,english
momos try chesthe superb ga undi,5,good,telugu
yo bonda was straight up absolutely fire,5,good,english
yaar poori ekdum ekdum perfect si,5,good,punjabi
mess rasgulla iz lit,4,good,english
pasta taste illa bro guru,2,bad,kannada
yaar pongal ekdum kamaal si,5,good,punjabi
yaar pav bhaji ekdum zabardast si si,5,good,punjabi
bhai rasgulla ekdum zabardast,4,good,hindi
pasta pani pattadu undi bro,2,bad,telugu
ninna vada pav tinte tasty ga undi anipinchindi,4,good,telugu
bro toast full sakkath aithu,5,good,kannada
bro bajji was ruined my day,2,bad,english
bhai soup lajawab si hai,4,good,punjabi
tried kesari regret disgusting af,2,bad,english
gobi paratha skip karo na khao hai,1,bad,punjabi
nah gobi paratha is straight garbage,2,bad,english
seriously bruh vada pav mood spoil,2,bad,kannada
bhai sach mein cutlet bewakoof banaya,1,bad,hindi
bhai sach mein uppit khana hi nahi,1,bad,hindi
mess pulao full disgusting aithu,1,bad,kannada
tried appam regret zero stars,1,bad,english
bhai sach mein poori bohot kharab,1,bad,hindi
tried pakoda and it was fire,5,good,english
ninna lassi tinte mast undi anipinchindi,5,good,telugu
mess ch bhajji daab aa gayi si,5,good,punjabi
tried coffee regret ruined my day,2,bad,english
bro kachori tasty ga undi,5,good,telugu
seriously dhokla pani pattadu,2,bad,telugu
mess da toast ghatiya si,1,bad,punjabi
soup try madi nalla aithu,5,good,kannada
mess cutlet lowkey straight garbage,1,bad,english
gobi paratha hits different fire,4,good,english
burger tini tarvata khali waste,1,bad,telugu
lassi skip maadi waste piece,1,bad,kannada
yo toor dal was straight up lit,5,good,english
mess mein pav bhaji perfect tha tha,4,good,hindi
mess lo tadka dal superb ga undi undi,4,good,telugu
moong dal tini tarvata khali waste,2,bad,telugu
bhai fried rice lajawab,4,good,hindi
mess pakoda full ella illa,2,bad,kannada
sheera skip karo zahar hai,3,bad,punjabi
bhai bhajji lajawab si hai,5,good,punjabi
mess ka bhel puri bohot kharab,3,bad,hindi
mess bhel puri lowkey ruined my day,1,bad,english
maggi tinda mele maja bandide feel aaithu,4,good,kannada
mess alli pakoda perfect,5,good,kannada
puttu khake bohot kharab feel,2,bad,hindi
bro manchurian nalla aithu aithu,4,good,kannada
lassi try cheyakandi baledu bruh,1,bad,telugu
mess alli medu vada yummy,5,good,kannada
yo boiled egg was straight up fire,4,good,english
lassi khake ekdum perfect feel hoya,4,good,punjabi
appam taste zero hai yaar,1,bad,punjabi
burger khake bahut tasty feel aaya,5,good,hindi
bhel puri khake mood kharab ho gayi feel,3,bad,punjabi
ninna poori tinte manchi anipinchindi,4,good,telugu
bhai sach mein manchurian bohot kharab,1,bad,hindi
coffee skip karo ghatiya si h,1,bad,punjabi
lassi try cheyakandi disgusting,1,bad,telugu
noodles khake bahut tasty feel aaya,4,good,hindi
mess momos is bussin,4,good,english
yaar dal fry ekdum solid taste si,4,good,punjabi
dhokla hits different legendary,5,good,english
full kachori full sakkath bruh,4,good,kannada
mess lo pakoda full enjoy undi,5,good,telugu
ninna maggi tinte baga tasty anipinchindi,5,good,telugu
mess da kesari mood kharab ho gayi,1,bad,punjabi
seriously tadka dal taste leka,1,bad,telugu
mess mein sheera kamaal ka tha,4,good,hindi
yo poori was straight up crazy good,4,good,english
bhai seriously manchurian na khao,1,bad,punjabi
omelette try chesthe perfect ga undi,5,good,telugu
bhai sach mein boiled egg regret,2,bad,hindi
mess da appam ghatiya si,1,bad,punjabi
uppit bohot kharab hai bhai,1,bad,hindi
bro medu vada super aithu aithu,4,good,kannada
yaar pongal ekdum full mast si,5,good,punjabi
ninna samosa tinte manchi anipinchindi,4,good,telugu
full masoor dal yummy bro,5,good,kannada
burger eat cheyaleka undi bro,1,bad,telugu
bhai sach mein bhajji khana hi nahi,2,bad,hindi
puttu khake solid taste feel hoya,4,good,punjabi
mess alli chana dal yummy,5,good,kannada
pakoda khake lajawab si feel hoya,5,good,punjabi
yaar sandwich ekdum ekdum perfect si,5,good,punjabi
samosa mat khao paisa barbaad hai,2,bad,hindi
pav bhaji faltu hai yaar,2,bad,punjabi
bro toast was not it,2,bad,english
yaar medu vada ekdum daab aa gayi si,5,good,punjabi
mess ka kesari bilkul ghatiya,1,bad,hindi
momos tinda mele mood spoil,1,bad,kannada
mess ka poori bohot kharab,1,bad,hindi
mess fried rice is no cap good,5,good,english
yaar cutlet to ekdum full mast,4,good,hindi
bro soup baga tasty,5,good,telugu
fried rice try cheyakandi khali waste,1,bad,telugu
nah fried rice is not it,1,bad,english
omelette try chesthe full enjoy,5,good,telugu
samosa khake ghatiya si feel,1,bad,punjabi
pulao hits different slaps,4,good,english
bro pakoda mast undi,4,good,telugu
mess mein omelette bahut tasty tha,5,good,hindi
gulab jamun taste illa bro guru,2,bad,kannada
rasgulla tini tarvata eat cheyaleka,1,bad,telugu
full scrambled egg maja bandide bruh,5,good,kannada
tried boiled egg regret ruined my day,1,bad,english
yaar pav bhaji to ekdum lajawab,5,good,hindi
seriously boiled egg taste leka,2,bad,telugu
full boiled egg perfect bro,4,good,kannada
mess chai eat cheyaleka,2,bad,telugu
bhajji paisa barbaad hai bhai,1,bad,hindi
kesari bekagilla guru,1,bad,kannada
mess mein medu vada full mast tha,5,good,hindi
yaar coffee to ekdum bahut tasty,5,good,hindi
ninna maggi tinte manchi anipinchindi,5,good,telugu
bhai seriously samosa ghatiya si,1,bad,punjabi
bhai sach mein coffee khana hi nahi,2,bad,hindi
bhai seriously kesari zahar,1,bad,punjabi
mess da chana dal zahar,1,bad,punjabi
tried boiled egg regret zero stars,1,bad,english
yaar cutlet ekdum kamaal si,5,good,punjabi
vada pav skip karo ghatiya si hai,1,bad,punjabi
tried aloo paratha regret trash,1,bad,english
seriously bro pav bhaji waste piece,1,bad,kannada
seriously chana dal taste leka,1,bad,telugu
mess da pongal ghatiya si,1,bad,punjabi
yo poori was straight up legendary,4,good,english
bhajji skip maadi kemp agide,1,bad,kannada
mess maggi lowkey ruined my day,2,bad,english
mess pav bhaji mood off,1,bad,telugu
pasta try karo maja aa gaya full hai,4,good,hindi
bhai lassi ekdum zabardast,5,good,hindi
mess dhokla is lit,5,good,english
seriously coffee mood off,1,bad,telugu
bonda ulti aa gayi hai bhai,3,bad,hindi
bro moong dal mast undi,5,good,telugu
pizza pani pattadu undi bro,2,bad,telugu
mess toast is bussin,4,good,english
poori is straight mid,1,bad,english
bajji try cheyakandi taste leka,2,bad,telugu
bhai seriously pizza na khao,3,bad,punjabi
chana dal taste zero h yaar,3,bad,punjabi
mess da burger ghatiya si,1,bad,punjabi
poori try karo full mast hai,4,good,hindi
cutlet mat khao khana hi nahi hai,2,bad,hindi
tried noodles and it was top tier,5,good,english
dhokla try karo solid taste,5,good,punjabi
bhai sach mein manchurian khana hi nahi,1,bad,hindi
ninna medu vada tinte tasty ga undi anipinchindi,4,good,telugu
gulab jamun skip karo zahar hai,1,bad,punjabi
mess ch rasgulla full mast si,5,good,punjabi
bro the soup was absolutely fire,5,good,english
rasgulla try madi yummy,5,good,kannada
toor dal tini tarvata feel full enjoy,4,good,telugu
seriously momos khali waste,1,bad,telugu
seriously scrambled egg mood off,1,bad,telugu
bro pav bhaji tasty ga undi,4,good,telugu
yo pasta was straight up bussin,4,good,english
sheera try cheyakandi disgusting,3,bad,telugu
coffee tini tarvata feel perfect ga undi,5,good,telugu
boiled egg try karo lajawab si,4,good,punjabi
masoor dal tinda mele maja bandide feel aaithu,5,good,kannada
seriously omelette mood off,1,bad,telugu
tried gulab jamun regret trash,1,bad,english
ninna burger tinte tasty ga undi anipinchindi,5,good,telugu
mess ka coffee khana hi nahi,1,bad,hindi
nah pav bhaji is not it,1,bad,english
tried gobi paratha and it was no cap good,5,good,english
bhai pav bhaji ekdum zabardast,4,good,hindi
mess mein gobi paratha perfect tha tha,4,good,hindi
mess lo noodles tasty ga undi undi,4,good,telugu
dal fry taste leka undi bruh,1,bad,telugu
mess alli gulab jamun nalla aithu,5,good,kannada
rasgulla tini tarvata pani pattadu,1,bad,telugu
nah halwa is trash,1,bad,english
dhokla baledu bro undi bro,1,bad,telugu
seriously bro tadka dal waste piece,2,bad,kannada
pasta skip maadi waste piece,1,bad,kannada
bro the maggi was absolutely fire,4,good,english
appam is straight trash,1,bad,english
tadka dal regret hai bhai,2,bad,hindi
yaar scrambled egg ekdum ekdum perfect si,5,good,punjabi
pav bhaji mat khao ulti aa gayi hai,2,bad,hindi
bro dhokla manchi,5,good,telugu
yaar bonda ekdum kamaal si,5,good,punjabi
bhai momos kamaal hai,4,good,punjabi
vada pav try cheyakandi eat cheyaleka,2,bad,telugu
tadka dal na khao hai yaar,1,bad,punjabi
bhai kesari lajawab si hai,4,good,punjabi
pongal khake regret feel,3,bad,hindi
mess ka gobi paratha bohot kharab,1,bad,hindi
seriously bro puttu mood spoil,1,bad,kannada
tried pav bhaji and it was no cap good,5,good,english
mess lassi full waste piece,2,bad,kannada
yaar momos ekdum lajawab si si,4,good,punjabi
bhai fried rice solid taste hai,5,good,punjabi
kachori hits different absolutely fire,5,good,english
nah kachori is trash,1,bad,english
jalebi try chesthe full enjoy,5,good,telugu
aloo paratha tini tarvata mood off,1,bad,telugu
mess chana dal is absolutely fire,5,good,english
puttu skip maadi kemp agide,1,bad,kannada
scrambled egg hits different lit,4,good,english
samosa khake kamaal feel hoya,5,good,punjabi
fried rice try karo kamaal,5,good,punjabi
mess samosa iz no cap good,4,good,english
dhokla is straight not it,1,bad,english
mess alli pongal nalla aithu,5,good,kannada
pulao mat khao paisa barbaad hai,1,bad,hindi
mess kesari is no cap good,5,good,english
yo gulab jamun was straight up slaps,5,good,english
yaar puttu ekdum ekdum perfect si,4,good,punjabi
seriously bro aloo paratha taste illa bro,1,bad,kannada
mess moong dal lowkey disgusting af,1,bad,english
noodles try karo full mast hai,4,good,hindi
mess alli lassi super aithu,4,good,kannada
mess alli chai full sakkath,5,good,kannada
kesari khake bahut tasty feel aaya,5,good,hindi
bhai sach mein bajji bewakoof banaya,1,bad,hindi
yo burger was straight up absolutely fire,5,good,english
mess pulao khali waste,1,bad,telugu
mess da dhokla regret ho reha,2,bad,punjabi
full chana dal super aithu bro,4,good,kannada
bro toast baga tasty,4,good,telugu
seriously soup taste leka,2,bad,telugu
bhai seriously scrambled egg taste zero,1,bad,punjabi
seriously maggi eat cheyaleka,1,bad,telugu
yaar toor dal to ekdum bahut tasty,5,good,hindi
bhai sach mein pongal regret,2,bad,hindi
appam khake zahar feel,1,bad,punjabi
mess alli soup nalla aithu,5,good,kannada
burger iz straight zero stars,1,bad,english
pulao is straight not it,2,bad,english
tadka dal tinda mele perfect feel aaithu,5,good,kannada
masoor dal tinda mele disgusting aithu,1,bad,kannada
seriously pakoda eat cheyaleka,3,bad,telugu
moong dal khake na khao feel,2,bad,punjabi
sandwich try karo daab aa gayi,5,good,punjabi
vada pav hits different no cap good,4,good,english
puttu skip karo regret ho reha hai,1,bad,punjabi
mess bhajji lowkey zero stars,1,bad,english
mess da pulao faltu,1,bad,punjabi
mess pav bhaji is no cap good,5,good,english
mess mein burger maja aa gaya full tha,5,good,hindi
full kesari yummy bro,5,good,kannada
bro appam was L food,1,bad,english
kesari try cheyakandi mood off,2,bad,telugu
mess da pasta zahar,1,bad,punjabi
seriously noodles eat cheyaleka,2,bad,telugu
fried rice zahar hai yaar,1,bad,punjabi
tried burger and it was top tier,5,good,english
poori try karo ekdum zabardast hai,4,good,hindi
mess da halwa regret ho reha,2,bad,punjabi
mess noodles is bussin,4,good,english
yaar medu vada to ekdum full mast,5,good,hindi
fried rice khake regret feel,2,bad,hindi
pulao khake full mast feel hoya,5,good,punjabi
bonda tinda mele perfect feel aaithu,5,good,kannada
noodles try karo perfect tha hai,5,good,hindi
cutlet taste zero hai yaar,2,bad,punjabi
cutlet khake lajawab feel aaya,4,good,hindi
bro momos tasty bandu aithu,5,good,kannada
puttu try karo daab aa gayi,5,good,punjabi
jalebi ella illa guru,1,bad,kannada
mess da bhel puri faltu,3,bad,punjabi
seriously bruh dal fry mood spoil,1,bad,kannada
moong dal khake ekdum perfect feel hoya,5,good,punjabi
nah omelette is ruined my day,2,bad,english
pakoda is straight trash,1,bad,english
seriously bajji eat cheyaleka,1,bad,telugu
toor dal try karo full mast hai,4,good,hindi
manchurian skip karo faltu hai,1,bad,punjabi
bhai seriously manchurian regret ho reha,1,bad,punjabi
bhai sach mein pasta bohot kharab,1,bad,hindi
yaar chai to ekdum bahut tasty,4,good,hindi
kesari khake zahar feel,1,bad,punjabi
bro the jalebi was absolutely fire,5,good,english
mess pizza mood off,2,bad,telugu
bhel puri pani pattadu undi bro,1,bad,telugu
mess ka manchurian bilkul ghatiya,2,bad,hindi
maggi tinda mele yummy feel aaithu,5,good,kannada
bro the omelette was top tier,5,good,english
manchurian try karo kamaal ka hai,4,good,hindi
mess ch dal fry kamaal si,5,good,punjabi
mess momos disgusting,2,bad,telugu
mess sandwich full mood spoil,1,bad,kannada
mess da puttu faltu,1,bad,punjabi
chai try karo daab aa gayi,5,good,punjabi
tadka dal tinda mele ella illa,1,bad,kannada
halwa khake bilkul ghatiya feel,3,bad,hindi
pongal khake zabardast si feel hoya,4,good,punjabi
seriously bhajji mood off,2,bad,telugu
chana dal mat khao bilkul ghatiya hai,1,bad,hindi
uppit hits different legendary,5,good,english
rasgulla tini tarvata eat cheyaleka,2,bad,telugu
vada pav try madi tasty bandu,5,good,kannada
bhel puri tini tarvata feel baga tasty,5,good,telugu
bhai sach mein appam paisa barbaad,1,bad,hindi
mess momos full mood spoil,2,bad,kannada
maggi try karo kamaal ka hai,5,good,hindi
mess lo aloo paratha tasty ga undi undi,5,good,telugu
bro dhokla full enjoy,4,good,telugu
full moong dal nalla aithu bro,5,good,kannada
bro the maggi was no cap good,5,good,english
nah boiled egg is not it,1,bad,english
lassi mat khao regret hai,2,bad,hindi
nah pakoda is disgusting af,2,bad,english
mess da cutlet faltu,1,bad,punjabi
bh vada pav zabardast si h,4,good,punjabi
bro momos perfect ga undi,5,good,telugu
momos mood kharab ho gayi hai yaar,1,bad,punjabi
mess scrambled egg lowkey not it,1,bad,english
pongal try karo ekdum zabardast hai,5,good,hindi
yaar bajji to ekdum perfect tha,4,good,hindi
mess jalebi is lit,5,good,english
bro the cutlet was crazy good,5,good,english
mess lassi pani pattadu,2,bad,telugu
puttu khake taste zero feel,3,bad,punjabi
soup khake zabardast si feel hoya,5,good,punjabi
bajji khali waste undi bro,1,bad,telugu
mess ka appam bohot kharab,1,bad,hindi
bro chai was straight garbage,2,bad,english
halwa zahar hai yaar,2,bad,punjabi
coffee tinda mele super aithu feel aaithu,5,good,kannada
bhel puri tinda mele bekagilla,3,bad,kannada
manchurian khake taste zero feel,1,bad,punjabi
bhai samosa kamaal ka,5,good,hindi
mess kesari full ella illa,1,bad,kannada
bro appam was trash,2,bad,english
mess uppit lowkey not it,1,bad,english
pizza try cheyakandi baledu bro,1,bad,telugu
maggi khake lajawab si feel hoya,5,good,punjabi
bh sach mein gobi paratha bewakoof banaya,1,bad,hindi
mess mein vada pav perfect tha tha,5,good,hindi
dhokla khake lajawab si feel hoya,5,good,punjabi
tadka dal tinda mele ella illa,1,bad,kannada
pulao khake perfect tha feel aaya,5,good,hindi
mess appam mood off,1,bad,telugu
rasgulla try karo ekdum zabardast hai,5,good,hindi
mess momos is no cap good,5,good,english
boiled egg khake daab aa gayi feel hoya,4,good,punjabi
tried kesari and it was bussin,5,good,english
mess da gulab jamun na khao,1,bad,punjabi
kachori tinda mele disgusting aithu,1,bad,kannada
kachori tinda mele tasty bandu feel aaithu,4,good,kannada
tried halwa regret trash,2,bad,english
bajji is straight ruined my day,2,bad,english
bro cutlet was zero stars,1,bad,english
burger is straight trash,1,bad,english
moong dal khake full mast feel aaya,5,good,hindi
maggi bekagilla guru,1,bad,kannada
pongal mat khao bohot kharab hai,2,bad,hindi
sheera tinda mele full sakkath feel aaithu,5,good,kannada
gulab jamun try karo daab aa gayi,5,good,punjabi
mess ka pulao khana hi nahi,1,bad,hindi
yaar dal fry ekdum kamaal si,4,good,punjabi
yaar pav bhaji ekdum zabardast si si,5,good,punjabi
pizza try karo maja aa gaya full hai,5,good,hindi
mess ka vada pav regret,1,bad,hindi
tried fried rice regret straight garbage,1,bad,english
vada pav khake zahar feel,1,bad,punjabi
toor dal hits different top tier,4,good,english
scrambled egg khake bilkul ghatiya feel,1,bad,hindi
ninna rasgulla tinte perfect ga undi anipinchindi,4,good,telugu
nah sandwich is trash,2,bad,english
burger khake solid taste feel hoya,5,good,punjabi
bh seriously bajji taste zero,1,bad,punjabi
tried aloo paratha and it was bussin,5,good,english
pav bhaji skip karo ghatiya si hai,1,bad,punjabi
vada pav tini tarvata eat cheyaleka,2,bad,telugu
bhai pakoda perfect tha,5,good,hindi
mess da gobi paratha taste zero,1,bad,punjabi
mess chana dal taste leka,2,bad,telugu
mess lo kesari manchi undi,4,good,telugu
medu vada is straight ruined my day,1,bad,english
bhai bhajji solid taste hai,5,good,punjabi
bhai seriously boiled egg faltu,1,bad,punjabi
seriously tadka dal baledu bro,1,bad,telugu
bonda try madi maja bandide,5,good,kannada
mess ka sandwich bewakoof banaya,1,bad,hindi
bhai scrambled egg zabardast si hai,4,good,punjabi
bh sach mein pulao regret,2,bad,hindi
yo masoor dal was straight up no cap good,4,good,english
pakoda hits different slaps,4,good,english
bhai seriously omelette regret ho reha,1,bad,punjabi
sheera khake taste zero feel,2,bad,punjabi
noodles skip maadi kemp agide,2,bad,kannada
bro vada pav was L food,1,bad,english
appam mat khao bohot kharab hai,1,bad,hindi
cutlet is straight l food,1,bad,english
bro pasta superb ga undi,5,good,telugu
pakoda khake taste zero feel,1,bad,punjabi
mess ka kesari bohot kharab,3,bad,hindi
chana dal try karo maja aa gaya full hai,5,good,hindi
mess tadka dal is fire,4,good,english
rasgulla taste zero hai yaar,1,bad,punjabi
fried rice try karo perfect tha hai,5,good,hindi
mess ch burger solid taste si,4,good,punjabi
coffee try karo ekdum perfect,5,good,punjabi
pakoda try cheyakandi baledu bro,2,bad,telugu
moong dal khake kamaal ka feel aaya,4,good,hindi
uppit tini tarvata pani pattadu,1,bad,telugu
mess soup taste leka,2,bad,telugu
cutlet tinda mele ella illa,1,bad,kannada
masoor dal try karo solid taste,5,good,punjabi
moong dal is straight straight garbage,2,bad,english
full aloo paratha super aithu bro,4,good,kannada
bruh dhokla baga tasty,4,good,telugu
bhai seriously coffee zahar,2,bad,punjabi
chana dal skip karo regret ho reha hai,3,bad,punjabi
gobi paratha mat khao bohot kharab h,2,bad,hindi
pizza is straight l food,2,bad,english
bro medu vada was trash,1,bad,english
seriously scrambled egg pani pattadu,1,bad,telugu
yo toast was straight up no cap good,5,good,english
pizza bilkul ghatiya hai bhai,1,bad,hindi
mess lo samosa superb ga undi undi,5,good,telugu
burger khake faltu feel,2,bad,punjabi
dal fry disgusting aithu guru,2,bad,kannada
samosa try cheyakandi khali waste,1,bad,telugu
mess mein dhokla bahut tasty tha,5,good,hindi
bro the toor dal was no cap good,5,good,english
mess alli boiled egg full sakkath,4,good,kannada
bhel puri tinda mele tasty bandu feel aaithu,4,good,kannada
scrambled egg khake daab aa gayi feel hoya,5,good,punjabi
tried fried rice and it was legendary,5,good,english
mess pav bhaji lowkey zero stars,2,bad,english
pakoda tini tarvata feel mast undi,5,good,telugu
mess fried rice lowkey disgusting af,1,bad,english
sheera tini tarvata feel full enjoy,5,good,telugu
full tadka dal nalla aithu bro,5,good,kannada
gobi paratha try karo kamaal,5,good,punjabi
yaar poori ekdum full mast si,5,good,punjabi
mess ka soup regret,1,bad,hindi
mess manchurian is no cap good,4,good,english
kesari try karo bahut tasty hai,4,good,hindi
bhel puri taste zero hai yaar,1,bad,punjabi
gobi paratha hits different slaps,5,good,english
appam skip karo ghatiya si hai,2,bad,punjabi
mess alli masoor dal super aithu,4,good,kannada
rasgulla khake lajawab feel aaya,4,good,hindi
bro the bajji was lit,4,good,english
bro the toor dal was crazy good,4,good,english
yaar uppit to ekdum lajawab,4,good,hindi
pav bhaji tinda mele disgusting aithu,2,bad,kannada
mess ch halwa lajawab si si,4,good,punjabi
noodles na khao hai yaar,2,bad,punjabi
mess burger is top tier,4,good,english
manchurian try karo zabardast si,5,good,punjabi
yo pizza was straight up absolutely fire,5,good,english
pasta ella illa guru,1,bad,kannada
mess da samosa regret ho reha,1,bad,punjabi
vada pav mat khao regret hai,1,bad,hindi
momos try cheyakandi eat cheyaleka,1,bad,telugu
jalebi khali waste undi bro,1,bad,telugu
mess maggi pani pattadu,1,bad,telugu
dhokla mat khao khana hi nahi hai,1,bad,hindi
ninna dal fry tinte tasty ga undi anipinchindi,4,good,telugu
pakoda taste leka undi bro,1,bad,telugu
yaar kesari ekdum full mast si,5,good,punjabi
appam tini tarvata feel perfect ga undi,4,good,telugu
mess da jalebi regret ho reha,1,bad,punjabi
mess ka boiled egg bewakoof banaya,1,bad,hindi
appam tinda mele maja bandide feel aaithu,5,good,kannada
mess ch pongal full mast si,4,good,punjabi
bro noodles perfect ga undi,5,good,telugu
manchurian paisa barbaad hai bhai,1,bad,hindi
full noodles yummy bro,5,good,kannada
bro uppit was trash,1,bad,english
mess rasgulla lowkey mid,1,bad,english
seriously toor dal baledu bro,3,bad,telugu
fried rice try chesthe tasty ga undi,5,good,telugu
bro burger tasty bandu aithu,5,good,kannada
mess lo bhel puri full enjoy undi,5,good,telugu
mess lo moong dal manchi undi,5,good,telugu
yaar toast ekdum solid taste si,5,good,punjabi
mess momos lowkey mid,1,bad,english
masoor dal try cheyakandi mood off,1,bad,telugu
bhajji khake faltu feel,1,bad,punjabi
tried omelette regret ruined my day,2,bad,english
mess lo momos full enjoy undi,5,good,telugu
pongal disgusting aithu guru,2,bad,kannada
tried dhokla regret zero stars,1,bad,english
mess alli noodles yummy,5,good,kannada
mess mein puttu ekdum zabardast tha,5,good,hindi
bro gulab jamun was not it,2,bad,english
samosa khake zahar feel,2,bad,punjabi
bro jalebi was disgusting af,1,bad,english
tried gulab jamun and it was bussin,4,good,english
lassi ghatiya si hai yaar,1,bad,punjabi
toor dal khake ulti aa gayi feel,2,bad,hindi
mess lo tadka dal tasty ga undi undi,4,good,telugu
yo pakoda was straight up top tier,5,good,english
yo chana dal was straight up slaps,4,good,english
mess ka rasgulla khana hi nahi,1,bad,hindi
mess alli masoor dal yummy,5,good,kannada
mess lo jalebi mast undi undi,5,good,telugu
yaar medu vada to ekdum perfect tha,5,good,hindi
moong dal skip karo mood kharab ho gayi hai,1,bad,punjabi
mess cutlet lowkey disgusting af,1,bad,english
bro the soup was lit,4,good,english
bhai sach mein noodles bohot kharab,1,bad,hindi
lassi try madi super aithu,4,good,kannada
mess lo chana dal mast undi undi,4,good,telugu
gulab jamun khake maja aa gaya full feel aaya,5,good,hindi
mess kesari is slaps,5,good,english
ninna lassi tinte manchi anipinchindi,5,good,telugu
cutlet khali waste undi bruh,1,bad,telugu
bro sandwich manchi,5,good,telugu
halwa hits different slaps,5,good,english
bajji khake na khao feel,1,bad,punjabi
jalebi taste leka undi bro,1,bad,telugu
tried kesari and it was top tier,5,good,english
bro scrambled egg perfect aithu,5,good,kannada
yo samosa was straight up absolutely fire,4,good,english
sheera tinda mele ella illa,2,bad,kannada
full pav bhaji nalla aithu bro,4,good,kannada
ninna lassi tinte full enjoy anipinchindi,5,good,telugu
scrambled egg try chesthe superb ga undi,4,good,telugu
yaar puttu ekdum zabardast si si,5,good,punjabi
bro cutlet was mid,3,bad,english
bonda is straight zero stars,2,bad,english
rasgulla khake perfect tha feel aaya,4,good,hindi
momos try karo ekdum perfect,5,good,punjabi
yaar cutlet to ekdum full mast,5,good,hindi
moong dal skip maadi ella illa,1,bad,kannada
mess ch aloo paratha ekdum perfect si,5,good,punjabi
pizza khake bohot kharab feel,3,bad,hindi
momos skip maadi ella illa,2,bad,kannada
bajji is straight ruined my day,2,bad,english
bhai seriously halwa na khao,1,bad,punjabi
toor dal skip karo faltu hai,1,bad,punjabi
bruh uppit manchi,5,good,telugu
ninna puttu tinte superb ga undi anipinchindi,5,good,telugu
nah pulao is trash,1,bad,english
pav bhaji try cheyakandi disgusting,2,bad,telugu
sheera khake ekdum zabardast feel aaya,5,good,hindi
full pakoda full sakkath bro,5,good,kannada
bro soup tasty ga undi,5,good,telugu
mess ka omelette paisa barbaad,1,bad,hindi
mess da momos taste zero,2,bad,punjabi
bro omelette super aithu aithu,5,good,kannada
masoor dal tinda mele perfect feel aaithu,5,good,kannada
yaar pasta to ekdum ekdum zabardast,5,good,hindi
cutlet try cheyakandi mood off,1,bad,telugu
mess vada pav taste leka,1,bad,telugu
bhai kesari lajawab,4,good,hindi
rasgulla try cheyakandi disgusting,2,bad,telugu
halwa tinda mele ella illa,1,bad,kannada
full sandwich full sakkath bro,4,good,kannada
samosa khake ulti aa gayi feel,1,bad,hindi
mess pongal lowkey straight garbage,1,bad,english
seriously bro bonda waste piece,2,bad,kannada
bhai momos full mast hai,4,good,punjabi
yaar toast ekdum solid taste si,5,good,punjabi
poori try madi tasty bandu,5,good,kannada
tried scrambled egg regret straight garbage,1,bad,english
toast faltu hai yaar,1,bad,punjabi
bhai bonda ekdum zabardast,5,good,hindi
pongal skip karo na khao hai,1,bad,punjabi
boiled egg taste leka undi bro,1,bad,telugu
mess uppit full waste piece,2,bad,kannada
ninna fried rice tinte superb ga undi anipinchindi,5,good,telugu
soup mat khao bohot kharab hai,1,bad,hindi
jalebi tinda mele tasty bandu feel aaithu,5,good,kannada
yo toast was straight up fire,5,good,english
jalebi try karo zabardast si,5,good,punjabi
pulao khake bewakoof banaya feel,1,bad,hindi
seriously fried rice mood off,3,bad,telugu
bro the jalebi was top tier,5,good,english
coffee mood spoil guru,1,bad,kannada
seriously bro coffee mood spoil,1,bad,kannada
nah lassi is mid,2,bad,english
aloo paratha khake mood kharab ho gayi feel,1,bad,punjabi
gulab jamun skip karo regret ho reha hai,1,bad,punjabi
kesari regret ho reha hai yaar,1,bad,punjabi
dal fry khake ulti aa gayi feel,1,bad,hindi
ninna gobi paratha tinte baga tasty anipinchindi,5,good,telugu
yaar moong dal ekdum kamaal si,4,good,punjabi
mess burger eat cheyaleka,2,bad,telugu
bhai sach mein appam bohot kharab,1,bad,hindi
dal fry taste leka undi bro,2,bad,telugu
poori khake kamaal feel hoya,5,good,punjabi
ninna bajji tinte full enjoy anipinchindi,5,good,telugu
nah chai is L food,3,bad,english
mess dal fry lowkey trash,2,bad,english
mess mein chana dal lajawab tha,5,good,hindi
tried rasgulla and it was lit,5,good,english
mess vada pav full bekagilla,1,bad,kannada
pakoda regret ho reha hai yaar,2,bad,punjabi
mess pasta is fire,4,good,english
mess ch rasgulla lajawab si si,5,good,punjabi
bro masoor dal nalla aithu aithu,5,good,kannada
dhokla mat khao bohot kharab hai,2,bad,hindi
gobi paratha tinda mele tasty bandu feel aaithu,4,good,kannada
jalebi is straight ruined my day,1,bad,english
puttu ghatiya si hai yaar,1,bad,punjabi
full moong dal maja bandide bro,4,good,kannada
kachori try madi perfect,4,good,kannada
noodles tinda mele disgusting aithu,1,bad,kannada
yaar toor dal ekdum solid taste si,5,good,punjabi
gulab jamun khake ghatiya si feel,1,bad,punjabi
yo moong dal was straight up absolutely fire,4,good,english
mess ka burger bilkul ghatiya,1,bad,hindi
bhai sach mein bhel puri bohot kharab,1,bad,hindi
bro manchurian was disgusting af,1,bad,english
toor dal khake bewakoof banaya feel,2,bad,hindi
pav bhaji tinda mele mood spoil,3,bad,kannada
scrambled egg try cheyakandi mood off,2,bad,telugu
vada pav khake ekdum perfect feel hoya,5,good,punjabi
chana dal khake kamaal feel hoya,5,good,punjabi
halwa skip maadi waste piece,2,bad,kannada
boiled egg is straight ruined my day,2,bad,english
bro pulao perfect ga undi,5,good,telugu
soup disgusting undi bro,1,bad,telugu
toast khake regret ho reha feel,2,bad,punjabi
mess mein puttu kamaal ka tha,5,good,hindi
bro the tadka dal was lit,5,good,english
maggi khake solid taste feel hoya,4,good,punjabi
bro maggi was L food,1,bad,english
gulab jamun khake na khao feel,1,bad,punjabi
full omelette nalla aithu bro,4,good,kannada
seriously cutlet khali waste,1,bad,telugu
bhai sach mein samosa bewakoof banaya,1,bad,hindi
yaar omelette ekdum kamaal si,5,good,punjabi
halwa khake lajawab si feel hoya,4,good,punjabi
mess mein manchurian full mast tha,5,good,hindi
pav bhaji tini tarvata feel superb ga undi,5,good,telugu
mess momos mood off,1,bad,telugu
aloo paratha tini tarvata feel tasty ga undi,5,good,telugu
yo pakoda was straight up top tier,5,good,english
yaar bhel puri ekdum full mast si,5,good,punjabi
toor dal try karo perfect tha hai,4,good,hindi
momos try chesda perfect ga undi,5,good,telugu
mess manchurian khali waste,3,bad,telugu
yaar vada pav ekdum daab aa gayi si,5,good,punjabi
bhai medu vada solid taste hai,4,good,punjabi
toast try madi tasty bandu,5,good,kannada
medu vada tinda mele ella illa,2,bad,kannada
mess lo aloo paratha manchi undi,4,good,telugu
tried gulab jamun regret not it,1,bad,english
dal fry bewakoof banaya hai bhai,1,bad,hindi
bro the moong dal was lit,5,good,english
yaar pav bhaji ekdum solid taste si,5,good,punjabi
full lassi perfect bro,5,good,kannada
bhajji khake bewakoof banaya feel,1,bad,hindi
mess pongal full disgusting aithu,1,bad,kannada
puttu taste zero hai yaar,3,bad,punjabi
pasta bewakoof banaya hai bhai,1,bad,hindi
toast khake full mast feel aaya,5,good,hindi
toor dal pani pattadu undi bro,2,bad,telugu
tadka dal khake bohot kharab feel,1,bad,hindi
mess da pulao na khao,1,bad,punjabi
yo cutlet was straight up lit,5,good,english
dal fry tini tarvata feel tasty ga undi,4,good,telugu
seriously medu vada eat cheyaleka,1,bad,telugu
kachori skip maadi waste piece,1,bad,kannada
pizza khake bewakoof banaya feel,2,bad,hindi
tried poori regret not it,1,bad,english
full dhokla perfect bro,4,good,kannada
ninna pongal tinte full enjoy anipinchindi,4,good,telugu
mess ch bonda daab aa gayi si,5,good,punjabi
mess ch puttu full mast si,5,good,punjabi
ninna sheera tinte mast undi anipinchindi,4,good,telugu
gobi paratha hits different crazy good,5,good,english
nah sandwich is not it,2,bad,english
seriously fried rice disgusting,3,bad,telugu
medu vada tinda mele bekagilla,1,bad,kannada
uppit mat khao bohot kharab hai,2,bad,hindi
mess alli momos super aithu,4,good,kannada
vada pav try karo daab aa gayi,4,good,punjabi
seriously bro kesari ella illa,1,bad,kannada
bro the aloo paratha was slaps,4,good,english
pulao tini tarvata feel full enjoy,4,good,telugu
scrambled egg regret hai bhai,1,bad,hindi
fried rice hits different fire,5,good,english
bro jalebi baga tasty,4,good,telugu
bhai seriously pasta mood kharab ho gayi,1,bad,punjabi
omelette disgusting undi bro,2,bad,telugu
bro fried rice yummy aithu,5,good,kannada
mess manchurian lowkey L food,1,bad,english
mess tadka dal is fire,5,good,english
mess masoor dal eat cheyaleka,2,bad,telugu
kachori skip maadi mood spoil,2,bad,kannada
yo fried rice was straight up crazy good,4,good,english
pongal bekagilla guru,1,bad,kannada
dhokla try karo full mast hai,5,good,hindi
bro kesari yummy aithu,4,good,kannada
maggi skip maadi kemp agide,2,bad,kannada
tried maggi and it was top tier,5,good,english
bhai sach mein appam khana hi nahi,1,bad,hindi
scrambled egg skip karo zahar hai,1,bad,punjabi
mess da pulao faltu,1,bad,punjabi
full pongal yummy bro,5,good,kannada
tried gobi paratha regret not it,1,bad,english
bhai seriously toor dal mood kharab ho gayi,1,bad,punjabi
bhajji try chesthe superb ga undi,5,good,telugu
full kachori maja bandide bro,4,good,kannada
gulab jamun mat khao khana hi nahi hai,1,bad,hindi
bajji mat khao regret hai,1,bad,hindi
pasta skip karo na khao hai,1,bad,punjabi
mess ka gobi paratha bilkul ghatiya,2,bad,hindi
puttu regret ho reha hai yaar,1,bad,punjabi
mess kachori full ella illa,2,bad,kannada
mess dhokla is slaps,5,good,english
soup tinda mele mood spoil,2,bad,kannada
bhai seriously burger faltu,2,bad,punjabi
seriously bro sheera ella illa,1,bad,kannada
mess da omelette mood kharab ho gayi,2,bad,punjabi
bro tadka dal yummy aithu,4,good,kannada
kachori tinda mele perfect feel aaithu,4,good,kannada
tried moong dal and it was no cap good,5,good,english
mess ch appam kamaal si,5,good,punjabi
scrambled egg mood kharab ho gayi hai yaar,1,bad,punjabi
omelette disgusting aithu guru,1,bad,kannada
tadka dal khake khana hi nahi feel,1,bad,hindi
yaar moong dal to ekdum full mast,4,good,hindi
tried rasgulla and it was slaps,4,good,english
appam try karo kamaal,5,good,punjabi
momos khake maja aa gaya full feel aaya,4,good,hindi
mess mein momos bahut tasty tha,4,good,hindi
mess lo chai mast undi undi,5,good,telugu
tried sandwich and it was top tier,5,good,english
mess alli cutlet yummy,5,good,kannada
yaar kachori to ekdum maja aa gaya full,5,good,hindi
mess mein halwa kamaal ka tha,5,good,hindi
toor dal paisa barbaad hai bhai,2,bad,hindi
mess alli poori super aithu,4,good,kannada
mess ka masoor dal bilkul ghatiya,2,bad,hindi
full momos tasty bandu bro,5,good,kannada
pulao hits different no cap good,5,good,english
halwa na khao hai yaar,2,bad,punjabi
appam khake lajawab feel aaya,4,good,hindi
fried rice try karo solid taste,4,good,punjabi
mess appam full bekagilla,1,bad,kannada
uppit try karo full mast hai,4,good,hindi
burger khake ulti aa gayi feel,1,bad,hindi
bhai sach mein gobi paratha ulti aa gayi,1,bad,hindi
seriously bro tadka dal mood spoil,2,bad,kannada
samosa is straight trash,1,bad,english
bhai sach mein momos bohot kharab,1,bad,hindi
masoor dal try chesthe superb ga undi,4,good,telugu
mess alli boiled egg tasty bandu,5,good,kannada
bro fried rice was l food,1,bad,english
tried dal fry and it was bussin,4,good,english
pulao mat khao bewakoof banaya hai,2,bad,hindi
mess da samosa taste zero,2,bad,punjabi
bro the pulao was top tier,4,good,english
bajji disgusting aithu guru,2,bad,kannada
tried vada pav and it was fire,5,good,english
yaar burger ekdum lajawab si si,4,good,punjabi
pasta khake taste zero feel,2,bad,punjabi
seriously bro pav bhaji kemp agide,1,bad,kannada
puttu skip maadi taste illa bro,2,bad,kannada
bhai seriously soup na khao,1,bad,punjabi
sandwich tinda mele maja bandide feel aaithu,5,good,kannada
bajji khake zabardast si feel hoya,4,good,punjabi
pakoda bekagilla guru,1,bad,kannada
poori skip maadi waste piece,2,bad,kannada
bro burger full sakkath aithu,4,good,kannada
bro aloo paratha was disgusting af,1,bad,english
sheera try chesthe perfect ga undi,4,good,telugu
full medu vada tasty bandu bro,4,good,kannada
tried sandwich regret disgusting af,1,bad,english
mess alli dal fry super aithu,4,good,kannada
yo dal fry was straight up lit,5,good,english
bro pasta was not it,1,bad,english
chai mood spoil guru,1,bad,kannada
halwa khake zahar feel,1,bad,punjabi
cutlet hits different no cap good,5,good,english
lassi try karo bahut tasty hai,5,good,hindi
masoor dal try madi perfect,4,good,kannada
tried pizza and it was fire,4,good,english
mess mein pav bhaji ekdum zabardast tha,5,good,hindi
rasgulla hits different fire,5,good,english
bro puttu perfect ga undi,4,good,telugu
mess ch toor dal ekdum perfect si,4,good,punjabi
yaar gulab jamun ekdum daab aa gayi si,5,good,punjabi
bro dal fry perfect aithu,4,good,kannada
sheera try karo ekdum perfect,5,good,punjabi
yo ch was straight up crazy good,5,good,english
seriously bhajji eat cheyaleka,2,bad,telugu
bajji khake mood kharab ho gayi feel,1,bad,punjabi
bajji khake maja aa gaya full feel aaya,4,good,hindi
mess bhel puri lowkey not it,2,bad,english
bhel puri bekagilla guru,1,bad,kannada
seriously uppit khali waste,1,bad,telugu
gobi paratha try karo daab aa gayi,4,good,punjabi
mess sandwich lowkey straight garbage,1,bad,english
mess sandwich iz bussin,5,good,english
yaar bhel puri ekdum daab aa gayi si,5,good,punjabi
pav bhaji try chesthe baga tasty,4,good,telugu
mess soup taste leka,1,bad,telugu
mess mein bonda kamaal ka tha,5,good,hindi
tried fried rice and it was no cap good,4,good,english
dal fry taste zero h yaar,2,bad,punjabi
mess alli fried rice tasty bandu,5,good,kannada
mess alli rasgulla tasty bandu,4,good,kannada
fried rice taste zero hai yaar,1,bad,punjabi
pasta try karo daab aa gayi,5,good,punjabi
mess momos lowkey trash,2,bad,english
rasgulla taste illa bro guru,2,bad,kannada
yo coffee was straight up slaps,5,good,english
bro dal fry yummy aithu,5,good,kannada
bro the rasgulla was bussin,5,good,english
mess pakoda iz fire,4,good,english
mess medu vada lowkey ruined my day,1,bad,english
mess chai is fire,5,good,english
medu vada eat cheyaleka undi bro,2,bad,telugu
bro puttu mast undi,5,good,telugu
mess kachori is crazy good,4,good,english
tried samosa regret zero stars,2,bad,english
bajji try chesthe tasty ga undi,4,good,telugu
mess fried rice full kemp agide,2,bad,kannada
soup khake regret feel,1,bad,hindi
mess mein samosa kamaal ka tha,5,good,hindi
mess burger is no cap good,4,good,english
bro masoor dal was zero stars,1,bad,english
mess coffee full taste illa bro,1,bad,kannada
mess pakoda is no cap good,4,good,english
bro the pongal was absolutely fire,5,good,english
mess tadka dal khali waste,1,bad,telugu
mess lo burger perfect ga undi undi,5,good,telugu
mess medu vada taste leka,1,bad,telugu
jalebi mat khao regret hai,1,bad,hindi
yo chai was straight up lit,5,good,english
ninna sandwich tinte tasty ga undi anipinchindi,5,good,telugu
dal fry khake solid taste feel hoya,5,good,punjabi
mess mein cutlet ekdum zabardast tha,5,good,hindi
mess bhajji is bussin,5,good,english
mess alli sheera perfect,4,good,kannada
mess lo kachori mast undi undi,5,good,telugu
bhai sach mein noodles ulti aa gayi,1,bad,hindi
bhel puri skip maadi mood spoil,1,bad,kannada
aloo paratha skip maadi bekagilla,1,bad,kannada
bhai pizza ekdum perfect hai,5,good,punjabi
jalebi try chesthe superb ga undi,5,good,telugu
appam skip karo faltu hai,2,bad,punjabi
tried pizza regret not it,1,bad,english
bh pasta kamaal ka,4,good,hindi
mess alli dal fry maja bandide,4,good,kannada
full chai full sakkath bro,5,good,kannada
ninna pasta tinte manchi anipinchindi,4,good,telugu
moong dal mat khao khana hi nahi hai,2,bad,hindi
mess lo bhel puri manchi undi,5,good,telugu
kachori khake kamaal feel hoya,5,good,punjabi
bro cutlet super aithu aithu,4,good,kannada
tried pakoda and it was legendary,5,good,english
mess ka pakoda bohot kharab,1,bad,hindi
yo chai was straight up no cap good,4,good,english
tried uppit and it was top tier,5,good,english
samosa try karo solid taste,5,good,punjabi
soup try cheyakandi eat cheyaleka,2,bad,telugu
kachori try cheyakandi eat cheyaleka,2,bad,telugu
yaar momos ekdum daab aa gayi si,5,good,punjabi
nah appam iz trash,1,bad,english
mess poori is legendary,5,good,english
bonda khake perfect tha feel aaya,4,good,hindi
sheera eat cheyaleka undi bro,2,bad,telugu
vada pav tinda mele yummy feel aaithu,5,good,kannada
appam khake faltu feel,2,bad,punjabi
bro jalebi tasty bandu aithu,4,good,kannada
sheera mat khao regret hai,1,bad,hindi
pizza skip karo ghatiya si hai,2,bad,punjabi
puttu khake ekdum zabardast feel aaya,5,good,hindi
bhai pizza maja aa gaya full,4,good,hindi
yo puttu was straight up top tier,5,good,english
bhel puri tinda mele full sakkath feel aaithu,5,good,kannada
mess alli scrambled egg nalla aithu,5,good,kannada
manchurian regret h bh,1,bad,hindi
bro scrambled egg manchi,4,good,telugu
kachori tini tarvata mood off,2,bad,telugu
seriously bro appam ella illa,1,bad,kannada
yaar dal fry ekdum kamaal si,5,good,punjabi
bhel puri paisa barbaad hai bhai,2,bad,hindi
bhel puri try madi tasty bandu,5,good,kannada
mess chai is lit,5,good,english
mess pongal lowkey ruined my day,2,bad,english
maggi is straight straight garbage,2,bad,english
cutlet tini tarvata feel perfect ga undi,5,good,telugu
burger mood spoil guru,3,bad,kannada
mess tadka dal lowkey ruined my day,1,bad,english
omelette mat khao paisa barbaad hai,2,bad,hindi
gulab jamun tinda mele maja bandide feel aaithu,5,good,kannada
puttu tinda mele super aithu feel aaithu,4,good,kannada
sandwich tinda mele ella illa,3,bad,kannada
full toor dal perfect bro,5,good,kannada
bro vada pav superb ga undi,4,good,telugu
coffee khake zahar feel,1,bad,punjabi
mess mein soup ekdum zabardast tha,5,good,hindi
ninna chana dal tinte baga tasty anipinchindi,4,good,telugu
sheera khake regret feel,3,bad,hindi
halwa try karo lajawab si,5,good,punjabi
toor dal tinda mele nalla aithu feel aaithu,4,good,kannada
nah boiled egg is l food,1,bad,english
bhai sach mein poori ulti aa gayi,2,bad,hindi
mess bajji lowkey zero stars,2,bad,english
mess mein bonda perfect tha tha,5,good,hindi
mess mein bhajji lajawab tha,5,good,hindi
mess lo omelette tasty ga undi undi,5,good,telugu
mess alli bhajji maja bandide,5,good,kannada
mess ka halwa bohot kharab,1,bad,hindi
mess rasgulla lowkey straight garbage,1,bad,english
pizza try karo lajawab si,5,good,punjabi
mess da chana dal na khao,1,bad,punjabi
nah pizza is disgusting af,3,bad,english
ninna pav bhaji tinte full enjoy anipinchindi,4,good,telugu
ninna pulao tinte full enjoy anipinchindi,4,good,telugu
pongal skip maadi mood spoil,1,bad,kannada
mess ch chai lajawab si si,5,good,punjabi
puttu skip karo zahar hai,2,bad,punjabi
medu vada skip karo regret ho reha hai,2,bad,punjabi
mess puttu full waste piece,2,bad,kannada
dhokla skip maadi ella illa,3,bad,kannada
bro the soup was slaps,5,good,english
tried uppit regret disgusting af,1,bad,english
bhel puri khake faltu feel,2,bad,punjabi
boiled egg is straight L food,3,bad,english
bro cutlet was disgusting af,1,bad,english
pasta hits different fire,5,good,english
mess gobi paratha full bekagilla,2,bad,kannada
momos tini tarvata mood off,1,bad,telugu
coffee try madi perfect,4,good,kannada
mess da dhokla regret ho reha,3,bad,punjabi
nah poori iz mid,1,bad,english
nah bajji iz l food,2,bad,english
mess ch pizza zabardast si si,4,good,punjabi
bro scrambled egg was trash,1,bad,english
mess alli sandwich super aithu,5,good,kannada
masoor dal mat khao paisa barbaad hai,1,bad,hindi
mess ka pasta bilkul ghatiya,1,bad,hindi
mess ch lassi daab aa gayi si,4,good,punjabi
bro chai was mid,2,bad,english
pongal try karo full mast,5,good,punjabi
mess masoor dal lowkey L food,1,bad,english
dhokla mat khao paisa barbaad hai,2,bad,hindi
bajji paisa barbaad hai bhai,1,bad,hindi
bhai seriously sheera taste zero,1,bad,punjabi
mess moong dal pani pattadu,3,bad,telugu
aloo paratha khake bohot kharab feel,1,bad,hindi
gobi paratha mat khao bewakoof banaya hai,2,bad,hindi
bhel puri tinda mele tasty bandu feel aaithu,5,good,kannada
chai ella illa guru,3,bad,kannada
aloo paratha khake ekdum perfect feel hoya,5,good,punjabi
chai khake solid taste feel hoya,5,good,punjabi
tried cutlet and it was absolutely fire,4,good,english
mess vada pav full taste illa bro,1,bad,kannada
bhel puri khake zabardast si feel hoya,5,good,punjabi
bhai seriously medu vada na khao,1,bad,punjabi
mess ka omelette paisa barbaad,1,bad,hindi
scrambled egg try karo bahut tasty hai,5,good,hindi
kachori skip karo regret ho reha hai,1,bad,punjabi
full sheera maja bandide bro,5,good,kannada
pasta regret hai bhai,1,bad,hindi
bhai pulao ekdum zabardast,4,good,hindi
pasta tinda mele ella illa,1,bad,kannada
mess da aloo paratha na khao,1,bad,punjabi
yaar poori ekdum zabardast si si,5,good,punjabi
nah dhokla is straight garbage,2,bad,english
noodles tinda mele mood spoil,1,bad,kannada
mess moong dal pani pattadu,1,bad,telugu
full lassi nalla aithu bro,4,good,kannada
aloo paratha try karo full mast,4,good,punjabi
yaar pulao to ekdum bahut tasty,5,good,hindi
moong dal tinda mele tasty bandu feel aaithu,4,good,kannada
uppit tini tarvata eat cheyaleka,2,bad,telugu
mess da medu vada ghatiya si,1,bad,punjabi
mess da pulao faltu,1,bad,punjabi
bhai fried rice maja aa gaya full,4,good,hindi
poori tini tarvata taste leka,1,bad,telugu
poori skip maadi ella illa,2,bad,kannada
coffee try madi perfect,4,good,kannada
seriously bro masoor dal taste illa bro,1,bad,kannada
full uppit yummy bro,4,good,kannada
yo coffee was straight up crazy good,5,good,english
gobi paratha skip maadi ella illa,1,bad,kannada
mess bonda lowkey straight garbage,3,bad,english
omelette khake zabardast si feel hoya,4,good,punjabi
full moong dal super aithu bro,4,good,kannada
full momos super aithu bro,5,good,kannada
sheera skip karo mood kharab ho gayi hai,1,bad,punjabi
gobi paratha hits different absolutely fire,5,good,english
mess puttu taste leka,1,bad,telugu
pulao tini tarvata feel manchi,5,good,telugu
toast tinda mele tasty bandu feel aaithu,5,good,kannada
pav bhaji faltu hai yaar,1,bad,punjabi
toor dal tinda mele waste piece,2,bad,kannada
mess lo poori manchi undi,5,good,telugu
halwa khake solid taste feel hoya,5,good,punjabi
seriously aloo paratha mood off,1,bad,telugu
yaar manchurian ekdum lajawab si si,5,good,punjabi
samosa try madi perfect,5,good,kannada
tried fried rice regret zero stars,1,bad,english
bhai sach mein soup bewakoof banaya,1,bad,hindi
mess pav bhaji is bussin,5,good,english
mess gobi paratha lowkey l food,1,bad,english
bhel puri khake bahut tasty feel aaya,4,good,hindi
tried sandwich and it was lit,4,good,english
aloo paratha try karo lajawab si,5,good,punjabi
momos is straight L food,1,bad,english
seriously bonda baledu bro,1,bad,telugu
gobi paratha hits different no cap good,5,good,english
coffee taste zero hai yaar,2,bad,punjabi
nah lassi is straight garbage,1,bad,english
mess pav bhaji full ella illa,2,bad,kannada
bhai sach mein sheera khana hi nahi,1,bad,hindi
bhai halwa ekdum perfect hai,5,good,punjabi
burger skip karo mood kharab ho gayi hai,1,bad,punjabi
boiled egg try cheyakandi disgusting,2,bad,telugu
bro the omelette was absolutely fire,5,good,english
bruh kachori superb ga undi,5,good,telugu
bhai seriously boiled egg ghatiya si,2,bad,punjabi
kachori skip karo taste zero hai,2,bad,punjabi
bhajji taste leka undi bro,1,bad,telugu
vada pav try cheyakandi eat cheyaleka,1,bad,telugu
mess masoor dal is lit,5,good,english
pongal disgusting aithu guru,1,bad,kannada
mess lo gobi paratha baga tasty undi,5,good,telugu
yaar omelette ekdum kamaal si,5,good,punjabi
mess dhokla mood off,1,bad,telugu
bro boiled egg manchi,5,good,telugu
mess mein manchurian maja aa gaya full tha,5,good,hindi
bhai seriously pizza taste zero,1,bad,punjabi
mess ka toor dal bohot kharab,2,bad,hindi
yo gulab jamun was straight up bussin,5,good,english
seriously bruh gobi paratha mood spoil,2,bad,kannada
dal fry try chesthe tasty ga undi,5,good,telugu
pizza tinda mele bekagilla,1,bad,kannada
mess lo pasta tasty ga undi undi,5,good,telugu
omelette eat cheyaleka undi bro,2,bad,telugu
yo masoor dal was straight up lit,5,good,english
bhai seriously burger faltu,2,bad,punjabi
medu vada tinda mele mood spoil,1,bad,kannada
bhai bonda full mast,5,good,hindi
pongal skip karo mood kharab ho gayi hai,3,bad,punjabi
full manchurian full sakkath bro,5,good,kannada
yaar chana dal ekdum ekdum perfect si,5,good,punjabi
bhai momos kamaal ka,5,good,hindi
tried fried rice regret trash,1,bad,english
bhel puri khake solid taste feel hoya,5,good,punjabi
mess gulab jamun full bekagilla,1,bad,kannada
vada pav hits different fire,5,good,english
dhokla tini tarvata feel perfect ga undi,4,good,telugu
bajji try madi super aithu,5,good,kannada
fried rice is straight mid,1,bad,english
boiled egg ella illa guru,2,bad,kannada
bro momos super aithu aithu,5,good,kannada
yo sheera was straight up crazy good,5,good,english
pongal khake perfect tha feel aaya,5,good,hindi
mess mein kachori maja aa gaya full tha,5,good,hindi
chai is straight disgusting af,1,bad,english
fried rice try cheyakandi pani pattadu,3,bad,telugu
bhai appam full mast hai,5,good,punjabi
toor dal mat khao paisa barbaad hai,1,bad,hindi
bro noodles was disgusting af,2,bad,english
bro the bajji was top tier,4,good,english
mess sheera full disgusting aithu,1,bad,kannada
mess ch maggi ekdum perfect si,5,good,punjabi
pakoda hits different legendary,4,good,english
bhai seriously medu vada zahar,2,bad,punjabi
mess lo pulao baga tasty undi,5,good,telugu
fried rice is straight L food,3,bad,english
bonda try madi tasty bandu,5,good,kannada
gobi paratha try madi super aithu,5,good,kannada
bhai sach mein pongal bohot kharab,1,bad,hindi
mess alli aloo paratha tasty bandu,4,good,kannada
mess alli pav bhaji nalla aithu,5,good,kannada
jalebi try karo kamaal,5,good,punjabi
bhai pakoda ekdum perfect hai,5,good,punjabi
bro bonda was not it,1,bad,english
masoor dal try cheyakandi disgusting,2,bad,telugu
tadka dal is straight l food,1,bad,english
yaar chai to ekdum full mast,5,good,hindi
pav bhaji try karo full mast hai,5,good,hindi
chana dal tini tarvata disgusting,3,bad,telugu
bro aloo paratha was ruined my day,1,bad,english
rasgulla khali waste undi bro,1,bad,telugu
kesari khake bewakoof banaya feel,2,bad,hindi
lassi is straight disgusting af,2,bad,english
mess pongal lowkey mid,2,bad,english
omelette na khao hai yaar,2,bad,punjabi
moong dal skip karo mood kharab ho gayi hai,3,bad,punjabi
cutlet skip karo ghatiya si hai,2,bad,punjabi
bhai sandwich maja aa gaya full,5,good,hindi
chai tinda mele ella illa,1,bad,kannada
kesari try cheyakandi taste leka,2,bad,telugu
scrambled egg skip karo faltu hai,3,bad,punjabi
bhajji khake bahut tasty feel aaya,5,good,hindi
toast try chesthe baga tasty,4,good,telugu
nah noodles is trash,2,bad,english
mess dhokla full taste illa bro,1,bad,kannada
tried cutlet regret disgusting af,2,bad,english
noodles khake lajawab feel aaya,5,good,hindi
mess kachori is legendary,5,good,english
mess da noodles regret ho reha,2,bad,punjabi
mess jalebi is bussin,5,good,english
tried poori regret mid,2,bad,english
ninna pongal tinte manchi anipinchindi,5,good,telugu
tried dhokla and it was legendary,5,good,english
bhai tadka dal lajawab,5,good,hindi
bhai aloo paratha kamaal ka,5,good,hindi
omelette bewakoof banaya hai bhai,1,bad,hindi
yaar omelette to ekdum kamaal ka,5,good,hindi
gobi paratha skip maadi ella illa,2,bad,kannada
mess boiled egg lowkey trash,1,bad,english
bonda paisa barbaad hai bhai,1,bad,hindi
nah sandwich is not it,1,bad,english
bro medu vada full enjoy,5,good,telugu
momos try cheyakandi baledu bro,1,bad,telugu
ninna lassi tinte full enjoy anipinchindi,5,good,telugu
medu vada is straight ruined my day,1,bad,english
chai waste piece guru,2,bad,kannada
dhokla khake maja aa gaya full feel aaya,5,good,hindi
seriously kachori baledu bro,2,bad,telugu
mess scrambled egg lowkey not it,2,bad,english
bro the pizza was crazy good,5,good,english
omelette try madi nalla aithu,4,good,kannada
pongal khake bewakoof banaya feel,1,bad,hindi
bajji try cheyakandi baledu bro,1,bad,telugu
mess mein pizza full mast tha,5,good,hindi
full bajji yummy bro,5,good,kannada
mess soup mood off,1,bad,telugu
bhel puri hits different bussin,5,good,english
toast zahar hai yaar,1,bad,punjabi
bro dhokla baga tasty,5,good,telugu
noodles try madi super aithu,5,good,kannada
ninna moong dal tinte full enjoy anipinchindi,5,good,telugu
aloo paratha skip karo ghatiya si h,3,bad,punjabi
mess pongal full ella illa,1,bad,kannada
scrambled egg tinda mele maja bandide feel aaithu,5,good,kannada
samosa try karo ekdum perfect,4,good,punjabi
bhai sach mein manchurian bewakoof banaya,1,bad,hindi
gulab jamun na khao hai yaar,1,bad,punjabi
bhajji khake khana hi nahi feel,2,bad,hindi
lassi mat khao bohot kharab hai,2,bad,hindi
bro kachori baga tasty,5,good,telugu
full bhajji yummy bro,5,good,kannada
mess da dhokla mood kharab ho gayi,1,bad,punjabi
pulao try madi maja bandide,5,good,kannada
omelette khake taste zero feel,1,bad,punjabi
rasgulla try chesthe full enjoy,5,good,telugu
bro the medu vada was crazy good,5,good,english
mess alli pulao tasty bandu,5,good,kannada
yaar manchurian ekdum daab aa gayi si,5,good,punjabi
pongal kemp agide guru,1,bad,kannada
gulab jamun eat cheyaleka undi bro,1,bad,telugu
yaar noodles ekdum kamaal si,5,good,punjabi
seriously bro boiled egg disgusting aithu,3,bad,kannada
coffee mood kharab ho gayi hai yaar,2,bad,punjabi
bro pav bhaji tasty ga undi,5,good,telugu
tried pulao and it was absolutely fire,5,good,english
mess fried rice khali waste,1,bad,telugu
seriously bro vada pav ella illa,2,bad,kannada
kesari tinda mele bekagilla,2,bad,kannada
noodles skip karo taste zero hai,1,bad,punjabi
bruh uppit super aithu aithu,4,good,kannada
jalebi try karo lajawab si,5,good,punjabi
bhai seriously appam regret ho reha,1,bad,punjabi
yo pasta was straight up slaps,4,good,english
mess cutlet lowkey zero stars,2,bad,english
bro the gobi paratha was no cap good,5,good,english
jalebi regret ho reha hai yaar,1,bad,punjabi
seriously bro boiled egg waste piece,1,bad,kannada
mess da uppit mood kharab ho gayi,1,bad,punjabi
moong dal try chesthe tasty ga undi,4,good,telugu
pongal tini tarvata taste leka,3,bad,telugu
mess gobi paratha is fire,4,good,english
bhajji try madi nalla aithu,5,good,kannada
bhai sach mein soup bewakoof banaya,2,bad,hindi
yaar boiled egg ekdum daab aa gayi si,5,good,punjabi
bhai masoor dal bahut tasty,5,good,hindi
bhai seriously omelette ghatiya si,1,bad,punjabi
puttu hits different slaps,5,good,english
vada pav tini tarvata mood off,1,bad,telugu
seriously jalebi khali waste,1,bad,telugu
moong dal try cheyakandi pani pattadu,1,bad,telugu
mess ch soup solid taste si,4,good,punjabi
cutlet ella illa guru,3,bad,kannada
mess ch jalebi daab aa gayi si,5,good,punjabi
bhai seriously gulab jamun ghatiya si,2,bad,punjabi
bhai seriously sheera zahar,2,bad,punjabi
appam tinda mele nalla aithu feel aaithu,5,good,kannada
mess ch puttu kamaal si,5,good,punjabi
rasgulla try karo daab aa gayi,4,good,punjabi
full bonda tasty bandu bro,4,good,kannada
bhai sach mein samosa khana hi nahi,1,bad,hindi
boiled egg tinda mele maja bandide feel aaithu,4,good,kannada
bajji tini tarvata disgusting,2,bad,telugu
appam pani pattadu undi bro,3,bad,telugu
gobi paratha khake paisa barbaad feel,2,bad,hindi
mess jalebi khali waste,1,bad,telugu
mess burger lowkey straight garbage,1,bad,english
bhai sach mein sandwich bohot kharab,1,bad,hindi
lassi khake lajawab feel aaya,5,good,hindi
dal fry bilkul ghatiya hai bhai,2,bad,hindi
mess ka pongal bewakoof banaya,1,bad,hindi
appam khake lajawab si feel hoya,5,good,punjabi
rasgulla tini tarvata pani pattadu,2,bad,telugu
toast faltu hai yaar,1,bad,punjabi
mess ka chana dal regret,2,bad,hindi
kachori mat khao paisa barbaad hai,2,bad,hindi
pongal kemp agide guru,1,bad,kannada
kachori eat cheyaleka undi bro,1,bad,telugu
tried noodles and it was fire,4,good,english
bhai coffee kamaal ka,5,good,hindi
medu vada hits different absolutely fire,4,good,english
bajji try chesthe superb ga undi,5,good,telugu
bhel puri khana hi nahi hai bhai,1,bad,hindi
pulao khake daab aa gayi feel hoya,4,good,punjabi
mess lo rasgulla manchi undi,5,good,telugu
yo aloo paratha was straight up crazy good,4,good,english
mess noodles full disgusting aithu,2,bad,kannada
manchurian mat khao bilkul ghatiya hai,2,bad,hindi
sheera try karo full mast hai,4,good,hindi
toast try chesthe baga tasty,5,good,telugu
jalebi ella illa guru,2,bad,kannada
full medu vada tasty bandu bro,5,good,kannada
bhai seriously dhokla regret ho reha,2,bad,punjabi
yo jalebi was straight up bussin,5,good,english
tried gobi paratha regret zero stars,1,bad,english
pav bhaji khake kamaal ka feel aaya,5,good,hindi
bhai kesari lajawab si hai,5,good,punjabi
maggi skip karo zahar hai,2,bad,punjabi
yo samosa was straight up top tier,4,good,english
full toor dal full sakkath bro,5,good,kannada
tried pav bhaji regret trash,3,bad,english
mess medu vada lowkey dizgusting af,1,bad,english
pasta tini tarvata feel baga tasty,4,good,telugu
bhai coffee full mast hai,5,good,punjabi
bhai sach mein moong dal bilkul ghatiya,3,bad,hindi
uppit taste leka undi bro,1,bad,telugu
tried dal fry and it was top tier,5,good,english
coffee mat khao bewakoof banaya hai,1,bad,hindi
kachori tini tarvata taste leka,2,bad,telugu
mess masoor dal is fire,4,good,english
nah halwa is trash,1,bad,english
bro masoor dal mast undi,5,good,telugu
samosa try karo perfect tha hai,5,good,hindi
pav bhaji skip maadi mood spoil,1,bad,kannada
mess pav bhaji pani pattadu,1,bad,telugu
bhai seriously coffee taste zero,1,bad,punjabi
bro sandwich superb ga undi,5,good,telugu
noodles tini tarvata mood off,1,bad,telugu
fried rice try chesthe perfect ga undi,5,good,telugu
bonda khake ghatiya si feel,2,bad,punjabi
bhai sach mein chai bilkul ghatiya,1,bad,hindi
tried bonda and it was no cap good,5,good,english
tried tadka dal regret trash,1,bad,english
mess ch maggi kamaal si,5,good,punjabi
mess mein pakoda kamaal ka tha,5,good,hindi
boiled egg tini tarvata khali waste,1,bad,telugu
mess mein soup lajawab tha,4,good,hindi
yaar toast ekdum ekdum perfect si,5,good,punjabi
soup tinda mele nalla aithu feel aaithu,5,good,kannada
bhai sheera perfect tha,4,good,hindi
bh vada pav maja aa gaya full,4,good,hindi
bhai sach mein samosa regret,2,bad,hindi
fried rice hits different fire,5,good,english
bro dhokla full enjoy,4,good,telugu
bajji khake zabardast si feel hoya,4,good,punjabi
tried boiled egg and it was bussin,5,good,english
chai bekagilla guru,1,bad,kannada
bhajji hits different no cap good,5,good,english
mess mein appam bahut tasty tha,5,good,hindi
bro manchurian mast undi,5,good,telugu
kachori skip maadi ella illa,2,bad,kannada
kachori waste piece guru,2,bad,kannada
bajji khake ekdum perfect feel hoya,4,good,punjabi
noodles faltu hai yaar,2,bad,punjabi
mess ka pulao khana hi nahi,3,bad,hindi
bruh the kesari was top tier,4,good,english
bro the puttu was bussin,4,good,english
mess halwa full waste piece,1,bad,kannada
bro the boiled egg was lit,5,good,english
mess da toor dal taste zero,2,bad,punjabi
yo dal fry was straight up lit,5,good,english
seriously bro fried rice mood spoil,2,bad,kannada
sandwich try karo daab aa gayi,4,good,punjabi
poori tinda mele full sakkath feel aaithu,4,good,kannada
mess halwa pani pattadu,3,bad,telugu
pulao hits different crazy good,4,good,english
chana dal hits different absolutely fire,5,good,english
seriously bruh omelette mood spoil,2,bad,kannada
halwa khake maja aa gaya full feel aaya,5,good,hindi
bonda khake full mast feel hoya,5,good,punjabi
mess aloo paratha disgusting,1,bad,telugu
bruh kachori full enjoy,5,good,telugu
dal fry khake taste zero feel,1,bad,punjabi
yaar bhel puri to ekdum perfect tha,5,good,hindi
noodles khake bahut tasty feel aaya,4,good,hindi
chai zahar hai yaar,3,bad,punjabi
yaar masoor dal to ekdum ekdum zabardast,4,good,hindi
yaar gobi paratha to ekdum lajawab,5,good,hindi
medu vada skip maadi ella illa,1,bad,kannada
mess samosa full bekagilla,1,bad,kannada
bhai pizza bahut tasty,4,good,hindi
noodles tinda mele maja bandide feel aaithu,5,good,kannada
appam khake maja aa gaya full feel aaya,5,good,hindi
bhai gulab jamun bahut tasty,4,good,hindi
mess mein soup full mast tha,5,good,hindi
yaar kesari ekdum kamaal si,4,good,punjabi
momos tinda mele ella illa,1,bad,kannada
mess da noodles faltu,2,bad,punjabi
halwa tini tarvata khali waste,1,bad,telugu
coffee try karo kamaal ka hai,4,good,hindi
momos is straight L food,1,bad,english
poori paisa barbaad hai bhai,2,bad,hindi
bhel puri tini tarvata feel superb ga undi,5,good,telugu
pasta khali waste undi bro,2,bad,telugu
mess mein moong dal ekdum zabardast tha,4,good,hindi
tried tadka dal regret ruined my day,2,bad,english
gulab jamun bohot kharab hai bhai,2,bad,hindi
bhai seriously uppit faltu,1,bad,punjabi
ninna manchurian tinte tasty ga undi anipinchindi,5,good,telugu
aloo paratha tini tarvata feel superb ga undi,4,good,telugu
bhajji khake ghatiya si feel,2,bad,punjabi
poori skip maadi mood spoil,1,bad,kannada
mess rasgulla is legendary,5,good,english
pulao skip karo mood kharab ho gayi hai,1,bad,punjabi
samosa khake paisa barbaad feel,1,bad,hindi
moong dal skip karo mood kharab ho gayi hai,1,bad,punjabi
burger try karo lajawab hai,5,good,hindi
mess da pasta ghatiya si,1,bad,punjabi
pongal try karo full mast,5,good,punjabi
vada pav khake ekdum perfect feel hoya,4,good,punjabi
bro noodles perfect ga undi,4,good,telugu
pizza mat khao bohot kharab hai,1,bad,hindi
seriously samosa mood off,2,bad,telugu
yo soup was straight up lit,5,good,english
mess ka puttu ulti aa gayi,3,bad,hindi
full masoor dal tasty bandu bro,5,good,kannada
mess lo pav bhaji perfect ga undi undi,4,good,telugu
tried omelette regret mid,1,bad,english
yo kachori was straight up fire,5,good,english
mess bhajji full ella illa,2,bad,kannada
cutlet skip karo ghatiya si hai,2,bad,punjabi
mess gulab jamun lowkey zero stars,3,bad,english
yaar dhokla ekdum ekdum perfect si,5,good,punjabi
aloo paratha ghatiya si hai yaar,1,bad,punjabi
yaar burger ekdum ekdum perfect si,5,good,punjabi
mess alli omelette full sakkath,4,good,kannada
bhai sach mein fried rice ulti aa gayi,2,bad,hindi
mess mein momos perfect tha tha,5,good,hindi
bro tadka dal was straight garbage,1,bad,english
manchurian tinda mele ella illa,2,bad,kannada
mess alli toast super aithu,4,good,kannada
bhai sach mein bhel puri bilkul ghatiya,3,bad,hindi
mess pongal lowkey l food,1,bad,english
bhai puttu lajawab si hai,5,good,punjabi
bhel puri try karo lajawab hai,5,good,hindi
mess dal fry taste leka,2,bad,telugu
noodles tini tarvata feel full enjoy,4,good,telugu
nah boiled egg is disgusting af,1,bad,english
medu vada khake daab aa gayi feel hoya,4,good,punjabi
bro pav bhaji mast undi,5,good,telugu
toor dal is straight mid,2,bad,english
sheera try cheyakandi taste leka,1,bad,telugu
bro toast yummy aithu,5,good,kannada
pakoda try karo bahut tasty hai,5,good,hindi
seriously bruh moong dal ella illa,1,bad,kannada
mess da manchurian faltu,1,bad,punjabi
tried pasta regret trash,1,bad,english
maggi try cheyakandi taste leka,1,bad,telugu
full puttu perfect bro,5,good,kannada
noodles khake daab aa gayi feel hoya,5,good,punjabi
aloo paratha tini tarvata feel full enjoy,5,good,telugu
pulao try karo kamaal,4,good,punjabi
mess alli bajji full sakkath,4,good,kannada
gulab jamun khake perfect tha feel aaya,5,good,hindi
mess mein moong dal lajawab tha,5,good,hindi
mess mein chai bahut tasty tha,5,good,hindi
seriously bro bhajji kemp agide,2,bad,kannada
chai khake mood kharab ho gayi feel,2,bad,punjabi
sheera pani pattadu undi bro,2,bad,telugu
cutlet tinda mele maja bandide feel aaithu,5,good,kannada
yaar bonda ekdum lajawab si si,5,good,punjabi
kesari ulti aa gayi hai bhai,1,bad,hindi
noodles tinda mele disgusting aithu,2,bad,kannada
bro burger was L food,1,bad,english
bhai bonda maja aa gaya full,5,good,hindi
fried rice try madi maja bandide,5,good,kannada
mess appam full waste piece,1,bad,kannada
yaar tadka dal ekdum ekdum perfect si,4,good,punjabi
yaar kachori to ekdum bahut tasty,5,good,hindi
fried rice skip maadi ella illa,3,bad,kannada
seriously dhokla pani pattadu,2,bad,telugu
bhai pongal lajawab si hai,5,good,punjabi
gulab jamun ulti aa gayi hai bhai,3,bad,hindi
poori tinda mele ella illa,1,bad,kannada
bhai toast lajawab,5,good,hindi
mess ch kesari zabardast si si,5,good,punjabi
mess ch pakoda solid taste si,4,good,punjabi
mess da rasgulla ghatiya si,1,bad,punjabi
samosa tinda mele tasty bandu feel aaithu,5,good,kannada
tried bonda and it was lit,5,good,english
kesari skip karo ghatiya si hai,1,bad,punjabi
puttu kemp agide guru,3,bad,kannada
scrambled egg skip karo regret ho reha hai,1,bad,punjabi
bhai halwa kamaal hai,5,good,punjabi
jalebi try karo kamaal,5,good,punjabi
cutlet mat khao bilkul ghatiya hai,1,bad,hindi
bro sheera was zero stars,2,bad,english
dhokla khake kamaal feel hoya,5,good,punjabi
tried jalebi regret l food,1,bad,english
bhai pulao kamaal hai,5,good,punjabi
vada pav khake ekdum zabardast feel aaya,5,good,hindi
coffee tinda mele disgusting aithu,1,bad,kannada
pasta tinda mele maja bandide feel aaithu,4,good,kannada
omelette try chesthe mast undi,5,good,telugu
ninna pasta tinte manchi anipinchindi,4,good,telugu
bajji khake regret feel,2,bad,hindi
mess ch gulab jamun kamaal si,5,good,punjabi
burger bilkul ghatiya hai bhai,1,bad,hindi
bhai scrambled egg kamaal ka,5,good,hindi
chana dal mat khao paisa barbaad hai,1,bad,hindi
bhai sach mein toor dal paisa barbaad,2,bad,hindi
maggi taste illa bro guru,1,bad,kannada
mess mein bhel puri bahut tasty tha,4,good,hindi
tried halwa and it was absolutely fire,5,good,english
tried scrambled egg and it was bussin,5,good,english
mess omelette khali waste,2,bad,telugu
bro bonda yummy aithu,5,good,kannada
maggi try cheyakandi eat cheyaleka,1,bad,telugu
lassi khake na khao feel,1,bad,punjabi
bonda try karo bahut tasty hai,5,good,hindi
mess rasgulla full ella illa,1,bad,kannada
medu vada khake kamaal ka feel aaya,5,good,hindi
yaar pizza ekdum daab aa gayi si,5,good,punjabi
sheera pani pattadu undi bro,2,bad,telugu
seriously pulao khali waste,1,bad,telugu
yo masoor dal was straight up bussin,4,good,english
bhai noodles kamaal hai,4,good,punjabi
seriously bro moong dal waste piece,1,bad,kannada
bhajji disgusting undi bro,1,bad,telugu
manchurian tini tarvata khali waste,1,bad,telugu
mess mein puttu ekdum zabardast tha,5,good,hindi
yaar gulab jamun to ekdum maja aa gaya full,5,good,hindi
yaar coffee to ekdum maja aa gaya full,5,good,hindi
bruh uppit was trash,1,bad,english
sandwich mat khao paisa barbaad hai,2,bad,hindi
bhel puri tinda mele tasty bandu feel aaithu,5,good,kannada
bro bhajji was straight garbage,2,bad,english
chai hits different fire,4,good,english
mess alli chana dal yummy,5,good,kannada
coffee is straight ruined my day,2,bad,english
mess kachori full taste illa bro,3,bad,kannada
seriously chana dal khali waste,2,bad,telugu
maggi skip maadi waste piece,1,bad,kannada
chai tinda mele full sakkath feel aaithu,5,good,kannada
lassi tinda mele yummy feel aaithu,4,good,kannada
full scrambled egg nalla aithu bro,5,good,kannada
bhajji khake lajawab feel aaya,5,good,hindi
appam try karo lajawab hai,5,good,hindi
bhai dal fry lajawab,4,good,hindi
bhai toor dal lajawab,5,good,hindi
bhajji tinda mele perfect feel aaithu,4,good,kannada
medu vada khake bilkul ghatiya feel,2,bad,hindi
mess mein pulao bahut tasty tha,5,good,hindi
masoor dal khake zahar feel,3,bad,punjabi
mess mein maggi ekdum zabardast tha,5,good,hindi
bhai seriously cutlet zahar,1,bad,punjabi
aloo paratha tini tarvata feel manchi,5,good,telugu
mess poori is lit,5,good,english
bonda khake regret feel,3,bad,hindi
mess pizza full kemp agide,1,bad,kannada
bro toor dal perfect aithu,5,good,kannada
tried pizza regret trash,1,bad,english
burger is straight ruined my day,2,bad,english
mess masoor dal is no cap good,5,good,english
mess toast is no cap good,5,good,english
nah bhajji is L food,1,bad,english
sheera khake kamaal feel hoya,5,good,punjabi
ninna cutlet tinte perfect ga undi anipinchindi,5,good,telugu
toast try madi maja bandide,4,good,kannada
bonda try karo kamaal ka hai,4,good,hindi
seriously bro bonda bekagilla,1,bad,kannada
halwa tini tarvata mood off,1,bad,telugu
cutlet try cheyakandi pani pattadu,2,bad,telugu
mess ka scrambled egg khana hi nahi,2,bad,hindi
pakoda try chesthe tasty ga undi,5,good,telugu
mess alli halwa maja bandide,5,good,kannada
cutlet khake taste zero feel,2,bad,punjabi
bhel puri regret ho reha hai yaar,1,bad,punjabi
toast try karo bahut tasty hai,5,good,hindi
tried vada pav and it was absolutely fire,4,good,english
pav bhaji ghatiya si hai yaar,2,bad,punjabi
jalebi disgusting undi bro,1,bad,telugu
yo toor dal was straight up fire,4,good,english
mess masoor dal lowkey mid,1,bad,english
tried bajji and it was top tier,5,good,english
pulao try karo ekdum zabardast hai,5,good,hindi
ninna pav bhaji tinte tasty ga undi anipinchindi,5,good,telugu
scrambled egg khake daab aa gayi feel hoya,5,good,punjabi
cutlet try madi yummy,5,good,kannada
rasgulla try karo bahut tasty h,5,good,hindi
mess da chana dal na khao,3,bad,punjabi
mess ka dal fry paisa barbaad,3,bad,hindi
tried chai regret zero stars,1,bad,english
bhai seriously pakoda faltu,1,bad,punjabi
pakoda tinda mele tasty bandu feel aaithu,4,good,kannada
mess pulao is no cap good,5,good,english
kachori tinda mele bekagilla,2,bad,kannada
mess lo chana dal mast undi undi,5,good,telugu
pizza ghatiya si hai yaar,1,bad,punjabi
bruh momos was disgusting af,1,bad,english
momos try karo kamaal ka hai,5,good,hindi
mess mein poori perfect tha tha,5,good,hindi
kachori is straight zero stars,3,bad,english
poori try madi perfect,5,good,kannada
pav bhaji try cheyakandi disgusting,2,bad,telugu
chai skip karo regret ho reha hai,2,bad,punjabi
mess da puttu ghatiya si,1,bad,punjabi
tadka dal eat cheyaleka undi bro,1,bad,telugu
mess kachori full waste piece,2,bad,kannada
mess toast disgusting,1,bad,telugu
yo aloo paratha was straight up fire,5,good,english
bro kachori full sakkath aithu,4,good,kannada
pulao try cheyakandi baledu bro,1,bad,telugu
samosa skip karo faltu hai,1,bad,punjabi
bhai sach mein aloo paratha ulti aa gayi,1,bad,hindi
mess lo pav bhaji full enjoy undi,5,good,telugu
bhai seriously fried rice ghatiya si,1,bad,punjabi
noodles tini tarvata disgusting,1,bad,telugu
mess pasta lowkey L food,1,bad,english
burger waste piece guru,1,bad,kannada
puttu try madi perfect,4,good,kannada
coffee tinda mele perfect feel aaithu,4,good,kannada
boiled egg try madi super aithu,5,good,kannada
poori baledu bro undi bro,3,bad,telugu
nah poori is disgusting af,1,bad,english
puttu try cheyakandi disgusting,1,bad,telugu
yaar appam to ekdum maja aa gaya full,5,good,hindi
pizza skip maadi disgusting aithu,1,bad,kannada
mess bajji disgusting,1,bad,telugu
gulab jamun khake solid taste feel hoya,4,good,punjabi
mess lassi full ella illa,2,bad,kannada
mess mein chana dal perfect tha tha,5,good,hindi
mess da momos regret ho reha,1,bad,punjabi
cutlet regret ho reha hai yaar,2,bad,punjabi
tried omelette and it was legendary,4,good,english
yaar fried rice to ekdum ekdum zabardast,5,good,hindi
tadka dal faltu hai yaar,1,bad,punjabi
toast skip maadi ella illa,2,bad,kannada
bhai chai full mast,4,good,hindi
masoor dal tini tarvata feel perfect ga undi,5,good,telugu
appam try chesthe superb ga undi,4,good,telugu
mess mein gobi paratha full mast tha,5,good,hindi
mess ch sandwich full mast si,5,good,punjabi
mess alli sheera maja bandide,5,good,kannada
yaar sheera ekdum daab aa gayi si,5,good,punjabi
bro burger was zero stars,1,bad,english
yaar boiled egg ekdum daab aa gayi si,4,good,punjabi
yo maggi was straight up fire,5,good,english
mess ka chai paisa barbaad,1,bad,hindi
bhai seriously medu vada regret ho reha,3,bad,punjabi
mess ka pizza regret,1,bad,hindi
bro jalebi mast undi,4,good,telugu
mess ch iz slaps,5,good,english
manchurian skip karo regret ho reha hai,2,bad,punjabi
bhai seriously bhajji mood kharab ho gayi,3,bad,punjabi
mess lassi full kemp agide,2,bad,kannada
seriously bro medu vada waste piece,1,bad,kannada
kesari mat khao ulti aa gayi hai,1,bad,hindi
uppit try chesthe baga tasty,5,good,telugu
bro bhel puri yummy aithu,5,good,kannada
full pasta maja bandide bro,4,good,kannada
mess lo masoor dal baga tasty undi,4,good,telugu
bro pasta was zero stars,1,bad,english
bro vada pav perfect aithu,4,good,kannada
ninna pakoda tinte tasty ga undi anipinchindi,5,good,telugu
seriously bro pulao waste piece,1,bad,kannada
dal fry try karo zabardast si,5,good,punjabi
yaar dal fry ekdum kamaal si,5,good,punjabi
bhai pizza perfect tha,4,good,hindi
yaar pav bhaji to ekdum maja aa gaya full,5,good,hindi
mess cutlet baledu bro,1,bad,telugu
mess ka pizza bohot kharab,1,bad,hindi
lassi skip maadi disgusting aithu,1,bad,kannada
bhai pasta solid taste hai,4,good,punjabi
tadka dal try chesthe superb ga undi,4,good,telugu
pulao skip maadi taste illa bro,1,bad,kannada
aloo paratha hits different crazy good,5,good,english
kesari bohot kharab hai bhai,1,bad,hindi
seriously bajji baledu bro,1,bad,telugu
mess ka chai khana hi nahi,1,bad,hindi
tried chana dal regret zero stars,1,bad,english
mess mein uppit bahut tasty tha,4,good,hindi
bhai chana dal lajawab,5,good,hindi
mess da samosa regret ho reha,2,bad,punjabi
maggi hits different bussin,5,good,english
bhai seriously jalebi na khao,1,bad,punjabi
bhai sach mein bajji paisa barbaad,1,bad,hindi
yaar sandwich to ekdum bahut tasty,5,good,hindi
pasta taste zero hai yaar,1,bad,punjabi
mess puttu pani pattadu,2,bad,telugu
mess lo chai manchi undi,5,good,telugu
medu vada is straight zero stars,1,bad,english
pasta tini tarvata feel mast undi,5,good,telugu
bhajji try madi maja bandide,5,good,kannada
mess mein pasta ekdum zabardast tha,5,good,hindi
bro da samosa was legendary,4,good,english
pakoda tinda mele ella illa,1,bad,kannada
seriously lassi baledu bro,1,bad,telugu
omelette try karo zabardast si,5,good,punjabi
pav bhaji tini tarvata eat cheyaleka,2,bad,telugu
masoor dal khake bahut tasty feel aaya,4,good,hindi
mess ch dal fry full mast si,5,good,punjabi
bro tadka dal superb ga undi,5,good,telugu
bhai tadka dal solid taste hai,5,good,punjabi
mess sandwich is absolutely fire,4,good,english
mess da omelette mood kharab ho gayi,1,bad,punjabi
sandwich skip karo taste zero hai,1,bad,punjabi
bro vada pav was zero stars,1,bad,english
pizza hits different slaps,5,good,english
pongal tinda mele ella illa,1,bad,kannada
bhai fried rice lajawab si hai,4,good,punjabi
bro gulab jamun was mid,2,bad,english
noodles pani pattadu undi bro,2,bad,telugu
poori skip karo ghatiya si h,1,bad,punjabi
mess cutlet lowkey disgusting af,2,bad,english
bhai sach mein manchurian khana hi nahi,2,bad,hindi
momos tini tarvata feel tasty ga undi,5,good,telugu
poori disgusting aithu guru,1,bad,kannada
jalebi try madi perfect,5,good,kannada
tadka dal mat khao bewakoof banaya hai,2,bad,hindi
bro moong dal yummy aithu,4,good,kannada
full noodles nalla aithu bruh,5,good,kannada
bhai sach mein aloo paratha bilkul ghatiya,2,bad,hindi
bro the noodles was crazy good,5,good,english
bhai sach mein kachori bewakoof banaya,1,bad,hindi
yo sandwich was straight up top tier,5,good,english
yaar pongal ekdum kamaal si,5,good,punjabi
nah rasgulla is straight garbage,1,bad,english
tried scrambled egg regret trash,1,bad,english
fried rice khake kamaal feel hoya,4,good,punjabi
mess da pav bhaji na khao,3,bad,punjabi
bhai sach mein pizza bewakoof banaya,2,bad,hindi
pasta tinda mele ella illa,2,bad,kannada
medu vada try karo full mast,5,good,punjabi
bro aloo paratha perfect ga undi,5,good,telugu
tried maggi regret not it,1,bad,english
bhai pasta lajawab,4,good,hindi
bhai sach mein halwa ulti aa gayi,1,bad,hindi
cutlet try chesthe superb ga undi,5,good,telugu
ninna samosa tinte superb ga undi anipinchindi,5,good,telugu
pasta skip maadi ella illa,1,bad,kannada
ninna toor dal tinte superb ga undi anipinchindi,5,good,telugu
toor dal skip karo zahar hai,1,bad,punjabi
ninna puttu tinte baga tasty anipinchindi,5,good,telugu
momos skip maadi ella illa,2,bad,kannada
bh seriously aloo paratha na khao,2,bad,punjabi
aloo paratha try cheyakandi eat cheyaleka,1,bad,telugu
yaar pasta to ekdum perfect tha,5,good,hindi
pizza khake taste zero feel,1,bad,punjabi
mess da chai na khao,1,bad,punjabi
mess da tadka dal faltu,3,bad,punjabi
seriously bro bhajji ella illa,1,bad,kannada
bhai omelette full mast hai,5,good,punjabi
seriously bro bajji kemp agide,2,bad,kannada
yaar noodles to ekdum kamaal ka,5,good,hindi
toast is straight disgusting af,2,bad,english
ninna coffee tinte full enjoy anipinchindi,5,good,telugu
mess lo pav bhaji manchi undi,5,good,telugu
mess ka coffee bilkul ghatiya,1,bad,hindi
bro medu vada was disgusting af,2,bad,english
samosa eat cheyaleka undi bro,3,bad,telugu
yo moong dal was straight up lit,4,good,english
sandwich hits different crazy good,4,good,english
yo kesari was straight up top tier,5,good,english
bh toor dal bahut tasty,5,good,hindi
appam disgusting aithu guru,1,bad,kannada
mess chana dal is bussin,4,good,english
gobi paratha khake solid taste feel hoya,5,good,punjabi
toor dal mood spoil guru,1,bad,kannada
pakoda try karo full mast,5,good,punjabi
bhai masoor dal maja aa gaya full,5,good,hindi
samosa mood spoil guru,1,bad,kannada
omelette skip maadi disgusting aithu,3,bad,kannada
bhai moong dal ekdum zabardast,4,good,hindi
bhai medu vada ekdum zabardast,4,good,hindi
mess alli gulab jamun full sakkath,5,good,kannada
rasgulla try chesthe mast undi,4,good,telugu
masoor dal try karo full mast hai,5,good,hindi
bonda try karo lajawab si,5,good,punjabi
mess vada pav lowkey trash,1,bad,english
mess da boiled egg faltu,2,bad,punjabi
jalebi hits different no cap good,5,good,english
toor dal mat khao paisa barbaad hai,1,bad,hindi
bonda bekagilla guru,3,bad,kannada
bh coffee daab aa gayi h,5,good,punjabi
pakoda paisa barbaad hai bhai,2,bad,hindi
mess lo gobi paratha baga tasty undi,5,good,telugu
bhai pulao lajawab si hai,5,good,punjabi
bhai seriously pasta regret ho reha,1,bad,punjabi
yo bhel puri was straight up absolutely fire,4,good,english
mess lo poori baga tasty undi,4,good,telugu
yo appam was straight up fire,4,good,english
mess ch noodles full mast si,4,good,punjabi
gulab jamun is straight l food,1,bad,english
mess lo aloo paratha perfect ga undi undi,5,good,telugu
mess ch bajji zabardast si si,5,good,punjabi
mess moong dal taste leka,1,bad,telugu
bro lassi tasty bandu aithu,5,good,kannada
rasgulla bilkul ghatiya hai bhai,1,bad,hindi
ninna samosa tinte full enjoy anipinchindi,4,good,telugu
pulao khake full mast feel hoya,5,good,punjabi
tried bonda regret zero stars,1,bad,english
sheera pani pattadu undi bro,1,bad,telugu
coffee khake daab aa gayi feel hoya,5,good,punjabi
nah rasgulla is zero stars,1,bad,english
pakoda bilkul ghatiya hai bhai,1,bad,hindi
mess lo dhokla full enjoy undi,5,good,telugu
pakoda skip karo ghatiya si hai,1,bad,punjabi
ninna pav bhaji tinte full enjoy anipinchindi,4,good,telugu
coffee is straight not it,2,bad,english
bro toast perfect aithu,4,good,kannada
mess gulab jamun lowkey trash,2,bad,english
bro gulab jamun nalla aithu aithu,4,good,kannada
yaar bonda to ekdum lajawab,5,good,hindi
yo samosa was straight up slaps,5,good,english
aloo paratha tinda mele bekagilla,1,bad,kannada
bhai sheera solid taste hai,4,good,punjabi
mess mein jalebi full mast tha,5,good,hindi
mess lo sheera superb ga undi undi,5,good,telugu
bro lassi maja bandide aithu,5,good,kannada
manchurian tini tarvata baledu bro,3,bad,telugu
halwa tini tarvata feel superb ga undi,4,good,telugu
bhai seriously fried rice regret ho reha,1,bad,punjabi
bro gulab jamun was zero stars,2,bad,english
yaar maggi to ekdum ekdum zabardast,4,good,hindi
tried bonda regret zero stars,1,bad,english
ninna lassi tinte full enjoy anipinchindi,5,good,telugu
mess aloo paratha baledu bro,2,bad,telugu
bhai burger maja aa gaya full,4,good,hindi
pakoda iz straight L food,1,bad,english
poori khake daab aa gayi feel hoya,5,good,punjabi
yaar aloo paratha ekdum ekdum perfect si,5,good,punjabi
bhai sach mein sheera bohot kharab,1,bad,hindi
yo poori was straight up slaps,5,good,english
burger skip maadi disgusting aithu,2,bad,kannada
puttu try karo zabardast si,4,good,punjabi
mess ch manchurian ekdum perfect si,5,good,punjabi
pulao khake ulti aa gayi feel,2,bad,hindi
bhai dal fry solid taste hai,4,good,punjabi
mess bonda taste leka,2,bad,telugu
sheera hits different crazy good,5,good,english
mess ka appam bewakoof banaya,3,bad,hindi
maggi is straight straight garbage,2,bad,english
yaar dhokla ekdum lajawab si si,4,good,punjabi
maggi try chesthe manchi,4,good,telugu
mess toast dizgusting,1,bad,telugu
dhokla khake bohot kharab feel,3,bad,hindi
bro the pongal was crazy good,5,good,english
bro vada pav was zero stars,2,bad,english
bonda bekagilla guru,1,bad,kannada
bro maggi super aithu aithu,5,good,kannada
mess ka sheera khana hi nahi,1,bad,hindi
yaar appam to ekdum perfect tha,5,good,hindi
mess omelette is crazy good,5,good,english
bro the rasgulla was lit,4,good,english
seriously bro maggi mood spoil,1,bad,kannada
chana dal hits different top tier,4,good,english
masoor dal na khao hai yaar,3,bad,punjabi
masoor dal skip karo taste zero hai,1,bad,punjabi
toast skip maadi ella illa,1,bad,kannada
samosa bekagilla guru,3,bad,kannada
mess vada pav disgusting,1,bad,telugu
vada pav tinda mele nalla aithu feel aaithu,5,good,kannada
puttu tini tarvata baledu bro,2,bad,telugu
fried rice mood spoil guru,2,bad,kannada
mess alli samosa full sakkath,5,good,kannada
tried bhajji regret mid,1,bad,english
full maggi tasty bandu bro,4,good,kannada
mess ka tadka dal ulti aa gayi,1,bad,hindi
seriously bro pasta bekagilla,3,bad,kannada
full manchurian full sakkath bro,5,good,kannada
toast try chesthe mast undi,5,good,telugu
aloo paratha khake kamaal ka feel aaya,4,good,hindi
yaar cutlet ekdum daab aa gayi si,5,good,punjabi
mess masoor dal lowkey trash,1,bad,english
yaar sandwich to ekdum full mast,4,good,hindi
soup khake ulti aa gayi feel,2,bad,hindi
manchurian khake bohot kharab feel,2,bad,hindi
tried samosa regret ruined my day,2,bad,english
bonda tini tarvata taste leka,1,bad,telugu
mess alli burger maja bandide,4,good,kannada
yo gulab jamun was straight up bussin,4,good,english
bhai seriously boiled egg ghatiya si,2,bad,punjabi
halwa regret ho reha hai yaar,1,bad,punjabi
bro bonda maja bandide aithu,4,good,kannada
chana dal try chesthe full enjoy,4,good,telugu
bajji mood kharab ho gayi h yaar,3,bad,punjabi
kachori try madi full sakkath,5,good,kannada
yaar gulab jamun to ekdum full mast,5,good,hindi
mess da manchurian faltu,3,bad,punjabi
mess lo moong dal mast undi undi,5,good,telugu
halwa tini tarvata disgusting,1,bad,telugu
dhokla hits different lit,5,good,english
tried cutlet and it was crazy good,5,good,english
yaar pulao to ekdum kamaal ka,5,good,hindi
puttu try chesthe manchi,5,good,telugu
bhel puri skip karo mood kharab ho gayi hai,2,bad,punjabi
manchurian tini tarvata feel manchi,5,good,telugu
bhai dhokla kamaal ka,5,good,hindi
masoor dal khake ghatiya si feel,3,bad,punjabi
mess lo pav bhaji tasty ga undi undi,5,good,telugu
nah burger is l food,1,bad,english
appam khake full mast feel hoya,4,good,punjabi
yaar boiled egg to ekdum lajawab,4,good,hindi
bhai sach mein aloo paratha bilkul ghatiya,2,bad,hindi
bonda skip maadi mood spoil,2,bad,kannada
lassi try chesthe full enjoy,5,good,telugu
ninna bhajji tinte full enjoy anipinchindi,4,good,telugu
nah bhel puri is zero stars,1,bad,english
yo gobi paratha was straight up crazy good,5,good,english
yaar chana dal ekdum daab aa gayi si,5,good,punjabi
full pizza maja bandide bro,5,good,kannada
coffee try karo ekdum perfect,4,good,punjabi
mess ch jalebi daab aa gayi si,5,good,punjabi
mess da bajji regret ho reha,2,bad,punjabi
mess dhokla full disgusting aithu,1,bad,kannada
bro the chai was crazy good,4,good,english
mess aloo paratha pani pattadu,2,bad,telugu
cutlet try cheyakandi eat cheyaleka,1,bad,telugu
bro the bonda was slaps,4,good,english
tried chana dal regret L food,2,bad,english
yo chai was straight up crazy good,5,good,english
yo momos was straight up fire,5,good,english
bro the fried rice was crazy good,5,good,english
mess lo pasta tasty ga undi undi,5,good,telugu
noodles tinda mele disgusting aithu,1,bad,kannada
puttu mat khao regret hai,2,bad,hindi
seriously rasgulla baledu bro,3,bad,telugu
coffee paisa barbaad hai bhai,1,bad,hindi
bro the noodles was bussin,5,good,english
toor dal khali waste undi bro,1,bad,telugu
bajji is straight disgusting af,2,bad,english
lassi skip maadi disgusting aithu,2,bad,kannada
yaar gulab jamun ekdum solid taste si,5,good,punjabi
full toast yummy bro,4,good,kannada
bruh aloo paratha was not it,1,bad,english
toor dal tini tarvata feel mast undi,5,good,telugu
mess dal fry mood off,2,bad,telugu
appam try madi super aithu,4,good,kannada
lassi tini tarvata feel mast undi,4,good,telugu
pizza mat khao paisa barbaad hai,1,bad,hindi
kachori regret hai bhai,1,bad,hindi
kachori baledu bro undi bro,1,bad,telugu
bonda try cheyakandi khali waste,2,bad,telugu
bro the vada pav was top tier,4,good,english
gobi paratha try karo full mast,5,good,punjabi
mess alli medu vada nalla aithu,5,good,kannada
bro puttu perfect aithu,4,good,kannada
seriously tadka dal pani pattadu,3,bad,telugu
maggi skip maadi waste piece,1,bad,kannada
mess poori taste leka,3,bad,telugu
yo fried rice was straight up crazy good,5,good,english
bro bajji was trash,1,bad,english
vada pav khake perfect tha feel aaya,4,good,hindi
yaar chai to ekdum full mast,5,good,hindi
poori tinda mele ella illa,1,bad,kannada
uppit disgusting aithu guru,2,bad,kannada
medu vada try karo ekdum zabardast h,4,good,hindi
dal fry try cheyakandi baledu bruh,1,bad,telugu
bhai seriously pongal regret ho reha,1,bad,punjabi
bhai bhel puri ekdum zabardast,5,good,hindi
mess soup lowkey mid,1,bad,english
bhel puri try cheyakandi taste leka,2,bad,telugu
bhai seriously coffee taste zero,1,bad,punjabi
halwa hits different crazy good,4,good,english
full samosa maja bandide bro,4,good,kannada
bhai sach mein jalebi regret,3,bad,hindi
nah rasgulla is L food,1,bad,english
mess mein bhajji perfect tha tha,5,good,hindi
moong dal is straight trash,2,bad,english
toor dal skip karo na khao hai,2,bad,punjabi
bruh the kesari was top tier,4,good,english
mess mein rasgulla kamaal ka tha,4,good,hindi
bhai coffee ekdum perfect hai,5,good,punjabi
bro the chana dal was fire,5,good,english
yaar soup to ekdum bahut tasty,5,good,hindi
bhajji try chesthe perfect ga undi,5,good,telugu
ninna medu vada tinte full enjoy anipinchindi,4,good,telugu
lassi try chesthe full enjoy,4,good,telugu
mess mein rasgulla perfect tha tha,5,good,hindi
toast hits different no cap good,5,good,english
mess alli scrambled egg perfect,4,good,kannada
pakoda pani pattadu undi bro,1,bad,telugu
yaar dal fry ekdum daab aa gayi si,5,good,punjabi
mess mein bajji kamaal ka tha,5,good,hindi
lassi try karo kamaal ka hai,4,good,hindi
tried medu vada and it was slaps,5,good,english
lassi mat khao khana hi nahi hai,1,bad,hindi
coffee khake bewakoof banaya feel,2,bad,hindi
toast is straight mid,1,bad,english
bro aloo paratha was zero stars,1,bad,english
mess ka puttu bohot kharab,1,bad,hindi
mess da maggi regret ho reha,1,bad,punjabi
momos try chesthe baga tasty,4,good,telugu
dhokla khake mood kharab ho gayi feel,2,bad,punjabi
sheera skip maadi mood spoil,1,bad,kannada
mess maggi full mood spoil,2,bad,kannada
mess bonda lowkey mid,2,bad,english
bhai tadka dal daab aa gayi hai,5,good,punjabi
seriously bro vada pav waste piece,1,bad,kannada
medu vada try chesthe tasty ga undi,5,good,telugu
bhai omelette full mast,5,good,hindi
vada pav is straight ruined my day,1,bad,english
toor dal khake mood kharab ho gayi feel,2,bad,punjabi
halwa skip maadi disgusting aithu,1,bad,kannada
pakoda tini tarvata baledu bro,2,bad,telugu
mess poori full waste piece,1,bad,kannada
gobi paratha mat khao regret hai,1,bad,hindi
moong dal khake ekdum perfect feel hoya,5,good,punjabi
seriously bruh pasta kemp agide,1,bad,kannada
pongal tinda mele super aithu feel aaithu,5,good,kannada
mess pav bhaji taste leka,2,bad,telugu
sandwich khake bohot kharab feel,2,bad,hindi
yaar bhel puri ekdum solid taste si,4,good,punjabi
bhel puri khana hi nahi hai bhai,1,bad,hindi
omelette khake bilkul ghatiya feel,1,bad,hindi
bro poori perfect ga undi,5,good,telugu
bhai pizza perfect tha,5,good,hindi
bro chai perfect ga undi,5,good,telugu
pakoda tinda mele full sakkath feel aaithu,5,good,kannada
ninna scrambled egg tinte baga tasty anipinchindi,4,good,telugu
mess da dhokla regret ho reha,2,bad,punjabi
full coffee full sakkath bro,5,good,kannada
halwa try madi yummy,5,good,kannada
yaar aloo paratha ekdum solid taste si,5,good,punjabi
poori tinda mele taste illa bro,2,bad,kannada
chai skip maadi taste illa bro,2,bad,kannada
mess cutlet full ella illa,2,bad,kannada
gobi paratha mood off undi bro,1,bad,telugu
bro cutlet perfect ga undi,4,good,telugu
soup tini tarvata disgusting,2,bad,telugu
yaar vada pav to ekdum full mast,5,good,hindi
bonda hits different legendary,5,good,english
bhai appam solid taste hai,5,good,punjabi
mess ka sandwich paisa barbaad,1,bad,hindi
mess coffee mood off,1,bad,telugu
moong dal faltu hai yaar,2,bad,punjabi
mess chana dal lowkey zero stars,1,bad,english
full jalebi full sakkath bro,4,good,kannada
nah tadka dal is ruined my day,1,bad,english
aloo paratha try chesthe manchi,5,good,telugu
kachori mat khao paisa barbaad hai,1,bad,hindi
mess maggi eat cheyaleka,2,bad,telugu
full pulao yummy bruh,5,good,kannada
mess masoor dal lowkey ruined my day,1,bad,english
masoor dal tinda mele super aithu feel aaithu,5,good,kannada
gulab jamun try karo zabardast si,4,good,punjabi
yo bhel puri was straight up legendary,4,good,english
nah jalebi is mid,1,bad,english
pav bhaji is straight trash,1,bad,english
mess sandwich is fire,5,good,english
puttu khake taste zero feel,2,bad,punjabi
bajji taste illa bro guru,2,bad,kannada
mess da kachori regret ho reha,1,bad,punjabi
bro cutlet superb ga undi,5,good,telugu
mess lo gulab jamun manchi undi,5,good,telugu
mess mein lassi kamaal ka tha,5,good,hindi
bro medu vada maja bandide aithu,5,good,kannada
tadka dal hits different top tier,5,good,english
bro poori super aithu aithu,4,good,kannada
gobi paratha zahar h yaar,1,bad,punjabi
tried lassi regret trash,3,bad,english
kachori skip karo ghatiya si hai,1,bad,punjabi
omelette tinda mele maja bandide feel aaithu,5,good,kannada
mess gulab jamun eat cheyaleka,2,bad,telugu
mess chana dal full taste illa bro,1,bad,kannada
mess lo appam superb ga undi undi,4,good,telugu
bhai seriously cutlet faltu,1,bad,punjabi
momos try karo lajawab si,5,good,punjabi
mess mein scrambled egg ekdum zabardast tha,4,good,hindi
bhai masoor dal full mast hai,5,good,punjabi
yaar sandwich ekdum ekdum perfect si,5,good,punjabi
jalebi khake lajawab si feel hoya,4,good,punjabi
manchurian tinda mele tasty bandu feel aaithu,5,good,kannada
mess noodles lowkey l food,2,bad,english
bh dhokla solid taste h,4,good,punjabi
seriously uppit pani pattadu,1,bad,telugu
seriously poori baledu bro,1,bad,telugu
seriously burger taste leka,1,bad,telugu
bruh rasgulla mast undi,5,good,telugu
mess momos is top tier,5,good,english
burger mat khao bewakoof banaya hai,2,bad,hindi
mess puttu baledu bro,1,bad,telugu
bro momos nalla aithu aithu,5,good,kannada
momos skip maadi bekagilla,1,bad,kannada
mess gulab jamun taste leka,1,bad,telugu
tried soup and it was no cap good,5,good,english
tried toor dal regret ruined my day,3,bad,english
tadka dal khake ekdum zabardast feel aaya,4,good,hindi
bro the pulao was absolutely fire,5,good,english
aloo paratha tinda mele super aithu feel aaithu,5,good,kannada
kesari tini tarvata feel baga tasty,4,good,telugu
chai iz straight trash,2,bad,english
bhajji skip maadi taste illa bro,2,bad,kannada
bro dhokla super aithu aithu,5,good,kannada
ninna medu vada tinte tasty ga undi anipinchindi,5,good,telugu
pulao skip karo ghatiya si hai,2,bad,punjabi
bhai toast daab aa gayi hai,5,good,punjabi
pizza tini tarvata taste leka,2,bad,telugu
poori khake kamaal ka feel aaya,5,good,hindi
manchurian try karo kamaal ka hai,5,good,hindi
scrambled egg ulti aa gayi hai bhai,1,bad,hindi
pulao skip maadi ella illa,3,bad,kannada
coffee tinda mele tasty bandu feel aaithu,4,good,kannada
medu vada khake bahut tasty feel aaya,5,good,hindi
gulab jamun khake ekdum zabardast feel aaya,4,good,hindi
nah pongal is disgusting af,2,bad,english
mess ch gulab jamun solid taste si,5,good,punjabi
mess lo bonda baga tasty undi,5,good,telugu
tried pulao regret mid,1,bad,english
full masoor dal full sakkath bruh,5,good,kannada
bro bhel puri was straight garbage,1,bad,english
seriously bro fried rice taste illa bro,1,bad,kannada
scrambled egg try chesthe full enjoy,5,good,telugu
bhajji tini tarvata feel perfect ga undi,5,good,telugu
vada pav ulti aa gayi hai bhai,1,bad,hindi
bhajji ella illa guru,1,bad,kannada
bro lassi was not it,2,bad,english
bhai soup lajawab si hai,4,good,punjabi
nah boiled egg is disgusting af,1,bad,english
samosa tinda mele super aithu feel aaithu,4,good,kannada
maggi khana hi nahi hai bhai,2,bad,hindi
full bhajji full sakkath bro,5,good,kannada
medu vada tini tarvata taste leka,2,bad,telugu
noodles zahar hai yaar,1,bad,punjabi
bhai lassi perfect tha,5,good,hindi
aloo paratha khake ghatiya si feel,2,bad,punjabi
cutlet skip maadi taste illa bro,2,bad,kannada
seriously jalebi baledu bro,1,bad,telugu
mess da aloo paratha mood kharab ho gayi,2,bad,punjabi
mess da pulao ghatiya si,1,bad,punjabi
yaar gulab jamun to ekdum lajawab,5,good,hindi
pongal skip maadi kemp agide,1,bad,kannada
appam pani pattadu undi bro,1,bad,telugu
yaar momos ekdum zabardast si si,5,good,punjabi
samosa khake taste zero feel,1,bad,punjabi
pongal khana hi nahi hai bhai,2,bad,hindi
kachori is straight mid,3,bad,english
aloo paratha tinda mele full sakkath feel aaithu,5,good,kannada
yo gobi paratha was straight up bussin,5,good,english
mess ch coffee zabardast si si,4,good,punjabi
halwa bohot kharab hai bhai,2,bad,hindi
pasta tini tarvata baledu bro,2,bad,telugu
yaar chai to ekdum perfect tha,5,good,hindi
mess lo rasgulla full enjoy undi,5,good,telugu
bhai poori solid taste hai,5,good,punjabi
bhai medu vada lajawab si hai,4,good,punjabi
tried pasta and it was no cap good,4,good,english
puttu try chesthe manchi,4,good,telugu
mess alli cutlet full sakkath,5,good,kannada
mess alli poori nalla aithu,5,good,kannada
bro lassi was trash,1,bad,english
tried fried rice and it was crazy good,4,good,english
boiled egg zahar hai yaar,1,bad,punjabi
medu vada skip maadi waste piece,3,bad,kannada
aloo paratha khake ekdum perfect feel hoya,4,good,punjabi
mess pasta full mood spoil,2,bad,kannada
yaar coffee ekdum daab aa gayi si,5,good,punjabi
mess lo momos full enjoy undi,5,good,telugu
pizza na khao hai yaar,3,bad,punjabi
bhajji try chesthe full enjoy,5,good,telugu
bhel puri tini tarvata feel perfect ga undi,5,good,telugu
full manchurian maja bandide bro,4,good,kannada
bro burger nalla aithu aithu,5,good,kannada
dal fry paisa barbaad hai bhai,2,bad,hindi
bro soup superb ga undi,4,good,telugu
appam mood spoil guru,2,bad,kannada
masoor dal mat khao bilkul ghatiya hai,2,bad,hindi
tried bonda regret zero stars,1,bad,english
bhai seriously lassi taste zero,2,bad,punjabi
momos tinda mele disgusting aithu,2,bad,kannada
tadka dal try madi maja bandide,5,good,kannada
lassi tini tarvata feel mast undi,5,good,telugu
pulao khake full mast feel hoya,4,good,punjabi
omelette taste leka undi bro,1,bad,telugu
pakoda khake regret ho reha feel,1,bad,punjabi
mess ch scrambled egg kamaal si,5,good,punjabi
gobi paratha tinda mele kemp agide,1,bad,kannada
bro cutlet manchi,5,good,telugu
medu vada mat khao bohot kharab hai,2,bad,hindi
soup hits different legendary,5,good,english
bhai seriously momos ghatiya si,2,bad,punjabi
seriously bro bajji bekagilla,2,bad,kannada
pulao khake bahut tasty feel aaya,4,good,hindi
sandwich try madi full sakkath,5,good,kannada
full medu vada yummy bro,4,good,kannada
bro rasgulla baga tasty,5,good,telugu
seriously bro rasgulla waste piece,1,bad,kannada
masoor dal bohot kharab hai bhai,1,bad,hindi
puttu khake ekdum zabardast feel aaya,5,good,hindi
nah halwa is mid,1,bad,english
bro boiled egg full sakkath aithu,5,good,kannada
toast khali waste undi bro,3,bad,telugu
bro sandwich full sakkath aithu,5,good,kannada
aloo paratha mat khao khana hi nahi hai,2,bad,hindi
yaar soup ekdum kamaal si,5,good,punjabi
bhai pizza maja aa gaya full,5,good,hindi
seriously bro sheera ella illa,1,bad,kannada
toor dal ella illa guru,2,bad,kannada
kachori tini tarvata pani pattadu,1,bad,telugu
mess bonda pani pattadu,2,bad,telugu
pakoda try madi nalla aithu,4,good,kannada
sheera baledu bro undi bro,1,bad,telugu
seriously burger baledu bro,1,bad,telugu
masoor dal is straight trash,1,bad,english
bro the lassi was top tier,4,good,english
full puttu maja bandide bro,4,good,kannada
yo soup was straight up legendary,5,good,english
bhai seriously boiled egg mood kharab ho gayi,1,bad,punjabi
rasgulla khake maja aa gaya full feel aaya,4,good,hindi
uppit hits different no cap good,5,good,english
mess omelette lowkey disgusting af,1,bad,english
yaar jalebi to ekdum kamaal ka,5,good,hindi
masoor dal bekagilla guru,1,bad,kannada
yaar lassi to ekdum lajawab,4,good,hindi
mess alli halwa maja bandide,5,good,kannada
seriously chana dal baledu bro,1,bad,telugu
mess mein puttu perfect tha tha,5,good,hindi
appam khake kamaal feel hoya,4,good,punjabi
noodles tini tarvata feel full enjoy,4,good,telugu
mess cutlet is absolutely fire,5,good,english
mess lo manchurian manchi undi,4,good,telugu
yaar moong dal to ekdum full mast,5,good,hindi
bhai sach mein puttu bohot kharab,1,bad,hindi
bro moong dal superb ga undi,4,good,telugu
bhel puri mood kharab ho gayi hai yaar,1,bad,punjabi
bro the manchurian was lit,5,good,english
vada pav khake lajawab feel aaya,5,good,hindi
lassi try madi yummy,5,good,kannada
pav bhaji khake full mast feel hoya,5,good,punjabi
mess da toast regret ho reha,1,bad,punjabi
appam tini tarvata feel full enjoy,5,good,telugu
mess mein bonda ekdum zabardast tha,4,good,hindi
mess gulab jamun lowkey disgusting af,2,bad,english
bro bonda super aithu aithu,5,good,kannada
cutlet mat khao regret hai,3,bad,hindi
mess cutlet is bussin,5,good,english
momos try cheyakandi taste leka,2,bad,telugu
yaar appam ekdum solid taste si,4,good,punjabi
noodles taste leka undi bro,1,bad,telugu
pulao tinda mele kemp agide,1,bad,kannada
samosa regret hai bhai,1,bad,hindi
pulao khake zahar feel,3,bad,punjabi
mess dhokla taste leka,2,bad,telugu
manchurian tini tarvata feel perfect ga undi,5,good,telugu
ninna fried rice tinte full enjoy anipinchindi,4,good,telugu
toast skip maadi bekagilla,2,bad,kannada
bro kachori maja bandide aithu,4,good,kannada
momos skip maadi disgusting aithu,1,bad,kannada
sheera tini tarvata feel superb ga undi,4,good,telugu
yaar dal fry ekdum daab aa gayi si,5,good,punjabi
bhai sach mein chana dal bohot kharab,1,bad,hindi
sheera tini tarvata feel mast undi,5,good,telugu
tried samosa regret not it,2,bad,english
bhai gulab jamun perfect tha,4,good,hindi
mess poori lowkey zero stars,1,bad,english
bhai kachori kamaal ka,5,good,hindi
mess alli uppit yummy,5,good,kannada
mess mein kachori perfect tha tha,5,good,hindi
bh seriously ch regret ho reha,3,bad,punjabi
bro moong dal perfect aithu,4,good,kannada
bhai pakoda full mast hai,5,good,punjabi
mess lo noodles manchi undi,4,good,telugu
poori khake ulti aa gayi feel,2,bad,hindi
aloo paratha ghatiya si hai yaar,1,bad,punjabi
seriously halwa eat cheyaleka,2,bad,telugu
samosa khake regret ho reha feel,1,bad,punjabi
mess ka vada pav bohot kharab,1,bad,hindi
bro coffee was disgusting af,1,bad,english
bro poori mast undi,5,good,telugu
bro pulao was straight garbage,2,bad,english
poori khake bilkul ghatiya feel,3,bad,hindi
samosa tinda mele disgusting aithu,2,bad,kannada
pasta bewakoof banaya hai bhai,3,bad,hindi
pav bhaji baledu bro undi bro,2,bad,telugu
mess alli lassi super aithu,5,good,kannada
nah pav bhaji is disgusting af,1,bad,english
yaar cutlet to ekdum bahut tasty,5,good,hindi
mess mein chai lajawab tha,5,good,hindi
yo pasta was straight up absolutely fire,4,good,english
mess da pakoda regret ho reha,2,bad,punjabi
mess da manchurian regret ho reha,2,bad,punjabi
tried poori and it was lit,5,good,english
mess burger disgusting,1,bad,telugu
kesari khake regret ho reha feel,1,bad,punjabi
mess ka lassi paisa barbaad,2,bad,hindi
ninna maggi tinte superb ga undi anipinchindi,4,good,telugu
mess da pakoda taste zero,1,bad,punjabi
yaar maggi to ekdum ekdum zabardast,5,good,hindi
bhai jalebi ekdum zabardast,4,good,hindi
halwa is straight straight garbage,1,bad,english
mess lo momos full enjoy undi,5,good,telugu
bhai sach mein sandwich khana hi nahi,2,bad,hindi
bro toor dal tasty ga undi,5,good,telugu
momos hits different absolutely fire,5,good,english
mess ch scrambled egg solid taste si,4,good,punjabi
yo jalebi was straight up top tier,4,good,english
masoor dal ghatiya si hai yaar,3,bad,punjabi
mess medu vada lowkey straight garbage,2,bad,english
bhai sach mein vada pav regret,3,bad,hindi
bhai seriously appam zahar,2,bad,punjabi
bajji try madi perfect,5,good,kannada
mess alli burger super aithu,5,good,kannada
mess alli fried rice nalla aithu,4,good,kannada
fried rice try karo solid taste,5,good,punjabi
bajji try cheyakandi disgusting,2,bad,telugu
halwa mat khao bilkul ghatiya hai,2,bad,hindi
bro bajji was l food,2,bad,english
bonda waste piece guru,2,bad,kannada
mess pakoda pani pattadu,3,bad,telugu
full noodles maja bandide bro,4,good,kannada
bro maggi tasty bandu aithu,5,good,kannada
bruh uppit super aithu aithu,4,good,kannada
yaar toor dal ekdum lajawab si si,5,good,punjabi
pakoda tinda mele dizgusting aithu,1,bad,kannada
maggi khake khana hi nahi feel,2,bad,hindi
ninna gulab jamun tinte superb ga undi anipinchindi,4,good,telugu
mess mein pongal bahut tasty tha,4,good,hindi
full medu vada perfect bro,4,good,kannada
bhai sach mein gobi paratha bilkul ghatiya,1,bad,hindi
bhai chana dal zabardast si hai,4,good,punjabi
bhai puttu ekdum zabardast,5,good,hindi
tried gulab jamun regret not it,2,bad,english
chai is straight straight garbage,1,bad,english
mess lo uppit full enjoy undi,5,good,telugu
rasgulla tinda mele bekagilla,1,bad,kannada
chai try karo zabardast si,5,good,punjabi
vada pav hits different no cap good,4,good,english
yaar puttu ekdum full mast si,5,good,punjabi
tadka dal tini tarvata khali waste,1,bad,telugu
mess bhel puri lowkey ruined my day,1,bad,english
bro medu vada was trash,1,bad,english
cutlet tinda mele full sakkath feel aaithu,4,good,kannada
medu vada khake maja aa gaya full feel aaya,4,good,hindi
bhai seriously pakoda zahar,1,bad,punjabi
yo burger was straight up slaps,5,good,english
mess lo jalebi baga tasty undi,5,good,telugu
chana dal waste piece guru,3,bad,kannada
mess ch boiled egg full mast si,4,good,punjabi
appam tini tarvata mood off,2,bad,telugu
momos khake solid taste feel hoya,5,good,punjabi
bhai seriously bonda mood kharab ho gayi,1,bad,punjabi
mess da bonda regret ho reha,1,bad,punjabi
bhai seriously pakoda taste zero,2,bad,punjabi
yaar dhokla ekdum full mast si,5,good,punjabi
bhai sach mein moong dal regret,1,bad,hindi
scrambled egg khake khana hi nahi feel,2,bad,hindi
yaar burger to ekdum lajawab,5,good,hindi
cutlet taste leka undi bro,1,bad,telugu
yaar pongal ekdum ekdum perfect si,5,good,punjabi
yaar lassi ekdum daab aa gayi si,5,good,punjabi
bajji tinda mele kemp agide,1,bad,kannada
uppit skip maadi mood spoil,1,bad,kannada
yaar bajji to ekdum bahut tasty,5,good,hindi
medu vada try cheyakandi khali waste,1,bad,telugu
bajji skip karo na khao hai,2,bad,punjabi
tried sandwich regret not it,1,bad,english
nah coffee is zero stars,1,bad,english
toor dal tinda mele mood spoil,2,bad,kannada
tried bhel puri regret mid,2,bad,english
bhajji iz straight L food,1,bad,english
tried bhajji regret zero stars,1,bad,english
cutlet try karo ekdum perfect,4,good,punjabi
bro soup yummy aithu,5,good,kannada
yo rasgulla was straight up fire,4,good,english
maggi skip maadi taste illa bro,1,bad,kannada
ninna gobi paratha tinte baga tasty anipinchindi,5,good,telugu
seriously gulab jamun khali waste,2,bad,telugu
uppit khake regret feel,2,bad,hindi
mess manchurian lowkey ruined my day,1,bad,english
nah cutlet is zero stars,2,bad,english
mess lo poori tasty ga undi undi,4,good,telugu
momos khake lajawab si feel hoya,4,good,punjabi
mess ka bhajji paisa barbaad,1,bad,hindi
mess lo scrambled egg superb ga undi undi,4,good,telugu
kesari mat khao khana hi nahi hai,1,bad,hindi
pav bhaji try karo solid taste,4,good,punjabi
bro gulab jamun was L food,2,bad,english
mess puttu is slaps,5,good,english
scrambled egg skip karo mood kharab ho gayi hai,1,bad,punjabi
bhai pongal perfect tha,5,good,hindi
scrambled egg try chesthe full enjoy,5,good,telugu
tried bhel puri regret ruined my day,2,bad,english
puttu khake maja aa gaya full feel aaya,5,good,hindi
mess appam pani pattadu,1,bad,telugu
yaar bonda to ekdum bahut tasty,5,good,hindi
bhajji khake mood kharab ho gayi feel,2,bad,punjabi
yo noodles was straight up crazy good,5,good,english
jalebi is straight disgusting af,2,bad,english
bhai scrambled egg daab aa gayi hai,5,good,punjabi
bhai gulab jamun bahut tasty,5,good,hindi
mess ch bajji daab aa gayi si,5,good,punjabi
bhai seriously noodles faltu,1,bad,punjabi
pav bhaji mat khao bilkul ghatiya hai,1,bad,hindi
mess bhajji lowkey zero stars,1,bad,english
mess ch toast zabardast si si,5,good,punjabi
pasta tinda mele full sakkath feel aaithu,5,good,kannada
sheera mat khao paisa barbaad h,3,bad,hindi
bhai kesari lajawab,4,good,hindi
seriously cutlet mood off,2,bad,telugu
bhai seriously appam faltu,1,bad,punjabi
pasta mood kharab ho gayi hai yaar,2,bad,punjabi
tried dal fry and it was absolutely fire,5,good,english
pasta tinda mele maja bandide feel aaithu,5,good,kannada
medu vada tini tarvata dizgusting,2,bad,telugu
rasgulla tinda mele disgusting aithu,3,bad,kannada
bajji khake lajawab feel aaya,4,good,hindi
mess ch pani pattadu,1,bad,telugu
bro the sheera was absolutely fire,4,good,english
mess moong dal is slaps,5,good,english
maggi try karo full mast,5,good,punjabi
manchurian hits different top tier,5,good,english
mess da dhokla zahar,2,bad,punjabi
mess mein fried rice lajawab tha,5,good,hindi
bro maggi tasty bandu aithu,4,good,kannada
halwa khake full mast feel hoya,5,good,punjabi
moong dal skip maadi bekagilla,2,bad,kannada
medu vada mat khao bewakoof banaya hai,2,bad,hindi
aloo paratha khake zabardast si feel hoya,5,good,punjabi
kesari skip maadi taste illa bro,3,bad,kannada
seriously fried rice khali waste,1,bad,telugu
mess ka appam bewakoof banaya,3,bad,hindi
bro pongal full enjoy,4,good,telugu
seriously boiled egg disgusting,1,bad,telugu
yaar omelette ekdum solid taste si,4,good,punjabi
manchurian skip karo zahar hai,2,bad,punjabi
bro the medu vada was legendary,5,good,english
halwa try madi yummy,4,good,kannada
pulao taste leka undi bro,2,bad,telugu
maggi khake lajawab feel aaya,4,good,hindi
bhai sach mein uppit bohot kharab,2,bad,hindi
tried burger regret l food,1,bad,english
omelette try karo ekdum perfect,5,good,punjabi
toor dal try karo solid taste,5,good,punjabi
nah lassi is ruined my day,1,bad,english
seriously jalebi khali waste,2,bad,telugu
mess moong dal mood off,2,bad,telugu
samosa skip maadi mood spoil,3,bad,kannada
chai tini tarvata mood off,3,bad,telugu
boiled egg try madi full sakkath,5,good,kannada
bhai toast kamaal ka,5,good,hindi
yo toor dal was straight up bussin,5,good,english
mess pav bhaji full disgusting aithu,2,bad,kannada
yaar tadka dal to ekdum ekdum zabardast,5,good,hindi
jalebi khake khana hi nahi feel,3,bad,hindi
gobi paratha is straight ruined my day,1,bad,english
omelette faltu hai yaar,1,bad,punjabi
sandwich hits different absolutely fire,4,good,english
pav bhaji try karo full mast hai,5,good,hindi
pakoda try karo maja aa gaya full hai,4,good,hindi
bhai seriously poori faltu,1,bad,punjabi
maggi taste leka undi bruh,1,bad,telugu
pulao tinda mele tasty bandu feel aaithu,4,good,kannada
bhai fried rice zabardast si hai,4,good,punjabi
cutlet hits different lit,5,good,english
kesari tinda mele super aithu feel aaithu,4,good,kannada
mess mein coffee ekdum zabardast tha,5,good,hindi
scrambled egg try karo zabardast si,5,good,punjabi
aloo paratha skip karo mood kharab ho gayi hai,3,bad,punjabi
dal fry skip maadi taste illa bro,2,bad,kannada
yo poori was straight up absolutely fire,5,good,english
yaar lassi to ekdum lajawab,4,good,hindi
pongal try cheyakandi mood off,1,bad,telugu
mess lo toast superb ga undi undi,5,good,telugu
bhai sach mein bajji regret,1,bad,hindi
mess boiled egg eat cheyaleka,2,bad,telugu
mess puttu full bekagilla,2,bad,kannada
sheera khana hi nahi hai bhai,2,bad,hindi
seriously fried rice mood off,1,bad,telugu
poori try chesthe manchi,4,good,telugu
boiled egg tinda mele super aithu feel aaithu,5,good,kannada
mess ch rasgulla solid taste si,4,good,punjabi
seriously bro pulao taste illa bro,2,bad,kannada
bro appam full enjoy,5,good,telugu
mess lo kachori baga tasty undi,4,good,telugu
tried rasgulla and it was legendary,4,good,english
seriously bro medu vada bekagilla,3,bad,kannada
mess lo bhajji baga tasty undi,5,good,telugu
kachori skip maadi kemp agide,1,bad,kannada
mess bhel puri full disgusting aithu,3,bad,kannada
yaar boiled egg to ekdum ekdum zabardast,4,good,hindi
pakoda try karo ekdum zabardast hai,5,good,hindi
yo momos was straight up lit,5,good,english
bh sach mein sheera bilkul ghatiya,2,bad,hindi
coffee khake ghatiya si feel,1,bad,punjabi
bro dal fry yummy aithu,4,good,kannada
bhai seriously masoor dal na khao,1,bad,punjabi
pav bhaji taste zero hai yaar,1,bad,punjabi
mess mein sandwich bahut tasty tha,4,good,hindi
manchurian try karo ekdum perfect,5,good,punjabi
bro burger full sakkath aithu,5,good,kannada
mess ch sandwich solid taste si,5,good,punjabi
noodles baledu bro undi bro,2,bad,telugu
full toor dal nalla aithu bro,5,good,kannada
seriously bro cutlet disgusting aithu,1,bad,kannada
gulab jamun baledu bro undi bro,1,bad,telugu
mess da kesari taste zero,1,bad,punjabi
mess pav bhaji full waste piece,2,bad,kannada
bhai seriously pizza ghatiya si,3,bad,punjabi
yaar pav bhaji to ekdum bahut tasty,5,good,hindi
poori try cheyakandi disgusting,1,bad,telugu
gobi paratha try karo lajawab hai,5,good,hindi
bro the bajji was top tier,5,good,english
nah bhel puri is zero stars,1,bad,english
pav bhaji try cheyakandi eat cheyaleka,1,bad,telugu
mess ka momos bohot kharab,1,bad,hindi
kachori skip maadi ella illa,1,bad,kannada
nah maggi is l food,1,bad,english
yaar scrambled egg to ekdum perfect tha,5,good,hindi
mess ch chana dal kamaal si,4,good,punjabi
mess pizza lowkey disgusting af,2,bad,english
mess ka dal fry regret,1,bad,hindi
bhai gulab jamun bahut tasty,5,good,hindi
tried jalebi regret l food,1,bad,english
soup try cheyakandi khali waste,3,bad,telugu
bh seriously scrambled egg taste zero,2,bad,punjabi
bhajji hits different no cap good,4,good,english
mess ka chai ulti aa gayi,1,bad,hindi
bhai seriously cutlet faltu,3,bad,punjabi
full bajji yummy bro,5,good,kannada
kachori mat khao paisa barbaad hai,2,bad,hindi
mess ka coffee khana hi nahi,1,bad,hindi
pizza bilkul ghatiya h bh,1,bad,hindi
nah sandwich is not it,2,bad,english
mess momos is legendary,5,good,english
bro da dhokla was slaps,4,good,english
tried maggi regret ruined my day,3,bad,english
bhai sandwich full mast hai,5,good,punjabi
ninna sheera tinte manchi anipinchindi,4,good,telugu
mess lassi full mood spoil,1,bad,kannada
mess gulab jamun lowkey disgusting af,1,bad,english
puttu regret ho reha hai yaar,2,bad,punjabi
mess da maggi regret ho reha,1,bad,punjabi
mess alli pasta maja bandide,5,good,kannada
seriously bro samosa waste piece,2,bad,kannada
mess ch kesari zabardast si si,4,good,punjabi
mess lo pasta superb ga undi undi,4,good,telugu
tried pakoda and it was slaps,5,good,english
sandwich baledu bro undi bro,1,bad,telugu
bro chana dal yummy aithu,5,good,kannada
tried pasta regret zero stars,1,bad,english
yaar poori ekdum full mast si,5,good,punjabi
bh sheera full mast h,4,good,punjabi
mess ch noodles full mast si,5,good,punjabi
mess bonda iz top tier,4,good,english
aloo paratha bewakoof banaya hai bhai,1,bad,hindi
halwa try madi super aithu,5,good,kannada
mess chana dal is top tier,5,good,english
ninna pulao tinte perfect ga undi anipinchindi,5,good,telugu
sheera skip maadi disgusting aithu,2,bad,kannada
maggi khake taste zero feel,1,bad,punjabi
full boiled egg tasty bandu bro,5,good,kannada
medu vada try madi perfect,4,good,kannada
mess ch noodles zabardast si si,4,good,punjabi
gulab jamun try madi yummy,5,good,kannada
bro boiled egg super aithu aithu,5,good,kannada
mess gulab jamun is absolutely fire,4,good,english
mess mein pizza kamaal ka tha,4,good,hindi
mess ka jalebi bewakoof banaya,1,bad,hindi
bro tadka dal manchi,5,good,telugu
bhai poori lajawab,4,good,hindi
bhai sach mein sheera regret,2,bad,hindi
bro the sandwich was fire,5,good,english
dal fry khake taste zero feel,2,bad,punjabi
chai tini tarvata taste leka,2,bad,telugu
yo sandwich was straight up slaps,4,good,english
seriously bhajji disgusting,2,bad,telugu
yaar halwa to ekdum lajawab,5,good,hindi
cutlet taste zero hai yaar,1,bad,punjabi
scrambled egg regret hai bhai,1,bad,hindi
dhokla tinda mele kemp agide,3,bad,kannada
pav bhaji skip karo faltu hai,2,bad,punjabi
uppit skip maadi waste piece,2,bad,kannada
moong dal mood spoil guru,1,bad,kannada
mess alli noodles perfect,5,good,kannada
mess ka jalebi khana hi nahi,1,bad,hindi
appam try chesthe tasty ga undi,5,good,telugu
nah soup is l food,1,bad,english
toor dal paisa barbaad hai bhai,2,bad,hindi
mess da gulab jamun regret ho reha,1,bad,punjabi
mess lo toor dal superb ga undi undi,4,good,telugu
pongal tini tarvata feel baga tasty,4,good,telugu
bro cutlet perfect ga undi,4,good,telugu
dhokla disgusting undi bro,1,bad,telugu
masoor dal is straight zero stars,1,bad,english
mess alli kachori full sakkath,4,good,kannada
mess ka pakoda regret,2,bad,hindi
bhai medu vada kamaal hai,4,good,punjabi
puttu khake ekdum zabardast feel aaya,5,good,hindi
moong dal khake khana hi nahi feel,1,bad,hindi
noodles is straight trash,2,bad,english
moong dal try madi yummy,5,good,kannada
ninna appam tinte baga tasty anipinchindi,5,good,telugu
bhai seriously scrambled egg ghatiya si,1,bad,punjabi
mess mein pav bhaji perfect tha tha,5,good,hindi
yo sandwich was straight up fire,5,good,english
moong dal tini tarvata feel tasty ga undi,5,good,telugu
bonda khake perfect tha feel aaya,5,good,hindi
mess pizza full mood spoil,2,bad,kannada
mess lo pizza mast undi undi,5,good,telugu
yaar gobi paratha ekdum full mast si,4,good,punjabi
nah lassi is mid,2,bad,english
ninna sandwich tinte tasty ga undi anipinchindi,5,good,telugu
pongal try madi tasty bandu,5,good,kannada
medu vada hits different top tier,4,good,english
mess coffee is absolutely fire,5,good,english
dal fry khake solid taste feel hoya,5,good,punjabi
bro the pongal was lit,5,good,english
rasgulla hits different top tier,5,good,english
seriously chai baledu bro,2,bad,telugu
mess bonda pani pattadu,2,bad,telugu
soup khake zahar feel,1,bad,punjabi
seriously maggi khali waste,1,bad,telugu
sheera khake bewakoof banaya feel,1,bad,hindi
cutlet try karo lajawab hai,4,good,hindi
noodles khake lajawab si feel hoya,5,good,punjabi
sheera skip maadi taste illa bro,2,bad,kannada
pulao try madi perfect,5,good,kannada
kesari tinda mele yummy feel aaithu,5,good,kannada
nah masoor dal iz ruined my day,2,bad,english
ninna uppit tinte mast undi anipinchindi,4,good,telugu
mess tadka dal full taste illa bro,1,bad,kannada
bruh the toast was lit,5,good,english
mess da kesari ghatiya si,1,bad,punjabi
yo aloo paratha was straight up crazy good,5,good,english
bhel puri tinda mele bekagilla,1,bad,kannada
lassi is straight ruined my day,1,bad,english
bro sandwich superb ga undi,4,good,telugu
yaar samosa to ekdum full mast,5,good,hindi
bro the toast was bussin,5,good,english
bhai soup lajawab si hai,4,good,punjabi
yo coffee was straight up lit,5,good,english
yo toast was straight up absolutely fire,5,good,english
jalebi khake zahar feel,2,bad,punjabi
kesari zahar hai yaar,2,bad,punjabi
bro jalebi tasty ga undi,4,good,telugu
mess da uppit faltu,1,bad,punjabi
seriously bro bhajji kemp agide,1,bad,kannada
mess uppit lowkey ruined my day,1,bad,english
masoor dal try karo zabardast si,5,good,punjabi
medu vada tini tarvata khali waste,1,bad,telugu
bhai seriously samosa zahar,3,bad,punjabi
toor dal skip karo ghatiya si h,1,bad,punjabi
bruh burger manchi,4,good,telugu
bro samosa perfect aithu,5,good,kannada
dhokla try karo kamaal,5,good,punjabi
pulao khake full mast feel hoya,5,good,punjabi
tried halwa regret l food,2,bad,english
medu vada mat khao bilkul ghatiya hai,1,bad,hindi
dhokla disgusting undi bro,1,bad,telugu
bruh aloo paratha was straight garbage,2,bad,english
kachori try karo ekdum zabardast hai,5,good,hindi
uppit khake regret feel,1,bad,hindi
bhai sach mein bajji bohot kharab,1,bad,hindi
bro poori baga tasty,4,good,telugu
full samosa tasty bandu bro,4,good,kannada
bhai pav bhaji bahut tasty,5,good,hindi
bhai sach mein scrambled egg bohot kharab,2,bad,hindi
bro pizza mast undi,5,good,telugu
bro gobi paratha maja bandide aithu,4,good,kannada
mess uppit is bussin,4,good,english
mess ch uppit daab aa gayi si,5,good,punjabi
bro coffee baga tasty,4,good,telugu
mess bhel puri full waste piece,1,bad,kannada
bhai bhajji daab aa gayi hai,4,good,punjabi
nah poori is disgusting af,2,bad,english
bhajji tini tarvata baledu bro,2,bad,telugu
dhokla mood kharab ho gayi hai yaar,1,bad,punjabi
bhajji tini tarvata pani pattadu,2,bad,telugu
bhai jalebi solid taste hai,4,good,punjabi
mess alli rasgulla super aithu,5,good,kannada
bhai moong dal perfect tha,4,good,hindi
nah sandwich is ruined my day,2,bad,english
gobi paratha khake ulti aa gayi feel,3,bad,hindi
gulab jamun try karo lajawab hai,4,good,hindi
mess coffee full kemp agide,2,bad,kannada
pav bhaji faltu hai yaar,2,bad,punjabi
manchurian try karo kamaal,5,good,punjabi
aloo paratha skip karo regret ho reha hai,3,bad,punjabi
ninna maggi tinte tasty ga undi anipinchindi,4,good,telugu
manchurian bilkul ghatiya hai bhai,1,bad,hindi
mess jalebi disgusting,1,bad,telugu
dhokla hits different top tier,5,good,english
mess soup mood off,2,bad,telugu
pav bhaji mood spoil guru,1,bad,kannada
chana dal taste zero hai yaar,1,bad,punjabi
pakoda khake perfect tha feel aaya,4,good,hindi
yo aloo paratha was straight up legendary,4,good,english
bro the bajji was legendary,4,good,english
mess mein soup lajawab tha,4,good,hindi
mess mein pulao bahut tasty tha,4,good,hindi
mess sheera full taste illa bro,2,bad,kannada
gulab jamun mat khao bilkul ghatiya hai,1,bad,hindi
mess chana dal is bussin,5,good,english
yaar pakoda to ekdum lajawab,5,good,hindi
mess gulab jamun lowkey not it,1,bad,english
pulao tini tarvata khali waste,2,bad,telugu
seriously pav bhaji pani pattadu,1,bad,telugu
full sheera tasty bandu bro,4,good,kannada
chana dal khana hi nahi hai bhai,2,bad,hindi
nah pizza is straight garbage,2,bad,english
yaar scrambled egg to ekdum perfect tha,4,good,hindi
pav bhaji khake zahar feel,1,bad,punjabi
medu vada khake bilkul ghatiya feel,1,bad,hindi
coffee mood kharab ho gayi hai yaar,2,bad,punjabi
jalebi khake zabardast si feel hoya,5,good,punjabi
tried dhokla regret ruined my day,1,bad,english
bh seriously samosa na khao,1,bad,punjabi
yaar rasgulla to ekdum kamaal ka,4,good,hindi
dal fry skip maadi waste piece,2,bad,kannada
nah pasta iz not it,1,bad,english
mess alli toast full sakkath,4,good,kannada
masoor dal khake kamaal feel hoya,5,good,punjabi
lassi khake faltu feel,1,bad,punjabi
mess ka halwa regret,1,bad,hindi
mess tadka dal iz fire,4,good,english
bhai maggi lajawab si hai,5,good,punjabi
medu vada is straight mid,2,bad,english
bhai seriously burger taste zero,1,bad,punjabi
burger skip karo ghatiya si hai,1,bad,punjabi
mess lo fried rice baga tasty undi,4,good,telugu
pakoda tinda mele bekagilla,3,bad,kannada
sandwich tinda mele nalla aithu feel aaithu,4,good,kannada
jalebi bekagilla guru,3,bad,kannada
bonda khake bohot kharab feel,2,bad,hindi
dhokla try chesthe superb ga undi,5,good,telugu
samosa khake regret feel,2,bad,hindi
masoor dal khali waste undi bro,1,bad,telugu
sandwich bilkul ghatiya hai bhai,1,bad,hindi
mess ka chai bewakoof banaya,1,bad,hindi
yaar rasgulla ekdum kamaal si,5,good,punjabi
bhai sach mein pav bhaji bilkul ghatiya,2,bad,hindi
sandwich khake perfect tha feel aaya,4,good,hindi
yaar dhokla to ekdum bahut tasty,5,good,hindi
tried chana dal and it was top tier,5,good,english
nah uppit is l food,1,bad,english
fried rice skip karo zahar hai,1,bad,punjabi
mess da poori faltu,3,bad,punjabi
chana dal khake bahut tasty feel aaya,5,good,hindi
dhokla try cheyakandi khali waste,1,bad,telugu
seriously aloo paratha baledu bro,1,bad,telugu
tried cutlet regret ruined my day,2,bad,english
bhai seriously pizza faltu,2,bad,punjabi
tried masoor dal and it was absolutely fire,5,good,english
fried rice try karo solid taste,5,good,punjabi
omelette zahar hai yaar,2,bad,punjabi
seriously bro fried rice mood spoil,2,bad,kannada
mess bhel puri khali waste,3,bad,telugu
bhai samosa kamaal ka,4,good,hindi
mess momos lowkey not it,1,bad,english
burger tinda mele mood spoil,1,bad,kannada
mess mein bhajji full mast tha,5,good,hindi
mess ch pasta solid taste si,5,good,punjabi
pav bhaji is straight trash,2,bad,english
chai try madi nalla aithu,4,good,kannada
rasgulla tinda mele taste illa bro,1,bad,kannada
bro pulao was mid,1,bad,english
halwa is straight ruined my day,1,bad,english
scrambled egg mat khao bewakoof banaya hai,3,bad,hindi
mess bhajji lowkey straight garbage,1,bad,english
yaar toor dal to ekdum maja aa gaya full,4,good,hindi
bhel puri tini tarvata disgusting,1,bad,telugu
mess alli lassi tasty bandu,5,good,kannada
tried sheera regret trash,1,bad,english
mess aloo paratha lowkey ruined my day,2,bad,english
ninna pongal tinte superb ga undi anipinchindi,5,good,telugu
full sheera nalla aithu bro,4,good,kannada
mess da bonda regret ho reha,1,bad,punjabi
yo bajji was straight up top tier,5,good,english
mess bhajji is lit,5,good,english
medu vada try chesthe tasty ga undi,5,good,telugu
bhai fried rice kamaal hai,5,good,punjabi
samosa tini tarvata disgusting,2,bad,telugu
mess ch pulao lajawab si si,5,good,punjabi
mess fried rice lowkey zero stars,1,bad,english
bajji hits different top tier,5,good,english
halwa na khao hai yaar,1,bad,punjabi
bro pulao full enjoy,5,good,telugu
nah manchurian iz ruined my day,1,bad,english
mess kachori is slaps,5,good,english
mess ka coffee bilkul ghatiya,3,bad,hindi
maggi ella illa guru,2,bad,kannada
mess da chana dal ghatiya si,3,bad,punjabi
gulab jamun try chesthe mast undi,4,good,telugu
mess noodles lowkey L food,3,bad,english
mess ch uppit daab aa gayi si,5,good,punjabi
mess alli jalebi tasty bandu,5,good,kannada
jalebi skip maadi kemp agide,2,bad,kannada
toast try madi nalla aithu,4,good,kannada
bhajji khake bohot kharab feel,1,bad,hindi
poori hits different no cap good,5,good,english
bro the medu vada was legendary,5,good,english
tried gulab jamun regret disgusting af,2,bad,english
yaar noodles ekdum daab aa gayi si,4,good,punjabi
sandwich skip karo zahar hai,1,bad,punjabi
yo bhajji was straight up slaps,5,good,english
appam skip karo taste zero hai,3,bad,punjabi
vada pav tini tarvata feel full enjoy,5,good,telugu
mess lo moong dal mast undi undi,4,good,telugu
lassi khake bahut tasty feel aaya,4,good,hindi
tried vada pav and it was lit,4,good,english
ninna momos tinte superb ga undi anipinchindi,5,good,telugu
aloo paratha ulti aa gayi hai bhai,1,bad,hindi
burger mood off undi bro,1,bad,telugu
mess da bonda regret ho reha,1,bad,punjabi
cutlet bohot kharab hai bhai,2,bad,hindi
noodles tini tarvata baledu bro,1,bad,telugu
aloo paratha try karo maja aa gaya full hai,4,good,hindi
tried cutlet and it was crazy good,5,good,english
boiled egg mood spoil guru,2,bad,kannada
momos tini tarvata feel perfect ga undi,4,good,telugu
halwa try karo zabardast si,5,good,punjabi
bhajji mood kharab ho gayi hai yaar,1,bad,punjabi
bajji tini tarvata taste leka,1,bad,telugu
poori tinda mele tasty bandu feel aaithu,4,good,kannada
nah uppit is not it,1,bad,english
mess lo dal fry manchi undi,5,good,telugu
sheera baledu bro undi bro,1,bad,telugu
bhai sach mein pulao ulti aa gayi,3,bad,hindi
mess lo sheera baga tasty undi,4,good,telugu
rasgulla skip maadi disgusting aithu,1,bad,kannada
bhai bhel puri full mast hai,4,good,punjabi
appam skip maadi mood spoil,1,bad,kannada
mess ka dhokla bilkul ghatiya,1,bad,hindi
yaar dhokla to ekdum ekdum zabardast,4,good,hindi
boiled egg tinda mele kemp agide,1,bad,kannada
mess ka poori ulti aa gayi,3,bad,hindi
chana dal mat khao paisa barbaad hai,3,bad,hindi
bhai toast kamaal ka,5,good,hindi
full sheera super aithu bro,4,good,kannada
sandwich pani pattadu undi bro,2,bad,telugu
lassi zahar h yaar,2,bad,punjabi
pakoda paisa barbaad hai bhai,1,bad,hindi
mess lo kesari mast undi undi,5,good,telugu
ninna medu vada tinte perfect ga undi anipinchindi,5,good,telugu
bro pongal tasty bandu aithu,5,good,kannada
yaar samosa to ekdum kamaal ka,5,good,hindi
tried bhajji and it was absolutely fire,4,good,english
bro the toor dal was fire,5,good,english
mess momos is fire,4,good,english
soup try chesda superb ga undi,5,good,telugu
mess alli pizza yummy,5,good,kannada
mess bonda eat cheyaleka,1,bad,telugu
mess toor dal lowkey trash,2,bad,english
pav bhaji try karo lajawab si,5,good,punjabi
mess ch manchurian full mast si,5,good,punjabi
moong dal tini tarvata pani pattadu,1,bad,telugu
mess da noodles ghatiya si,1,bad,punjabi
seriously bro moong dal mood spoil,1,bad,kannada
aloo paratha khana hi nahi hai bhai,2,bad,hindi
pasta is straight mid,1,bad,english
mess tadka dal mood off,3,bad,telugu
bhai jalebi solid taste hai,4,good,punjabi
uppit skip maadi mood spoil,2,bad,kannada
mess da noodles mood kharab ho gayi,3,bad,punjabi
tried gulab jamun regret not it,1,bad,english
mess momos disgusting,2,bad,telugu
mess ch pav bhaji daab aa gayi si,4,good,punjabi
mess alli gulab jamun super aithu,5,good,kannada
yaar pongal to ekdum ekdum zabardast,5,good,hindi
seriously sandwich mood off,1,bad,telugu
seriously bruh sheera waste piece,1,bad,kannada
mess mein sandwich maja aa gaya full tha,5,good,hindi
nah toast is not it,2,bad,english
scrambled egg mat khao ulti aa gayi hai,1,bad,hindi
yaar scrambled egg to ekdum maja aa gaya full,5,good,hindi
mess ch fried rice full mast si,5,good,punjabi
gulab jamun khake na khao feel,3,bad,punjabi
vada pav try karo full mast hai,5,good,hindi
burger skip karo na khao hai,3,bad,punjabi
mess bonda lowkey disgusting af,1,bad,english
pulao mat khao bewakoof banaya hai,1,bad,hindi
soup khake zabardast si feel hoya,4,good,punjabi
mess ka burger bohot kharab,1,bad,hindi
pulao mat khao regret hai,1,bad,hindi
boiled egg try cheyakandi khali waste,1,bad,telugu
mess kachori lowkey mid,1,bad,english
seriously bro dhokla mood spoil,2,bad,kannada
bro moong dal manchi,4,good,telugu
mess lo appam mast undi undi,5,good,telugu
mess ch bhel puri solid taste si,5,good,punjabi
chai khake mood kharab ho gayi feel,1,bad,punjabi
tried uppit and it was crazy good,5,good,english
yaar chana dal to ekdum lajawab,4,good,hindi
bhai sach mein bonda bohot kharab,2,bad,hindi
gobi paratha try karo ekdum zabardast hai,5,good,hindi
kesari hits different no cap good,5,good,english
mess alli kachori maja bandide,4,good,kannada
bro rasgulla super aithu aithu,4,good,kannada
bro samosa super aithu aithu,5,good,kannada
mess ch medu vada kamaal si,5,good,punjabi
chana dal try cheyakandi disgusting,1,bad,telugu
momos mat khao ulti aa gayi hai,1,bad,hindi
dhokla bewakoof banaya hai bhai,1,bad,hindi
yaar pulao ekdum ekdum perfect si,5,good,punjabi
bhel puri ella illa guru,1,bad,kannada
mess boiled egg disgusting,1,bad,telugu
dal fry khake mood kharab ho gayi feel,3,bad,punjabi
yo dal fry was straight up top tier,4,good,english
bro medu vada full enjoy,5,good,telugu
bro chana dal nalla aithu aithu,5,good,kannada
boiled egg khake regret feel,2,bad,hindi
mess maggi full kemp agide,2,bad,kannada
ninna chai tinte baga tasty anipinchindi,5,good,telugu
mess mein rasgulla perfect tha tha,4,good,hindi
bhai sach mein uppit bohot kharab,2,bad,hindi
kachori try chesthe superb ga undi,4,good,telugu
full jalebi yummy bro,5,good,kannada
burger tinda mele bekagilla,1,bad,kannada
pongal khake kamaal feel hoya,5,good,punjabi
bhai seriously pulao ghatiya si,1,bad,punjabi
pizza mood off undi bro,1,bad,telugu
mess kachori full ella illa,3,bad,kannada
chai try karo lajawab hai,5,good,hindi
yaar tadka dal to ekdum perfect tha,5,good,hindi
mess alli vada pav nalla aithu,5,good,kannada
yo halwa was straight up legendary,4,good,english
rasgulla bohot kharab hai bhai,3,bad,hindi
full gulab jamun nalla aithu bro,5,good,kannada
mess noodles full taste illa bro,2,bad,kannada
nah maggi is disgusting af,2,bad,english
mess gobi paratha is bussin,5,good,english
bhai sach mein fried rice bilkul ghatiya,2,bad,hindi
maggi skip maadi disgusting aithu,3,bad,kannada
bruh halwa full enjoy,4,good,telugu
mess ka bajji bewakoof banaya,1,bad,hindi
toast try madi tasty bandu,5,good,kannada
tried lassi and it was fire,4,good,english
fried rice khake ghatiya si feel,1,bad,punjabi
mess boiled egg is no cap good,5,good,english
pizza khake bewakoof banaya feel,2,bad,hindi
tried tadka dal regret disgusting af,1,bad,english
pulao tini tarvata feel baga tasty,5,good,telugu
mess lo omelette perfect ga undi undi,5,good,telugu
lassi tini tarvata feel perfect ga undi,5,good,telugu
bro pulao was straight garbage,1,bad,english
dal fry try cheyakandi eat cheyaleka,2,bad,telugu
bro the noodles was fire,4,good,english
kesari bilkul ghatiya h bh,1,bad,hindi
bh sach mein toor dal bilkul ghatiya,1,bad,hindi
kesari is straight mid,2,bad,english
gobi paratha taste illa bro guru,1,bad,kannada
moong dal khake zabardast si feel hoya,5,good,punjabi
seriously pizza mood off,1,bad,telugu
bruh da samosa was crazy good,5,good,english
chana dal khake bahut tasty feel aaya,5,good,hindi
mess ch manchurian daab aa gayi si,5,good,punjabi
toast try chesthe full enjoy,5,good,telugu
mess chana dal full ella illa,2,bad,kannada
mess alli noodles tasty bandu,5,good,kannada
puttu taste zero hai yaar,1,bad,punjabi
full pasta maja bandide bro,4,good,kannada
bhai maggi kamaal hai,5,good,punjabi
scrambled egg try chesthe baga tasty,4,good,telugu
bonda skip karo regret ho reha hai,2,bad,punjabi
lassi khake ekdum perfect feel hoya,5,good,punjabi
ninna noodles tinte full enjoy anipinchindi,4,good,telugu
seriously samosa khali waste,2,bad,telugu
medu vada khake taste zero feel,2,bad,punjabi
boiled egg tinda mele perfect feel aaithu,4,good,kannada
poori zahar hai yaar,2,bad,punjabi
mess da vada pav mood kharab ho gayi,1,bad,punjabi
mess dhokla eat cheyaleka,1,bad,telugu
rasgulla baledu bro undi bro,2,bad,telugu
mess ka pongal bewakoof banaya,1,bad,hindi
pasta skip maadi waste piece,2,bad,kannada
bro the pulao was absolutely fire,5,good,english
pongal khake zahar feel,2,bad,punjabi
nah masoor dal is mid,2,bad,english
mess bajji is legendary,5,good,english
coffee taste leka undi bro,2,bad,telugu
yaar sandwich to ekdum bahut tasty,5,good,hindi
manchurian mat khao khana hi nahi hai,1,bad,hindi
mess da maggi faltu,3,bad,punjabi
mess lo pasta superb ga undi undi,5,good,telugu
bhajji try karo ekdum zabardast hai,5,good,hindi
burger is straight trash,1,bad,english
tadka dal bohot kharab hai bhai,1,bad,hindi
aloo paratha disgusting aithu guru,1,bad,kannada
seriously bro scrambled egg waste piece,1,bad,kannada
uppit khake lajawab feel aaya,5,good,hindi
lassi try chesthe tasty ga undi,5,good,telugu
bhai fried rice full mast hai,4,good,punjabi
mess alli aloo paratha super aithu,4,good,kannada
tried pav bhaji regret ruined my day,2,bad,english
gobi paratha tinda mele taste illa bro,1,bad,kannada
scrambled egg khake paisa barbaad feel,1,bad,hindi
tried samosa regret disgusting af,1,bad,english
pulao khake bahut tasty feel aaya,5,good,hindi
seriously bro dal fry bekagilla,3,bad,kannada
seriously bruh sandwich disgusting aithu,2,bad,kannada
ninna medu vada tinte superb ga undi anipinchindi,5,good,telugu
seriously bro kesari kemp agide,1,bad,kannada
mess alli soup tasty bandu,5,good,kannada
nah moong dal is trash,2,bad,english
bhai chana dal full mast hai,5,good,punjabi
fried rice mood spoil guru,3,bad,kannada
poori tini tarvata feel superb ga undi,5,good,telugu
sandwich khake ekdum zabardast feel aaya,5,good,hindi
mess fried rice pani pattadu,2,bad,telugu
yaar kesari to ekdum bahut tasty,5,good,hindi
nah manchurian is L food,2,bad,english
jalebi skip karo taste zero hai,1,bad,punjabi
mess mein bhajji maja aa gaya full tha,5,good,hindi
rasgulla skip karo na khao h,2,bad,punjabi
chana dal tini tarvata baledu bro,1,bad,telugu
pakoda khake kamaal feel hoya,5,good,punjabi
mess da scrambled egg zahar,1,bad,punjabi
mess chana dal full kemp agide,1,bad,kannada
scrambled egg skip maadi bekagilla,1,bad,kannada
pizza skip maadi disgusting aithu,2,bad,kannada
pulao khake lajawab feel aaya,4,good,hindi
bhai tadka dal zabardast si hai,5,good,punjabi
masoor dal try karo lajawab hai,4,good,hindi
bhel puri khake maja aa gaya full feel aaya,4,good,hindi
soup khali waste undi bro,1,bad,telugu
vada pav try madi super aithu,4,good,kannada
boiled egg try karo lajawab si,4,good,punjabi
medu vada tinda mele taste illa bro,2,bad,kannada
mess maggi pani pattadu,2,bad,telugu
tadka dal try karo kamaal,5,good,punjabi
halwa mat khao bewakoof banaya hai,2,bad,hindi
mess lo omelette full enjoy undi,5,good,telugu
uppit taste illa bro guru,1,bad,kannada
tried noodles regret disgusting af,2,bad,english
bro dhokla maja bandide aithu,5,good,kannada
mess ka appam bilkul ghatiya,2,bad,hindi
bro the kachori was slaps,5,good,english
yaar boiled egg ekdum full mast si,4,good,punjabi
yaar bonda to ekdum ekdum zabardast,4,good,hindi
gulab jamun khana hi nahi hai bhai,1,bad,hindi
nah pasta is trash,2,bad,english
momos tini tarvata feel baga tasty,5,good,telugu
mess pulao lowkey ruined my day,1,bad,english
medu vada try cheyakandi baledu bro,1,bad,telugu
bhai seriously gulab jamun taste zero,1,bad,punjabi
bro masoor dal super aithu aithu,5,good,kannada
tried moong dal regret zero stars,1,bad,english
pakoda try chesthe manchi,5,good,telugu
mess da vada pav taste zero,2,bad,punjabi
mess lo noodles superb ga undi undi,5,good,telugu
tried chai and it was crazy good,5,good,english
yaar samosa ekdum solid taste si,4,good,punjabi
yaar ch to ekdum ekdum zabardast,5,good,hindi
fried rice try karo kamaal ka hai,5,good,hindi
pongal try madi perfect,4,good,kannada
bhai toor dal ekdum perfect hai,4,good,punjabi
mess fried rice full kemp agide,2,bad,kannada
uppit try cheyakandi baledu bro,1,bad,telugu
aloo paratha bewakoof banaya hai bhai,2,bad,hindi
mess samosa is no cap good,5,good,english
omelette khake full mast feel aaya,5,good,hindi
bhai aloo paratha full mast,5,good,hindi
omelette try cheyakandi eat cheyaleka,1,bad,telugu
sandwich khake kamaal ka feel aaya,4,good,hindi
noodles mat khao bohot kharab hai,1,bad,hindi
mess alli cutlet maja bandide,5,good,kannada
toor dal skip maadi dizgusting aithu,3,bad,kannada
pav bhaji tinda mele kemp agide,2,bad,kannada
masoor dal khake solid taste feel hoya,5,good,punjabi
mess mein dal fry lajawab tha,5,good,hindi
bro sheera was not it,1,bad,english
seriously chana dal taste leka,2,bad,telugu
seriously bro momos taste illa bro,1,bad,kannada
gobi paratha hits different top tier,4,good,english
aloo paratha tinda mele tasty bandu feel aaithu,5,good,kannada
mess tadka dal is fire,5,good,english
sheera tini tarvata feel baga tasty,4,good,telugu
puttu tinda mele waste piece,1,bad,kannada
bro pizza was L food,2,bad,english
seriously boiled egg pani pattadu,3,bad,telugu
bro pizza yummy aithu,4,good,kannada
tried burger regret zero stars,2,bad,english
poori try karo ekdum zabardast hai,4,good,hindi
seriously burger disgusting,1,bad,telugu
toor dal khake full mast feel aaya,4,good,hindi
sheera tini tarvata mood off,2,bad,telugu
mess ka gulab jamun khana hi nahi,1,bad,hindi
bro puttu yummy aithu,5,good,kannada
gulab jamun try madi perfect,4,good,kannada
seriously puttu mood off,2,bad,telugu
cutlet taste illa bro guru,2,bad,kannada
kesari hits different slaps,5,good,english
bhai medu vada full mast,4,good,hindi
bhai coffee lajawab,5,good,hindi
mess alli soup maja bandide,5,good,kannada
full poori full sakkath bro,4,good,kannada
tried pakoda and it was slaps,5,good,english
manchurian tinda mele waste piece,2,bad,kannada
aloo paratha skip karo ghatiya si hai,1,bad,punjabi
pulao ella illa guru,2,bad,kannada
bhai seriously maggi taste zero,1,bad,punjabi
pav bhaji hits different no cap good,5,good,english
cutlet khake perfect tha feel aaya,5,good,hindi
yaar burger ekdum zabardast si si,4,good,punjabi
vada pav try chesthe tasty ga undi,5,good,telugu
bhai masoor dal daab aa gayi hai,4,good,punjabi
puttu pani pattadu undi bro,2,bad,telugu
puttu skip karo zahar hai,1,bad,punjabi
appam paisa barbaad hai bhai,2,bad,hindi
kesari ghatiya si hai yaar,2,bad,punjabi
mess ch soup solid taste si,5,good,punjabi
yo chai was straight up no cap good,5,good,english
bhajji khake ulti aa gayi feel,1,bad,hindi
ninna bajji tinte baga tasty anipinchindi,5,good,telugu
tried uppit regret straight garbage,2,bad,english
bhai appam bahut tasty,5,good,hindi
bonda try chesthe mast undi,5,good,telugu
ninna pulao tinte tasty ga undi anipinchindi,5,good,telugu
bro lassi was straight garbage,1,bad,english
bhai toast bahut tasty,4,good,hindi
tried pav bhaji and it was absolutely fire,5,good,english
bruh aloo paratha mast undi,5,good,telugu
yaar gobi paratha ekdum zabardast si si,4,good,punjabi
yaar burger ekdum zabardast si si,5,good,punjabi
yo sandwich was straight up top tier,4,good,english
bh sheera lajawab,5,good,hindi
seriously coffee baledu bro,2,bad,telugu
tried bonda and it was absolutely fire,4,good,english
bhai seriously appam ghatiya si,1,bad,punjabi
mess medu vada is slaps,5,good,english
mess poori is slaps,5,good,english
seriously maggi mood off,1,bad,telugu
sheera bilkul ghatiya hai bhai,1,bad,hindi
seriously bro maggi bekagilla,2,bad,kannada
mess mein soup ekdum zabardast tha,5,good,hindi
mess alli maggi maja bandide,4,good,kannada
seriously bro pulao disgusting aithu,1,bad,kannada
medu vada tini tarvata feel mast undi,5,good,telugu
bro halwa was mid,1,bad,english
seriously pizza khali waste,1,bad,telugu
bhai seriously fried rice mood kharab ho gayi,2,bad,punjabi
soup dizgusting aithu guru,2,bad,kannada
mess sheera khali waste,1,bad,telugu
sandwich khake bohot kharab feel,1,bad,hindi
tadka dal mat khao paisa barbaad hai,1,bad,hindi
gobi paratha try karo lajawab hai,5,good,hindi
full toor dal super aithu bro,4,good,kannada
toor dal khake kamaal feel hoya,5,good,punjabi
gobi paratha tini tarvata khali waste,1,bad,telugu
mess dhokla baledu bro,2,bad,telugu
poori khana hi nahi hai bhai,1,bad,hindi
seriously toor dal taste leka,1,bad,telugu
gulab jamun faltu hai yaar,1,bad,punjabi
dal fry tinda mele perfect feel aaithu,5,good,kannada
mess boiled egg full taste illa bro,2,bad,kannada
seriously bro manchurian ella illa,2,bad,kannada
coffee try chesthe superb ga undi,5,good,telugu
dal fry try karo full mast,4,good,punjabi
full aloo paratha tasty bandu bro,4,good,kannada
nah pulao is mid,1,bad,english
kachori try cheyakandi khali waste,1,bad,telugu
bhai seriously maggi faltu,1,bad,punjabi
seriously bro chai ella illa,3,bad,kannada
poori waste piece guru,3,bad,kannada
cutlet khake perfect tha feel aaya,4,good,hindi
bro poori full sakkath aithu,5,good,kannada
tried dhokla regret disgusting af,2,bad,english
mess ch sheera daab aa gayi si,5,good,punjabi
vada pav skip maadi taste illa bro,2,bad,kannada
pav bhaji skip karo taste zero hai,1,bad,punjabi
bro jalebi was disgusting af,1,bad,english
soup tinda mele maja bandide feel aaithu,5,good,kannada
tried dal fry and it was bussin,5,good,english
nah rasgulla is mid,2,bad,english
mess mein boiled egg bahut tasty tha,5,good,hindi
lassi ella illa guru,1,bad,kannada
bajji tinda mele waste piece,3,bad,kannada
bhai seriously vada pav na khao,2,bad,punjabi
yo gulab jamun was straight up bussin,5,good,english
medu vada bekagilla guru,2,bad,kannada
sandwich try karo ekdum perfect,4,good,punjabi
rasgulla khake mood kharab ho gayi feel,2,bad,punjabi
bruh kachori was l food,2,bad,english
bonda khake taste zero feel,3,bad,punjabi
manchurian try madi super aithu,4,good,kannada
bhai seriously rasgulla mood kharab ho gayi,2,bad,punjabi
pulao khake khana hi nahi feel,2,bad,hindi
medu vada khake kamaal feel hoya,4,good,punjabi
toor dal mood kharab ho gayi hai yaar,2,bad,punjabi
tried sheera regret trash,2,bad,english
samosa try chesthe tasty ga undi,4,good,telugu
medu vada hits different slaps,5,good,english
bhajji try madi tasty bandu,4,good,kannada
bhai dhokla lajawab si hai,5,good,punjabi
bro scrambled egg yummy aithu,5,good,kannada
bhai gulab jamun perfect tha,5,good,hindi
mess ch burger zabardast si si,5,good,punjabi
boiled egg regret hai bhai,1,bad,hindi
mess gobi paratha is bussin,5,good,english
yo tadka dal was straight up slaps,4,good,english
mess ka pakoda bilkul ghatiya,1,bad,hindi
bh uppit perfect tha,5,good,hindi
bhajji skip maadi ella illa,1,bad,kannada
mess ka halwa khana hi nahi,1,bad,hindi
medu vada tini tarvata feel mast undi,5,good,telugu
bhai burger zabardast si hai,5,good,punjabi
bhai sach mein pongal bohot kharab,1,bad,hindi
dal fry is straight trash,2,bad,english
dhokla try karo daab aa gayi,5,good,punjabi
ninna medu vada tinte baga tasty anipinchindi,4,good,telugu
seriously bonda baledu bro,1,bad,telugu
bro tadka dal was disgusting af,1,bad,english
mess lo momos full enjoy undi,5,good,telugu
bhai sach mein rasgulla bohot kharab,1,bad,hindi
seriously uppit pani pattadu,2,bad,telugu
mess alli puttu perfect,5,good,kannada
puttu try madi maja bandide,5,good,kannada
dal fry hits different crazy good,5,good,english
toast hits different crazy good,5,good,english
tried pav bhaji regret zero stars,2,bad,english
mess mein coffee ekdum zabardast tha,4,good,hindi
gulab jamun khake taste zero feel,1,bad,punjabi
bro boiled egg was mid,1,bad,english
yo bajji was straight up absolutely fire,5,good,english
puttu mat khao bilkul ghatiya hai,3,bad,hindi
chana dal mat khao bewakoof banaya hai,3,bad,hindi
bhai sach mein gulab jamun bilkul ghatiya,2,bad,hindi
yaar maggi to ekdum ekdum zabardast,5,good,hindi
mess ch boiled egg full mast si,5,good,punjabi
chana dal skip karo taste zero hai,1,bad,punjabi
mess mein samosa full mast tha,4,good,hindi
uppit hits different slaps,4,good,english
maggi ghatiya si hai yaar,1,bad,punjabi
soup ghatiya si hai yaar,1,bad,punjabi
sheera try karo full mast hai,4,good,hindi
mess poori full kemp agide,1,bad,kannada
yaar kesari to ekdum full mast,5,good,hindi
seriously pongal pani pattadu,1,bad,telugu
seriously manchurian taste leka,1,bad,telugu
bhai jalebi kamaal hai,5,good,punjabi
yo manchurian was straight up crazy good,5,good,english
mess ch omelette lajawab si si,5,good,punjabi
bro the pulao was crazy good,4,good,english
mess alli chana dal full sakkath,4,good,kannada
toor dal khake lajawab si feel hoya,5,good,punjabi
bhai sach mein omelette ulti aa gayi,1,bad,hindi
mess ch pongal ekdum perfect si,5,good,punjabi
mess appam is crazy good,5,good,english
appam skip maadi mood spoil,1,bad,kannada
mess bhel puri is legendary,5,good,english
cutlet tini tarvata feel baga tasty,5,good,telugu
tadka dal tinda mele kemp agide,1,bad,kannada
aloo paratha try chesthe mast undi,4,good,telugu
bhai jalebi zabardast si hai,5,good,punjabi
pulao try cheyakandi disgusting,2,bad,telugu
bhai seriously gulab jamun ghatiya si,1,bad,punjabi
nah chai is l food,2,bad,english
mess ch gulab jamun lajawab si si,5,good,punjabi
omelette khake regret ho reha feel,2,bad,punjabi
momos khake ekdum zabardast feel aaya,5,good,hindi
mess pizza is slaps,4,good,english
mess alli boiled egg maja bandide,5,good,kannada
toast khake bohot kharab feel,1,bad,hindi
pav bhaji try karo ekdum perfect,5,good,punjabi
mess mein pulao perfect tha tha,4,good,hindi
nah bhel puri is ruined my day,2,bad,english
noodles try cheyakandi pani pattadu,3,bad,telugu
pongal is straight straight garbage,2,bad,english
gobi paratha mat khao bilkul ghatiya h,2,bad,hindi
samosa try karo kamaal ka hai,4,good,hindi
mess bhajji is absolutely fire,4,good,english
seriously bro vada pav disgusting aithu,1,bad,kannada
pongal regret hai bhai,1,bad,hindi
bhai sach mein sheera khana hi nahi,1,bad,hindi
sandwich mood spoil guru,1,bad,kannada
mess lo tadka dal perfect ga undi undi,5,good,telugu
mess ka dhokla bohot kharab,1,bad,hindi
bro coffee maja bandide aithu,5,good,kannada
pulao khake ekdum zabardast feel aaya,5,good,hindi
sandwich try karo kamaal ka hai,5,good,hindi
tried aloo paratha and it was legendary,4,good,english
mess da dal fry taste zero,1,bad,punjabi
kesari try karo ekdum zabardast hai,4,good,hindi
gulab jamun skip maadi dizgusting aithu,2,bad,kannada
seriously bro halwa ella illa,2,bad,kannada
tried poori and it was absolutely fire,4,good,english
mess ka burger bewakoof banaya,2,bad,hindi
yo noodles was straight up fire,4,good,english
yo halwa was straight up top tier,5,good,english
omelette bilkul ghatiya hai bhai,1,bad,hindi
manchurian is straight ruined my day,3,bad,english
fried rice khake bohot kharab feel,1,bad,hindi
ninna bhel puri tinte full enjoy anipinchindi,5,good,telugu
pasta try chesthe perfect ga undi,5,good,telugu
tried toor dal and it was absolutely fire,5,good,english
bhajji skip karo na khao hai,1,bad,punjabi
bhai sach mein vada pav paiza barbaad,1,bad,hindi
fried rice mat khao bilkul ghatiya hai,2,bad,hindi
yaar kachori ekdum ekdum perfect si,4,good,punjabi
nah uppit is mid,1,bad,english
mess aloo paratha lowkey l food,1,bad,english
mess lo chana dal superb ga undi undi,5,good,telugu
tried coffee and it was absolutely fire,4,good,english
bhai cutlet ekdum zabardast,4,good,hindi
seriously bro kesari kemp agide,1,bad,kannada
moong dal tini tarvata khali waste,1,bad,telugu
seriously dhokla disgusting,2,bad,telugu
bonda tini tarvata feel perfect ga undi,4,good,telugu
bajji khake kamaal ka feel aaya,4,good,hindi
mess ka sandwich paiza barbaad,3,bad,hindi
sandwich na khao hai yaar,1,bad,punjabi
bro pongal was mid,1,bad,english
scrambled egg skip maadi disgusting aithu,2,bad,kannada
tried rasgulla and it was legendary,5,good,english
mess alli samosa super aithu,5,good,kannada
medu vada khake lajawab si feel hoya,5,good,punjabi
jalebi try karo zabardast si,4,good,punjabi
mess gulab jamun full mood spoil,2,bad,kannada
full sheera full sakkath bro,4,good,kannada
lassi hits different absolutely fire,5,good,english
soup try cheyakandi disgusting,2,bad,telugu
coffee ghatiya si hai yaar,2,bad,punjabi
bhai sach mein pongal ulti aa gayi,2,bad,hindi
dal fry is straight ruined my day,1,bad,english
soup khake faltu feel,3,bad,punjabi
pongal try madi full sakkath,5,good,kannada
pizza is straight zero stars,1,bad,english
bhai seriously poori faltu,2,bad,punjabi
yo lassi was straight up bussin,4,good,english
mess lo medu vada baga tasty undi,5,good,telugu
bonda tinda mele waste piece,3,bad,kannada
seriously bruh noodles kemp agide,1,bad,kannada
mess masoor dal full mood spoil,2,bad,kannada
bro masoor dal super aithu aithu,5,good,kannada
mess burger is absolutely fire,4,good,english
pongal hits different crazy good,5,good,english
yo halwa was straight up crazy good,4,good,english
dal fry is straight disgusting af,2,bad,english
yaar sandwich ekdum full mast si,4,good,punjabi
mess ch pongal full mast si,5,good,punjabi
pizza khake regret ho reha feel,1,bad,punjabi
mess coffee full bekagilla,2,bad,kannada
bro manchurian was ruined my day,1,bad,english
mess scrambled egg lowkey ruined my day,2,bad,english
bhai chana dal kamaal ka,5,good,hindi
toast hits different absolutely fire,4,good,english
seriously bro dal fry waste piece,2,bad,kannada
mess ch jalebi solid taste si,5,good,punjabi
appam khake bilkul ghatiya feel,2,bad,hindi
bruh pongal was zero stars,1,bad,english
mess rasgulla lowkey l food,1,bad,english
bro pakoda was trash,1,bad,english
bruh gulab jamun was L food,3,bad,english
mess pasta full ella illa,3,bad,kannada
cutlet try chesthe tasty ga undi,5,good,telugu
bro lassi superb ga undi,4,good,telugu
bonda khake full mast feel aaya,5,good,hindi
rasgulla mat khao khana hi nahi hai,1,bad,hindi
mess soup iz slaps,5,good,english
bro pakoda was trash,1,bad,english
bro sandwich super aithu aithu,4,good,kannada
halwa try karo lajawab si,4,good,punjabi
bruh burger was trash,2,bad,english
manchurian khake ulti aa gayi feel,1,bad,hindi
puttu tinda mele nalla aithu feel aaithu,5,good,kannada
bhel puri khake daab aa gayi feel hoya,4,good,punjabi
mess gobi paratha full waste piece,1,bad,kannada
samosa tinda mele mood spoil,1,bad,kannada
dal fry skip maadi kemp agide,2,bad,kannada
bro sandwich full enjoy,4,good,telugu
chana dal try cheyakandi baledu bro,1,bad,telugu
yo bhajji was straight up legendary,5,good,english
mess toor dal lowkey disgusting af,1,bad,english
mess ka pongal paisa barbaad,2,bad,hindi
mess ka kachori ulti aa gayi,2,bad,hindi
bhajji try cheyakandi khali waste,1,bad,telugu
pav bhaji skip karo regret ho reha hai,1,bad,punjabi
mess lo tadka dal manchi undi,5,good,telugu
bro the maggi was fire,4,good,english
mess rasgulla lowkey l food,1,bad,english
samosa try cheyakandi eat cheyaleka,1,bad,telugu
mess medu vada full taste illa bro,2,bad,kannada
nah uppit is mid,2,bad,english
gobi paratha skip karo taste zero hai,1,bad,punjabi
yaar pav bhaji to ekdum perfect tha,5,good,hindi
mess alli burger tasty bandu,5,good,kannada
moong dal try madi maja bandide,4,good,kannada
pongal is straight mid,2,bad,english
mess lassi lowkey dizgusting af,1,bad,english
omelette tini tarvata feel baga tasty,5,good,telugu
boiled egg tini tarvata eat cheyaleka,2,bad,telugu
ninna fried rice tinte mast undi anipinchindi,5,good,telugu
mess kesari is legendary,5,good,english
aloo paratha khake bewakoof banaya feel,1,bad,hindi
yo masoor dal was straight up slaps,4,good,english
mess lassi full ella illa,2,bad,kannada
puttu tini tarvata eat cheyaleka,1,bad,telugu
seriously bro maggi waste piece,3,bad,kannada
bhai pakoda perfect tha,4,good,hindi
bhai rasgulla zabardast si hai,5,good,punjabi
mess masoor dal full disgusting aithu,1,bad,kannada
nah moong dal iz trash,2,bad,english
dal fry try karo ekdum zabardast hai,5,good,hindi
coffee skip karo regret ho reha hai,1,bad,punjabi
seriously vada pav pani pattadu,3,bad,telugu
seriously bro noodles disgusting aithu,2,bad,kannada
seriously toor dal mood off,1,bad,telugu
aloo paratha try chesthe superb ga undi,5,good,telugu
coffee bekagilla guru,1,bad,kannada
sheera mat khao khana hi nahi h,2,bad,hindi
tried gulab jamun and it was legendary,4,good,english
bro poori tasty bandu aithu,5,good,kannada
mess da moong dal ghatiya si,2,bad,punjabi
yo boiled egg was straight up bussin,5,good,english
poori tini tarvata feel mast undi,5,good,telugu
ninna bajji tinte mast undi anipinchindi,4,good,telugu
fried rice tini tarvata pani pattadu,3,bad,telugu
poori try karo kamaal,5,good,punjabi
bro bhel puri was zero stars,1,bad,english
mess ch soup daab aa gayi si,5,good,punjabi
kesari tini tarvata feel baga tasty,5,good,telugu
sandwich khake taste zero feel,2,bad,punjabi
bro lassi nalla aithu aithu,4,good,kannada
cutlet tini tarvata feel perfect ga undi,5,good,telugu
bhai maggi zabardast si hai,5,good,punjabi
tried manchurian regret mid,2,bad,english
halwa try chesthe baga tasty,5,good,telugu
bro medu vada was zero stars,1,bad,english
burger try karo full mast,4,good,punjabi
uppit try cheyakandi khali waste,2,bad,telugu
mess ch momos lajawab si si,5,good,punjabi
mess da sheera faltu,2,bad,punjabi
bro jalebi manchi,5,good,telugu
full gobi paratha super aithu bro,4,good,kannada
dhokla bohot kharab hai bhai,1,bad,hindi
tried pasta regret mid,3,bad,english
seriously sandwich khali waste,3,bad,telugu
bhai sach mein uppit bohot kharab,1,bad,hindi
yo chana dal was straight up no cap good,5,good,english
pasta try karo zabardast si,5,good,punjabi
bro gulab jamun baga tasty,4,good,telugu
bh seriously vada pav mood kharab ho gayi,2,bad,punjabi
vada pav try karo solid taste,5,good,punjabi
nah pakoda is zero stars,1,bad,english
mess poori is legendary,4,good,english
pasta khake lajawab feel aaya,4,good,hindi
burger try karo ekdum perfect,5,good,punjabi
mess alli scrambled egg maja bandide,5,good,kannada
seriously vada pav disgusting,1,bad,telugu
lassi mat khao bewakoof banaya hai,1,bad,hindi
yaar pulao ekdum solid taste si,5,good,punjabi
nah chai is disgusting af,2,bad,english
tried pulao and it was no cap good,5,good,english
nah pulao is zero stars,1,bad,english
yaar coffee to ekdum full mast,4,good,hindi
tried poori regret straight garbage,1,bad,english
fried rice regret hai bhai,1,bad,hindi
seriously bro bajji ella illa,3,bad,kannada
lassi tini tarvata feel mast undi,5,good,telugu
ninna scrambled egg tinte full enjoy anipinchindi,5,good,telugu
bhai fried rice ekdum perfect hai,5,good,punjabi
coffee taste zero hai yaar,1,bad,punjabi
bro the fried rice was fire,5,good,english
tried maggi and it was bussin,4,good,english
mess alli manchurian tasty bandu,4,good,kannada
gulab jamun tini tarvata feel baga tasty,4,good,telugu
samosa tini tarvata baledu bro,3,bad,telugu
mess samosa is lit,4,good,english
fried rice waste piece guru,1,bad,kannada
yo manchurian was straight up absolutely fire,4,good,english
kachori khake kamaal ka feel aaya,4,good,hindi
bro scrambled egg full enjoy,5,good,telugu
yaar rasgulla ekdum ekdum perfect si,5,good,punjabi
kachori try madi nalla aithu,5,good,kannada
mess mein dhokla perfect tha tha,5,good,hindi
jalebi khake faltu feel,2,bad,punjabi
mess pasta pani pattadu,1,bad,telugu
puttu kemp agide guru,2,bad,kannada
ninna samosa tinte mast undi anipinchindi,4,good,telugu
mess da pizza na khao,2,bad,punjabi
cutlet skip karo faltu hai,2,bad,punjabi
bro momos perfect ga undi,5,good,telugu
yaar dhokla to ekdum lajawab,5,good,hindi
sandwich bohot kharab hai bhai,1,bad,hindi
momos mat khao paisa barbaad hai,3,bad,hindi
mess toor dal lowkey disgusting af,2,bad,english
mess lo gobi paratha tasty ga undi undi,5,good,telugu
tried medu vada and it was top tier,4,good,english
dhokla skip karo faltu hai,2,bad,punjabi
mess fried rice full waste piece,2,bad,kannada
bhai seriously bajji faltu,2,bad,punjabi
kesari tinda mele super aithu feel aaithu,5,good,kannada
tried maggi and it was slaps,4,good,english
cutlet kemp agide guru,2,bad,kannada
halwa try chesthe perfect ga undi,4,good,telugu
mess pakoda full ella illa,2,bad,kannada
mess mein boiled egg perfect tha tha,5,good,hindi
bhai burger lajawab si hai,4,good,punjabi
mess kesari is bussin,5,good,english
bro uppit superb ga undi,5,good,telugu
medu vada paisa barbaad hai bhai,1,bad,hindi
boiled egg try karo full mast hai,5,good,hindi
manchurian tinda mele waste piece,2,bad,kannada
bro scrambled egg full sakkath aithu,5,good,kannada
lassi try cheyakandi mood off,1,bad,telugu
ninna toor dal tinte baga tasty anipinchindi,5,good,telugu
ninna tadka dal tinte full enjoy anipinchindi,5,good,telugu
manchurian kemp agide guru,1,bad,kannada
mess burger lowkey trash,2,bad,english
bro moong dal perfect ga undi,4,good,telugu
dhokla is straight mid,1,bad,english
bro the soup was top tier,5,good,english
mess mein noodles bahut tasty tha,5,good,hindi
vada pav hits different crazy good,5,good,english
mess ka halwa bohot kharab,1,bad,hindi
chai try karo zabardast si,5,good,punjabi
seriously gobi paratha taste leka,2,bad,telugu
yaar scrambled egg to ekdum perfect tha,5,good,hindi
manchurian khake mood kharab ho gayi feel,1,bad,punjabi
dal fry try madi yummy,5,good,kannada
gulab jamun mood off undi bro,2,bad,telugu
pulao khake faltu feel,2,bad,punjabi
scrambled egg bilkul ghatiya h bh,1,bad,hindi
bhel puri regret ho reha hai yaar,2,bad,punjabi
yaar cutlet ekdum daab aa gayi si,5,good,punjabi
mess da vada pav zahar,2,bad,punjabi
jalebi tini tarvata baledu bro,2,bad,telugu
seriously pulao pani pattadu,1,bad,telugu
mess pakoda full bekagilla,1,bad,kannada
ninna tadka dal tinte full enjoy anipinchindi,5,good,telugu
fried rice tini tarvata feel baga tasty,5,good,telugu
bhajji try cheyakandi eat cheyaleka,2,bad,telugu
uppit tinda mele kemp agide,2,bad,kannada
bhai sach mein toor dal bilkul ghatiya,1,bad,hindi
bhai seriously dal fry ghatiya si,1,bad,punjabi
seriously vada pav khali waste,1,bad,telugu
mess lo medu vada baga tasty undi,4,good,telugu
pasta try karo ekdum perfect,4,good,punjabi
mess da soup regret ho reha,1,bad,punjabi
pakoda skip karo zahar hai,3,bad,punjabi
mess manchurian pani pattadu,1,bad,telugu
sandwich try madi full sakkath,5,good,kannada
chai ella illa guru,3,bad,kannada
yaar jalebi to ekdum maja aa gaya full,4,good,hindi
yo dal fry was straight up lit,5,good,english
bhai seriously lassi regret ho reha,2,bad,punjabi
yaar manchurian ekdum lajawab si si,4,good,punjabi
seriously bro maggi bekagilla,1,bad,kannada
jalebi try karo full mast,4,good,punjabi
toast try cheyakandi khali waste,2,bad,telugu
bhai sach mein pongal khana hi nahi,2,bad,hindi
bruh maggi was mid,1,bad,english
mess mein sandwich kamaal ka tha,5,good,hindi
boiled egg tini tarvata feel perfect ga undi,5,good,telugu
mess ka momos bewakoof banaya,2,bad,hindi
mess chai full kemp agide,3,bad,kannada
bhai sach mein rasgulla paiza barbaad,1,bad,hindi
gobi paratha zahar hai yaar,2,bad,punjabi
kesari zahar hai yaar,2,bad,punjabi
mess ka pasta bewakoof banaya,3,bad,hindi
uppit skip maadi ella illa,2,bad,kannada
bro sandwich nalla aithu aithu,5,good,kannada
masoor dal zahar hai yaar,1,bad,punjabi
bro samosa tasty bandu aithu,5,good,kannada
mess lo dal fry superb ga undi undi,5,good,telugu
mess pongal is slaps,4,good,english
bro pakoda yummy aithu,5,good,kannada
mess da halwa faltu,2,bad,punjabi
sheera khana hi nahi hai bhai,1,bad,hindi
yaar bajji ekdum kamaal si,4,good,punjabi
bro pasta was L food,2,bad,english
mess da toor dal taste zero,2,bad,punjabi
kesari bilkul ghatiya hai bhai,2,bad,hindi
pakoda try madi super aithu,5,good,kannada
bhai sach mein dal fry khana hi nahi,1,bad,hindi
bhai seriously pulao faltu,2,bad,punjabi
mess medu vada full bekagilla,1,bad,kannada
pav bhaji try madi tasty bandu,5,good,kannada
pongal khake maja aa gaya full feel aaya,5,good,hindi
bhai seriously pulao mood kharab ho gayi,1,bad,punjabi
yaar toast ekdum full mast si,4,good,punjabi
mess alli sheera perfect,5,good,kannada
pav bhaji skip maadi mood spoil,1,bad,kannada
bhajji try cheyakandi khali waste,1,bad,telugu
nah coffee is L food,2,bad,english
medu vada khake zahar feel,1,bad,punjabi
bro soup perfect aithu,5,good,kannada
tried toast regret mid,1,bad,english
pakoda skip maadi mood spoil,2,bad,kannada
mess da kesari taste zero,1,bad,punjabi
mess momos pani pattadu,1,bad,telugu
gulab jamun bilkul ghatiya hai bhai,2,bad,hindi
yo jalebi was straight up legendary,4,good,english
bro the poori was legendary,4,good,english
medu vada try madi nalla aithu,5,good,kannada
soup pani pattadu undi bro,2,bad,telugu
dhokla try karo daab aa gayi,4,good,punjabi
mess pongal is fire,5,good,english
dhokla try karo kamaal ka hai,4,good,hindi
uppit try chesthe mast undi,5,good,telugu
full gulab jamun perfect bro,5,good,kannada
pasta try madi perfect,5,good,kannada
tried burger and it was fire,5,good,english
chai tinda mele mood spoil,1,bad,kannada
masoor dal khake solid taste feel hoya,4,good,punjabi
mess ka manchurian bilkul ghatiya,1,bad,hindi
sheera hits different absolutely fire,4,good,english
aloo paratha mat khao regret hai,1,bad,hindi
pav bhaji skip karo taste zero hai,1,bad,punjabi
bhai seriously pulao zahar,1,bad,punjabi
omelette try madi nalla aithu,4,good,kannada
seriously rasgulla taste leka,3,bad,telugu
bhai chana dal zabardast si hai,5,good,punjabi
momos khana hi nahi hai bhai,2,bad,hindi
mess dhokla mood off,1,bad,telugu
tadka dal tinda mele tasty bandu feel aaithu,5,good,kannada
pasta mat khao bohot kharab hai,2,bad,hindi
gobi paratha skip karo regret ho reha hai,2,bad,punjabi
aloo paratha ghatiya si hai yaar,1,bad,punjabi
omelette try chesda superb ga undi,5,good,telugu
toor dal hits different top tier,5,good,english
seriously kachori pani pattadu,1,bad,telugu
bonda try chesthe mast undi,5,good,telugu
bro pav bhaji superb ga undi,5,good,telugu
kesari try chesda mast undi,5,good,telugu
jalebi khake paisa barbaad feel,1,bad,hindi
seriously bruh bajji bekagilla,2,bad,kannada
jalebi tini tarvata feel mast undi,5,good,telugu
bhel puri tinda mele waste piece,1,bad,kannada
dal fry tinda mele maja bandide feel aaithu,5,good,kannada
nah samosa is not it,2,bad,english
tried pizza and it was lit,5,good,english
puttu baledu bro undi bro,1,bad,telugu
yaar gobi paratha ekdum zabardast si si,5,good,punjabi
manchurian khake solid taste feel hoya,5,good,punjabi
mess maggi taste leka,3,bad,telugu
tried poori regret disgusting af,1,bad,english
pav bhaji tinda mele bekagilla,2,bad,kannada
mess kesari disgusting,1,bad,telugu
uppit try madi super aithu,5,good,kannada
appam try karo daab aa gayi,5,good,punjabi
tried vada pav and it was absolutely fire,4,good,english
pav bhaji tini tarvata feel tasty ga undi,4,good,telugu
ninna sandwich tinte tasty ga undi anipinchindi,4,good,telugu
moong dal mat khao bewakoof banaya hai,1,bad,hindi
full bonda super aithu bro,5,good,kannada
bhai pasta ekdum zabardast,4,good,hindi
appam is straight l food,1,bad,english
boiled egg tinda mele taste illa bro,1,bad,kannada
yaar bhel puri ekdum solid taste si,4,good,punjabi
boiled egg tinda mele nalla aithu feel aaithu,5,good,kannada
mess alli pasta full sakkath,4,good,kannada
yo pasta was straight up top tier,4,good,english
bro fried rice tasty bandu aithu,5,good,kannada
bhai medu vada solid taste hai,5,good,punjabi
bhai sach mein dhokla paisa barbaad,1,bad,hindi
puttu ella illa guru,1,bad,kannada
poori try chesthe tasty ga undi,4,good,telugu
uppit try madi nalla aithu,5,good,kannada
bhai sach mein scrambled egg paisa barbaad,1,bad,hindi
puttu tini tarvata disgusting,3,bad,telugu
scrambled egg tini tarvata eat cheyaleka,2,bad,telugu
mess mein toor dal ekdum zabardast tha,4,good,hindi
mess fried rice full ella illa,2,bad,kannada
bhajji khake regret ho reha feel,2,bad,punjabi
scrambled egg khake ekdum perfect feel hoya,4,good,punjabi
yaar pulao to ekdum bahut tasty,5,good,hindi
mess soup eat cheyaleka,2,bad,telugu
lassi khake faltu feel,1,bad,punjabi
momos pani pattadu undi bro,1,bad,telugu
bro the pongal was fire,5,good,english
soup try chesthe mast undi,5,good,telugu
full pongal nalla aithu bro,5,good,kannada
mess kesari lowkey mid,1,bad,english
mess lassi lowkey straight garbage,2,bad,english
soup is straight ruined my day,2,bad,english
appam skip maadi mood spoil,1,bad,kannada
mess mein appam lajawab tha,5,good,hindi
bro the soup was slaps,5,good,english
yaar pakoda to ekdum kamaal ka,5,good,hindi
gobi paratha try madi perfect,4,good,kannada
bro masoor dal was mid,2,bad,english
mess masoor dal iz fire,5,good,english
bro da momos was crazy good,5,good,english
noodles tinda mele yummy feel aaithu,4,good,kannada
dhokla try karo zabardast si,5,good,punjabi
tadka dal try chesthe superb ga undi,4,good,telugu
bonda tinda mele super aithu feel aaithu,5,good,kannada
moong dal bilkul ghatiya hai bhai,1,bad,hindi
mess lo gulab jamun perfect ga undi undi,4,good,telugu
tried pulao and it was top tier,5,good,english
bhai sach mein boiled egg paiza barbaad,2,bad,hindi
mess alli tadka dal maja bandide,4,good,kannada
masoor dal bohot kharab hai bhai,2,bad,hindi
kesari try karo ekdum zabardast hai,4,good,hindi
pongal khake bewakoof banaya feel,1,bad,hindi
sheera kemp agide guru,1,bad,kannada
mess lo manchurian manchi undi,5,good,telugu
pasta tinda mele tasty bandu feel aaithu,4,good,kannada
yaar chana dal ekdum kamaal si,5,good,punjabi
masoor dal hits different top tier,5,good,english
mess alli fried rice nalla aithu,4,good,kannada
kachori tini tarvata mood off,2,bad,telugu
kesari tinda mele taste illa bro,1,bad,kannada
masoor dal khake regret ho reha feel,3,bad,punjabi
maggi try cheyakandi disgusting,2,bad,telugu
yaar uppit ekdum full mast si,5,good,punjabi
full uppit super aithu bro,5,good,kannada
mess ka bhajji khana hi nahi,1,bad,hindi
lassi try karo zabardast si,5,good,punjabi
bruh da halwa was top tier,5,good,english
seriously sandwich khali waste,1,bad,telugu
kachori khake perfect tha feel aaya,5,good,hindi
nah rasgulla is ruined my day,2,bad,english
mess da medu vada faltu,1,bad,punjabi
tried jalebi and it was top tier,4,good,english
full burger maja bandide bro,5,good,kannada
coffee try karo zabardast si,4,good,punjabi
boiled egg bilkul ghatiya hai bhai,1,bad,hindi
tried masoor dal and it was bussin,5,good,english
gulab jamun khake khana hi nahi feel,1,bad,hindi
pasta mood spoil guru,1,bad,kannada
bhai sach mein pasta ulti aa gayi,1,bad,hindi
bhai sach mein soup bewakoof banaya,1,bad,hindi
mess ch rasgulla zabardast si si,4,good,punjabi
pongal tinda mele mood spoil,1,bad,kannada
bhai sach mein boiled egg regret,1,bad,hindi
mess appam lowkey ruined my day,2,bad,english
gulab jamun tini tarvata feel mast undi,5,good,telugu
manchurian khake taste zero feel,1,bad,punjabi
mess lo aloo paratha mast undi undi,4,good,telugu
tried rasgulla regret ruined my day,2,bad,english
chana dal try chesthe manchi,5,good,telugu
momos tinda mele tasty bandu feel aaithu,5,good,kannada
mess alli pulao perfect,5,good,kannada
yo sandwich was straight up crazy good,5,good,english
tried uppit regret ruined my day,1,bad,english
chana dal tinda mele mood spoil,1,bad,kannada
bro the poori was slaps,5,good,english
tried medu vada regret ruined my day,1,bad,english
mess dal fry full disgusting aithu,1,bad,kannada
tried burger and it was crazy good,4,good,english
mess alli samosa nalla aithu,5,good,kannada
kachori try chesthe baga tasty,5,good,telugu
tried burger and it was crazy good,5,good,english
mess ch pav bhaji kamaal si,5,good,punjabi
yaar soup to ekdum lajawab,4,good,hindi
moong dal try madi maja bandide,5,good,kannada
cutlet tinda mele full sakkath feel aaithu,5,good,kannada
puttu tinda mele kemp agide,2,bad,kannada
mess ch medu vada solid taste si,4,good,punjabi
mess noodles lowkey L food,2,bad,english
puttu kemp agide guru,1,bad,kannada
gobi paratha khake lajawab si feel hoya,4,good,punjabi
burger tini tarvata feel full enjoy,5,good,telugu
halwa khake bahut tasty feel aaya,5,good,hindi
gobi paratha tinda mele disgusting aithu,3,bad,kannada
mess ka toast khana hi nahi,2,bad,hindi
maggi tini tarvata feel mast undi,5,good,telugu
boiled egg tinda mele super aithu feel aaithu,5,good,kannada
mess ka tadka dal regret,1,bad,hindi
mess alli cutlet yummy,5,good,kannada
pulao tinda mele waste piece,1,bad,kannada
toor dal tinda mele nalla aithu feel aaithu,4,good,kannada
mess alli pav bhaji maja bandide,5,good,kannada
ninna toast tinte perfect ga undi anipinchindi,5,good,telugu
mess rasgulla disgusting,2,bad,telugu
seriously bro kachori disgusting aithu,1,bad,kannada
tadka dal try cheyakandi disgusting,2,bad,telugu
bhai gulab jamun ekdum perfect hai,4,good,punjabi
bhai seriously tadka dal mood kharab ho gayi,2,bad,punjabi
bh sach mein jalebi paiza barbaad,3,bad,hindi
yo gobi paratha was straight up fire,5,good,english
bajji taste zero hai yaar,1,bad,punjabi
bro vada pav perfect ga undi,5,good,telugu
gulab jamun waste piece guru,3,bad,kannada
mess da dhokla na khao,1,bad,punjabi
medu vada try chesda full enjoy,4,good,telugu
maggi hits different slaps,4,good,english
yo vada pav was straight up bussin,4,good,english
full boiled egg tasty bandu bro,4,good,kannada
mess ch chai ekdum perfect si,5,good,punjabi
bhai seriously aloo paratha faltu,2,bad,punjabi
bhai pasta ekdum zabardast,5,good,hindi
maggi try chesthe perfect ga undi,4,good,telugu
pizza try madi tasty bandu,5,good,kannada
bhai sach mein soup bewakoof banaya,1,bad,hindi
pav bhaji khake solid taste feel hoya,5,good,punjabi
mess gobi paratha is no cap good,4,good,english
bro chai was ruined my day,2,bad,english
bhai gobi paratha bahut tasty,5,good,hindi
mess da soup ghatiya si,2,bad,punjabi
yaar chai ekdum solid taste si,5,good,punjabi
bhai tadka dal daab aa gayi hai,5,good,punjabi
pakoda pani pattadu undi bro,1,bad,telugu
kachori khali waste undi bro,2,bad,telugu
moong dal tini tarvata feel tasty ga undi,4,good,telugu
mess da gobi paratha zahar,2,bad,punjabi
yaar toast ekdum kamaal si,5,good,punjabi
bro the jalebi was legendary,5,good,english
boiled egg try chesthe baga tasty,5,good,telugu
pizza try madi yummy,4,good,kannada
fried rice try madi perfect,5,good,kannada
tried manchurian and it was absolutely fire,5,good,english
mess pav bhaji lowkey straight garbage,2,bad,english
yo cutlet was straight up top tier,5,good,english
bhajji khake full mast feel hoya,5,good,punjabi
full jalebi yummy bro,5,good,kannada
pongal skip karo na khao hai,2,bad,punjabi
masoor dal ella illa guru,1,bad,kannada
full sheera tasty bandu bro,5,good,kannada
mess alli kachori perfect,5,good,kannada
bhai scrambled egg bahut tasty,4,good,hindi
mess cutlet full bekagilla,2,bad,kannada
cutlet khake bohot kharab feel,1,bad,hindi
mess lo chai perfect ga undi undi,5,good,telugu
seriously bruh pizza disgusting aithu,1,bad,kannada
halwa try chesthe tasty ga undi,5,good,telugu
seriously bro bajji bekagilla,1,bad,kannada
bajji khake lajawab feel aaya,5,good,hindi
mess ch omelette full mast si,5,good,punjabi
ninna ch tinte mast undi anipinchindi,4,good,telugu
cutlet try madi yummy,5,good,kannada
mess chana dal khali waste,1,bad,telugu
bro sandwich full enjoy,4,good,telugu
nah momos is l food,1,bad,english
fried rice try karo zabardast si,5,good,punjabi
seriously rasgulla khali waste,1,bad,telugu
coffee hits different no cap good,5,good,english
yaar pulao ekdum full mast si,4,good,punjabi
yaar bonda to ekdum bahut tasty,5,good,hindi
bro omelette full sakkath aithu,5,good,kannada
ninna tadka dal tinte perfect ga undi anipinchindi,5,good,telugu
bhai pongal maja aa gaya full,5,good,hindi
yaar aloo paratha to ekdum full mast,4,good,hindi
seriously jalebi disgusting,1,bad,telugu
seriously bro halwa disgusting aithu,2,bad,kannada
toor dal hits different slaps,4,good,english
mess lo pasta full enjoy undi,5,good,telugu
momos tinda mele yummy feel aaithu,5,good,kannada
bro bajji was zero stars,2,bad,english
seriously chana dal pani pattadu,2,bad,telugu
full pongal maja bandide bruh,5,good,kannada
bhai halwa kamaal ka,5,good,hindi
bro pongal nalla aithu aithu,4,good,kannada
dhokla try karo kamaal ka hai,5,good,hindi
nah bhel puri is disgusting af,2,bad,english
bhai samosa zabardast si hai,5,good,punjabi
bhai dhokla full mast,5,good,hindi
yaar boiled egg ekdum kamaal si,4,good,punjabi
uppit mood kharab ho gayi hai yaar,1,bad,punjabi
momos taste leka undi bruh,1,bad,telugu
tried poori and it was top tier,5,good,english
masoor dal tini tarvata eat cheyaleka,1,bad,telugu
toor dal taste illa bro guru,3,bad,kannada
samosa taste illa bro guru,2,bad,kannada
full gulab jamun nalla aithu bro,5,good,kannada
yaar pizza to ekdum bahut tasty,5,good,hindi
appam khake daab aa gayi feel hoya,5,good,punjabi
puttu is straight trash,1,bad,english
moong dal kemp agide guru,1,bad,kannada
pav bhaji khake ekdum perfect feel hoya,5,good,punjabi
bro kachori baga tasty,5,good,telugu
bro halwa was zero stars,2,bad,english
mess ch medu vada zabardast si si,5,good,punjabi
toast khake mood kharab ho gayi feel,3,bad,punjabi
mess puttu lowkey trash,1,bad,english
rasgulla mat khao bilkul ghatiya hai,2,bad,hindi
pasta mat khao bilkul ghatiya hai,2,bad,hindi
mess dhokla is slaps,4,good,english
tadka dal try cheyakandi khali waste,2,bad,telugu
seriously poori eat cheyaleka,2,bad,telugu
bajji bilkul ghatiya hai bhai,2,bad,hindi
mess mein sheera maja aa gaya full tha,4,good,hindi
mess ka pongal khana hi nahi,2,bad,hindi
bhai seriously gulab jamun na khao,2,bad,punjabi
sandwich khake bilkul ghatiya feel,1,bad,hindi
aloo paratha khali waste undi bro,1,bad,telugu
moong dal taste zero hai yaar,1,bad,punjabi
bhai seriously dal fry regret ho reha,2,bad,punjabi
tadka dal tinda mele disgusting aithu,1,bad,kannada
mess rasgulla lowkey trash,2,bad,english
bhai sandwich lajawab si hai,5,good,punjabi
pakoda baledu bro undi bro,1,bad,telugu
cutlet is straight disgusting af,2,bad,english
mess tadka dal lowkey not it,2,bad,english
mess pulao full kemp agide,1,bad,kannada
sandwich skip maadi taste illa bro,2,bad,kannada
seriously puttu disgusting,1,bad,telugu
mess jalebi full taste illa bro,3,bad,kannada
coffee bohot kharab hai bhai,1,bad,hindi
bro the medu vada was fire,4,good,english
bhai samosa lajawab,5,good,hindi
pizza skip karo zahar hai,1,bad,punjabi
mess lo vada pav tasty ga undi undi,5,good,telugu
fried rice zahar hai yaar,2,bad,punjabi
scrambled egg tini tarvata disgusting,1,bad,telugu
bhai seriously omelette zahar,1,bad,punjabi
bajji khake bilkul ghatiya feel,1,bad,hindi
noodles skip karo faltu hai,2,bad,punjabi
bro gobi paratha was ruined my day,2,bad,english
toor dal tini tarvata baledu bro,2,bad,telugu
halwa skip maadi ella illa,2,bad,kannada
puttu khake full mast feel aaya,5,good,hindi
tried kesari and it was slaps,5,good,english
soup regret ho reha hai yaar,1,bad,punjabi
mess da medu vada taste zero,2,bad,punjabi
sandwich mat khao bewakoof banaya hai,3,bad,hindi
jalebi taste leka undi bro,3,bad,telugu
mess omelette lowkey zero stars,2,bad,english
bhai seriously bonda faltu,2,bad,punjabi
bhai scrambled egg zabardast si hai,4,good,punjabi
ninna burger tinte full enjoy anipinchindi,5,good,telugu
toor dal try karo full mast hai,5,good,hindi
bhai medu vada bahut tasty,5,good,hindi
uppit disgusting undi bro,2,bad,telugu
bro medu vada perfect aithu,5,good,kannada
poori khali waste undi bro,2,bad,telugu
pav bhaji hits different lit,5,good,english
yo masoor dal was straight up lit,5,good,english
mess toor dal full mood spoil,1,bad,kannada
yaar rasgulla ekdum full mast si,5,good,punjabi
mess bhajji eat cheyaleka,2,bad,telugu
yaar uppit ekdum lajawab si si,5,good,punjabi
pasta bohot kharab hai bhai,2,bad,hindi
seriously medu vada baledu bro,1,bad,telugu
poori mood spoil guru,1,bad,kannada
halwa ella illa guru,1,bad,kannada
appam skip karo faltu hai,1,bad,punjabi
burger khake regret feel,1,bad,hindi
samosa try karo perfect tha hai,4,good,hindi
seriously pav bhaji pani pattadu,2,bad,telugu
mess appam is bussin,5,good,english
pakoda hits different crazy good,5,good,english
tadka dal tinda mele mood spoil,1,bad,kannada
pulao try madi super aithu,5,good,kannada
bro chana dal maja bandide aithu,4,good,kannada
nah poori is zero stars,2,bad,english
full toor dal maja bandide bro,4,good,kannada
mess ka omelette paiza barbaad,2,bad,hindi
seriously bro jalebi kemp agide,1,bad,kannada
bhai sach mein sheera ulti aa gayi,1,bad,hindi
tried cutlet and it was legendary,4,good,english
boiled egg khake maja aa gaya full feel aaya,4,good,hindi
seriously coffee khali waste,1,bad,telugu
bhai seriously chai faltu,2,bad,punjabi
gobi paratha try karo lajawab si,4,good,punjabi
bhai pizza kamaal hai,4,good,punjabi
bro bajji maja bandide aithu,5,good,kannada
soup is straight disgusting af,1,bad,english
scrambled egg try karo ekdum zabardast hai,5,good,hindi
lassi khake kamaal feel hoya,4,good,punjabi
bruh burger yummy aithu,5,good,kannada
mess fried rice lowkey zero stars,1,bad,english
mess medu vada disgusting,1,bad,telugu
mess ka gulab jamun ulti aa gayi,1,bad,hindi
omelette try karo zabardast si,5,good,punjabi
pasta khake regret feel,2,bad,hindi
pizza tini tarvata disgusting,1,bad,telugu
maggi try karo ekdum zabardast hai,5,good,hindi
bhel puri khake kamaal feel hoya,4,good,punjabi
mess lo medu vada perfect ga undi undi,5,good,telugu
full masoor dal full sakkath bro,4,good,kannada
halwa taste zero hai yaar,1,bad,punjabi
bh seriously aloo paratha ghatiya si,2,bad,punjabi
mess alli lassi maja bandide,4,good,kannada
nah rasgulla is straight garbage,1,bad,english
seriously dhokla baledu bro,1,bad,telugu
vada pav khake full mast feel hoya,5,good,punjabi
ninna poori tinte full enjoy anipinchindi,5,good,telugu
full momos perfect bro,5,good,kannada
pav bhaji khake full mast feel hoya,5,good,punjabi
bhai pakoda daab aa gayi hai,5,good,punjabi
mess pav bhaji full taste illa bro,1,bad,kannada
bajji try karo kamaal ka h,5,good,hindi
mess da pongal faltu,2,bad,punjabi
chana dal try karo perfect tha h,5,good,hindi
pulao mat khao ulti aa gayi hai,1,bad,hindi
yo scrambled egg was straight up slaps,5,good,english
mess mein scrambled egg full mast tha,4,good,hindi
gobi paratha tini tarvata feel superb ga undi,5,good,telugu
mess pav bhaji is fire,5,good,english
mess pulao full waste piece,1,bad,kannada
bhai seriously kachori regret ho reha,1,bad,punjabi
yaar pakoda to ekdum kamaal ka,4,good,hindi
bhai vada pav lajawab,5,good,hindi
pulao khake bahut tasty feel aaya,4,good,hindi
sheera faltu hai yaar,1,bad,punjabi
rasgulla faltu hai yaar,1,bad,punjabi
chai try karo ekdum perfect,5,good,punjabi
mess jalebi lowkey straight garbage,1,bad,english
moong dal try karo ekdum perfect,5,good,punjabi
fried rice regret hai bhai,3,bad,hindi
chana dal try karo kamaal ka hai,4,good,hindi
manchurian eat cheyaleka undi bro,3,bad,telugu
bhai sach mein burger bohot kharab,1,bad,hindi
dal fry eat cheyaleka undi bro,1,bad,telugu
yo gobi paratha was straight up crazy good,5,good,english
puttu try cheyakandi disgusting,1,bad,telugu
bhai bajji perfect tha,4,good,hindi
mess alli puttu tasty bandu,5,good,kannada
