review,rating,sentiment,language
chicken kha ke mood kharab.,1,bad,hindi
da quality was op.,5,good,english
roti asalu baledu.,2,bad,telugu
biryani bahut kharaab hai.,2,bad,hindi
puri tumba keka.,5,good,kannada
khana bekaar lagya.,1,bad,punjabi
dinner bahut vadiya hai.,5,good,punjabi
dal makhani bahut awesome hai.,4,good,hindi
salad chala kirrak.,4,good,telugu
chole full sakath.,4,good,kannada
pulao kha ke maza aa gaya.,4,good,hindi
upma kettadagide.,2,bad,kannada
idli bahut waste hai.,3,bad,hindi
mushroom masala pura ghaint hai.,5,good,punjabi
puri pura changa hai.,5,good,punjabi
lunch excellent ga undi.,5,good,telugu
dessert ganda hai.,1,bad,punjabi
upma kha ke maza aa gaya.,4,good,hindi
rajma was absolutely worst.,1,bad,english
uttapam bahut waste hai.,1,bad,hindi
mixed veg kha ke mood kharab.,2,bad,hindi
dosa jhakaas hai.,5,good,hindi
breakfast was absolutely terrible.,1,bad,english
salad was absolutely gross.,3,bad,english
bhojanam kirrak.,5,good,telugu
palak paneer baledu.,1,bad,telugu
biryani was absolutely disgusting.,3,bad,english
egg curry bahut badhiya hai.,5,good,hindi
mixed veg matram adhurs.,5,good,telugu
poha pura changa hai.,5,good,punjabi
roti full bombat.,5,good,kannada
aaj ka puri mood kharab tha.,2,bad,hindi
dal makhani tumba tumba chennagide.,5,good,kannada
meal nodoke kettadagide.,1,bad,kannada
I had a osm paneer.,4,good,english
dal kirrak.,4,good,telugu
puri full sakath.,5,good,kannada
chutney asalu asalu baledu.,2,bad,telugu
aloo gobi bekar lagya.,1,bad,punjabi
breakfast bahut khatam hai.,1,bad,hindi
bhojanam tumba chennagilla.,1,bad,kannada
bhojanam chala kirrak.,5,good,telugu
i had a bland mushroom masala.,1,bad,english
roti fuddu lagya.,1,bad,punjabi
paratha is great.,5,good,english
da aloo gobi tasted nice.,5,good,english
sambar jama bakwaas hai.,1,bad,punjabi
Such a lovely chole.,5,good,english
mushroom masala jama bakwaas hai.,1,bad,punjabi
chapati kha ke ghaint feel hoya.,5,good,punjabi
Ivattu baingan bharta chennagilla.,1,bad,kannada
The service was tasty.,4,good,english
aaj khana bekaar si.,2,bad,punjabi
food chala asalu baledu.,1,bad,telugu
curd sari illa.,1,bad,kannada
aaj biryani vadiya si.,5,good,punjabi
such a delicious chicken.,5,good,english
khana bakwaas hai.,1,bad,punjabi
dal tumba sari illa.,3,bad,kannada
baingan bharta asalu baledu.,1,bad,telugu
chutney nodoke bekar.,1,bad,kannada
chicken kha ke maza aa gaya.,4,good,hindi
dal makhani mazza aa gaya lagya.,4,good,punjabi
Eeroju aloo gobi baledu.,1,bad,telugu
i had a poor sambar.,1,bad,english
paratha is fantastic.,5,good,english
palak paneer full sakath.,5,good,kannada
food bombat.,5,good,kannada
curd kharaab hai.,2,bad,hindi
dal makhani changa lagya.,4,good,punjabi
vada nodoke bombat.,5,good,kannada
butter chicken kharaab hai.,3,bad,hindi
egg curry asalu daridram.,1,bad,telugu
dinner asalu chala baledu.,2,bad,telugu
the dinner tasted superb.,5,good,english
butter chicken full ruchi agide.,5,good,kannada
curd ruchi ledu.,1,bad,telugu
vada nodoke bombat.,5,good,kannada
i had a amazing chole.,5,good,english
khana bahut not good hai.,2,bad,hindi
mixed veg kha ke maza aa gaya.,5,good,hindi
upma bakwaas hai.,1,bad,punjabi
roti kha ke sira feel hoya.,5,good,punjabi
Really fantastic chole.,4,good,english
Eeroju chapati excellent ga undi.,4,good,telugu
"Loved the naan, it ws superb.",5,good,english
really wonderful sambar.,5,good,english
mushroom masala kha ke swaad ni feel hoya.,1,bad,punjabi
curry kha ke mood kharab.,2,bad,hindi
lunch bahut not good hai.,3,bad,hindi
aaj ka meal chii tha.,1,bad,hindi
sabzi was absolutely worst.,1,bad,english
I had a nice sabzi.,4,good,english
I had a perfect service.,4,good,english
aaj naan sira si.,5,good,punjabi
mushroom masala kha ke bekar feel hoya.,1,bad,punjabi
breakfast bekar lagya.,2,bad,punjabi
the staff tasted disgusting.,2,bad,english
soup full bombat.,4,good,kannada
egg curry bahut kharaab hai.,1,bad,hindi
sambar maada lagya.,1,bad,punjabi
"hated da raita, it ws bland.",1,bad,english
sabzi bahut swadisht hai.,5,good,hindi
bhatura nodoke chennagilla.,1,bad,kannada
paratha bahut swadisht hai.,5,good,hindi
curry swaad hai.,5,good,punjabi
aaj ka khichdi zabardast tha.,4,good,hindi
dal makhani ganda hai.,3,bad,punjabi
the upma was pathetic.,1,bad,english
paratha tumba chennagide.,5,good,kannada
biryani ekdum gazab hai.,5,good,hindi
da vibe tasted wonderful.,5,good,english
really amazing roti.,5,good,english
such a gross egg curry.,3,bad,english
food chala chala baledu.,2,bad,telugu
khichdi ganda hai.,1,bad,punjabi
palak paneer kha ke mood kharab.,1,bad,hindi
really nasty fish curry.,1,bad,english
paratha tumba waste.,1,bad,kannada
pickle nodoke worst agide.,1,bad,kannada
dinner ekdum bekaar hai.,1,bad,hindi
khana pura vadiya hai.,5,good,punjabi
pulao vadiya lagya.,5,good,punjabi
paratha sira hai.,5,good,punjabi
idli tinte asalu baledu anipinchindi.,2,bad,telugu
ivattu aloo gobi mast agide.,5,good,kannada
aaj salad bakwaas si.,1,bad,punjabi
naan kha ke mood kharab.,1,bad,hindi
chutney kha ke maza aa gaya.,4,good,hindi
The khana tasted bland.,1,bad,english
pickle changa lagya.,5,good,punjabi
salad bahut bakwas hai.,2,bad,hindi
baingan bharta pura att hai.,4,good,punjabi
paratha full super agide.,5,good,kannada
paratha asalu chala baledu.,1,bad,telugu
sabzi matram baga chesaru.,5,good,telugu
poha bekar lagya.,2,bad,punjabi
chapati was absolutely outstanding.,5,good,english
bhatura mast agide.,4,good,kannada
Eeroju methi paratha excellent ga undi.,4,good,telugu
meal ghaint hai.,5,good,punjabi
curry bekar.,1,bad,kannada
baingan bharta kha ke maada feel hoya.,1,bad,punjabi
The mess tasted wonderful.,4,good,english
dal makhani ruchi ga undi.,5,good,telugu
rice ekdum ghatiya hai.,1,bad,hindi
sabzi bahut awesome hai.,5,good,hindi
rice matram adhurs.,5,good,telugu
eeroju chutney asalu baledu.,1,bad,telugu
Ivattu naan chennagide.,5,good,kannada
khana full sakath.,5,good,kannada
chutney nodoke tumba chennagide.,5,good,kannada
aaj chole bekaar si.,1,bad,punjabi
the salad tasted delicious.,4,good,english
dal makhani bahut khatam hai.,2,bad,hindi
curry chala baledu.,1,bad,telugu
aaj mixed veg bekaar si.,1,bad,punjabi
ivattu food chennagide.,5,good,kannada
rice vadiya hai.,5,good,punjabi
eeroju dal makhani keka.,4,good,telugu
naan nodoke sakath.,4,good,kannada
dosa keka.,5,good,kannada
the khichdi tasted brilliant.,5,good,english
dinner ekdum bekar hai.,1,bad,hindi
food swaad ni hai.,3,bad,punjabi
"Hated the biryani, it was horrible.",1,bad,english
baingan bharta jhakaas hai.,5,good,hindi
khana chala worst ga undi.,1,bad,telugu
meal bahut mast hai.,4,good,hindi
dinner pura att hai.,5,good,punjabi
bhojanam baledu.,1,bad,telugu
meal kha ke maza aa gaya.,5,good,hindi
Ivattu biryani waste.,1,bad,kannada
dosa kha ke changa feel hoya.,4,good,punjabi
oota full thu.,1,bad,kannada
"loved the sabzi, it was lovely.",5,good,english
aaj ka paratha awesome tha.,5,good,hindi
such a bad curry.,2,bad,english
eeroju curd excellent ga undi.,5,good,telugu
chutney matram super.,5,good,telugu
chole was absolutely bland.,2,bad,english
aaj poha sira si.,5,good,punjabi
curry tinte waste anipinchindi.,1,bad,telugu
dosa kha ke att feel hoya.,5,good,punjabi
butter chicken kha ke swaad feel hoya.,5,good,punjabi
rice vadiya lagya.,5,good,punjabi
the quality was worst.,2,bad,english
bhatura bahut ghatiya hai.,1,bad,hindi
butter chicken ekdum bekar hai.,1,bad,hindi
aaj palak paneer mazza aa gaya si.,4,good,punjabi
experience is amazing.,5,good,english
idli chala ruchi ledu.,2,bad,telugu
palak paneer was absolutely unpleasant.,2,bad,english
aaj ka pulao badiya tha.,5,good,hindi
palak paneer full chennagide.,5,good,kannada
dal makhani tinte chandalanga undi anipinchindi.,1,bad,telugu
curd was absolutely amazing.,5,good,english
uttapam kettadagide.,1,bad,kannada
breakfast mazza aa gaya hai.,5,good,punjabi
dinner pura vadiya hai.,5,good,punjabi
biryani pura vadiya hai.,5,good,punjabi
baingan bharta chala chetta.,1,bad,telugu
aloo gobi sakath.,5,good,kannada
pickle full super agide.,4,good,kannada
oota vadiya lagya.,4,good,punjabi
Eeroju rice chandalanga undi.,1,bad,telugu
pulao tumba kettadagide.,2,bad,kannada
paneer was absolutely tasty.,4,good,english
pulao jama khatam hai.,1,bad,punjabi
breakfast nodoke thu.,1,bad,kannada
pulao chala chetta.,1,bad,telugu
salad kha ke bakwaas feel hoya.,2,bad,punjabi
aaj kadai chicken maada si.,1,bad,punjabi
aaj ka chicken lajawab tha.,5,good,hindi
rice tumba sari illa.,2,bad,kannada
lunch bekar.,1,bad,kannada
I had a osm uttapam.,5,good,english
upma baledu.,2,bad,telugu
biryani ekdum bekar hai.,2,bad,hindi
roti ekdum badhiya hai.,5,good,hindi
upma pura bahut vadiya hai.,5,good,punjabi
methi paratha vadiya hai.,5,good,punjabi
salad mazza aa gaya lagya.,5,good,punjabi
"Loved da bhatura, it was tasty.",4,good,english
ivattu food thu.,2,bad,kannada
roti bahut bekaar hai.,1,bad,hindi
Really lovely vada.,4,good,english
mixed veg tumba sari illa.,1,bad,kannada
naan full sari illa.,1,bad,kannada
food chala bagundi.,5,good,telugu
dal makhani full bekar.,1,bad,kannada
aaj ka bhatura badiya tha.,5,good,hindi
kadai chicken asalu worst ga undi.,1,bad,telugu
the bhatura was gross.,1,bad,english
The staff was excellent.,5,good,english
Ivattu paratha super agide.,5,good,kannada
butter chicken chala bagundi.,5,good,telugu
Such a nice lunch.,4,good,english
kadai chicken mast hai.,5,good,hindi
The palak paneer tasted great.,5,good,english
pulao ruchi ga undi.,4,good,telugu
roti worst agide.,3,bad,kannada
dal was absolutely worst.,1,bad,english
mixed veg ganda hai.,2,bad,punjabi
idli swaad lagya.,5,good,punjabi
puri keka.,5,good,telugu
palak paneer kha ke mood kharab.,1,bad,hindi
staff was absolutely brilliant.,4,good,english
puri thu.,2,bad,kannada
"Hated the sambar, it was bad.",3,bad,english
aloo gobi bekar hai.,1,bad,hindi
aaj lunch maada si.,3,bad,punjabi
khana bahut zabardast hai.,4,good,hindi
pulao chala ruchi ledu.,1,bad,telugu
khana super agide.,5,good,kannada
biryani asalu worst ga undi.,2,bad,telugu
chicken kha ke maza aa gaya.,4,good,hindi
Really amazing sabzi.,5,good,english
the aloo gobi tasted fantastic.,5,good,english
khana waste hai.,1,bad,hindi
I had a unpleasant dal.,1,bad,english
aaj palak paneer mazza aa gaya si.,5,good,punjabi
Eeroju pulao daridram.,1,bad,telugu
idli nodoke sari illa.,2,bad,kannada
uttapam chetta.,2,bad,telugu
pulao super.,5,good,telugu
Ivattu pulao ruchi illa.,1,bad,kannada
dal makhani bahut bekar hai.,1,bad,hindi
rice worst agide.,2,bad,kannada
dessert ekdum gazab hai.,5,good,hindi
lunch tumba tumba chennagide.,5,good,kannada
curd bahut not good hai.,1,bad,hindi
uttapam thu.,1,bad,kannada
Eeroju curry waste.,3,bad,telugu
baingan bharta kha ke swaad ni feel hoya.,1,bad,punjabi
Eeroju breakfast super.,4,good,telugu
mushroom masala kha ke bakwaas feel hoya.,3,bad,punjabi
"hated the kadai chicken, it was nasty.",1,bad,english
meal kha ke maada feel hoya.,2,bad,punjabi
methi paratha daridram.,1,bad,telugu
chole kha ke att feel hoya.,5,good,punjabi
mushroom masala kha ke mood kharab.,1,bad,hindi
ivattu pickle chennagide.,4,good,kannada
The palak paneer was amazing.,5,good,english
Eeroju curd chandalanga undi.,1,bad,telugu
bhatura bahut ghatiya hai.,1,bad,hindi
chapati sari illa.,1,bad,kannada
aaj ka aloo gobi mood kharab tha.,2,bad,hindi
pulao pura swaad hai.,5,good,punjabi
chutney chala super.,4,good,telugu
Eeroju aloo gobi kirrak.,4,good,telugu
raita tinte ruchi ledu anipinchindi.,1,bad,telugu
khana is disgusting.,3,bad,english
rice was absolutely great.,5,good,english
The chapati tasted great.,5,good,english
dessert bekar.,2,bad,kannada
aaj ka uttapam swadisht tha.,4,good,hindi
egg curry worst agide.,1,bad,kannada
dal makhani nodoke ruchi illa.,1,bad,kannada
breakfast kha ke sira feel hoya.,5,good,punjabi
poha tumba waste.,1,bad,kannada
aloo gobi nodoke tumba chennagide.,4,good,kannada
uttapam full tumba chennagide.,4,good,kannada
poha ekdum bakwas hai.,2,bad,hindi
vada was absolutely tasteless.,2,bad,english
food is unpleasant.,1,bad,english
raita tinte chala baledu anipinchindi.,2,bad,telugu
I had a osm mixed veg.,5,good,english
fish curry chala chala baledu.,1,bad,telugu
dal makhani nodoke bombat.,4,good,kannada
really fantastic breakfast.,4,good,english
raita nodoke thu.,1,bad,kannada
paratha tinte excellent ga undi anipinchindi.,5,good,telugu
i had a tasteless chole.,1,bad,english
meal bahut bekaar hai.,2,bad,hindi
roti kha ke maada feel hoya.,2,bad,punjabi
eeroju mushroom masala kirrak.,5,good,telugu
i had a unpleasant rice.,2,bad,english
Really bland mess.,1,bad,english
i had a brilliant bhojanam.,5,good,english
pulao nodoke waste.,1,bad,kannada
eeroju bhojanam ruchi ledu.,2,bad,telugu
vada ekdum waste hai.,3,bad,hindi
Really awful pulao.,1,bad,english
aaj ka curd bekar tha.,2,bad,hindi
aaj pickle swaad si.,5,good,punjabi
chutney kha ke swaad feel hoya.,5,good,punjabi
dal makhani kha ke bakwaas feel hoya.,1,bad,punjabi
aaj paneer changa si.,4,good,punjabi
really tasteless mushroom masala.,3,bad,english
aaj biryani maada si.,2,bad,punjabi
dosa badhiya hai.,5,good,hindi
aaj ka dal zabardast tha.,5,good,hindi
Really dreadful chole.,1,bad,english
ivattu meal mast agide.,4,good,kannada
chapati full super agide.,5,good,kannada
methi paratha full sakath.,5,good,kannada
really fantastic methi paratha.,4,good,english
palak paneer chala baledu.,1,bad,telugu
mixed veg kha ke maza aa gaya.,5,good,hindi
methi paratha sira hai.,5,good,punjabi
soup asalu chandalanga undi.,1,bad,telugu
Eeroju fish curry daridram.,1,bad,telugu
sabzi was absolutely perfect.,5,good,english
I had a osm dosa.,4,good,english
upma maada hai.,1,bad,punjabi
curd kha ke mood kharab.,2,bad,hindi
biryani is horrible.,2,bad,english
methi paratha tinte chandalanga undi anipinchindi.,2,bad,telugu
biryani jama fuddu hai.,2,bad,punjabi
butter chicken full thu.,1,bad,kannada
bhojanam kha ke swaad feel hoya.,4,good,punjabi
meal ekdum jhakaas hai.,5,good,hindi
palak paneer bahut awesome hai.,5,good,hindi
i had a dreadful palak paneer.,2,bad,english
fish curry att hai.,5,good,punjabi
baingan bharta full bombat.,4,good,kannada
dal makhani sahi hai hai.,5,good,hindi
bhatura tinte waste anipinchindi.,2,bad,telugu
ivattu mixed veg kettadagide.,1,bad,kannada
breakfast full tumba chennagide.,4,good,kannada
bhojanam was absolutely nasty.,1,bad,english
sabzi kha ke swaad feel hoya.,4,good,punjabi
pulao chennagide.,4,good,kannada
naan worst agide.,1,bad,kannada
aaj ka mushroom masala khatam tha.,2,bad,hindi
rice nodoke bekar.,1,bad,kannada
food ruchi ga undi.,5,good,telugu
pickle nodoke thu.,1,bad,kannada
really pathetic dosa.,1,bad,english
the salad tasted brilliant.,5,good,english
soup tumba bombat.,5,good,kannada
breakfast jama bakwaas hai.,3,bad,punjabi
paratha kha ke ganda feel hoya.,2,bad,punjabi
Really worst breakfast.,2,bad,english
palak paneer pura changa hai.,5,good,punjabi
sabzi pura swaad hai.,4,good,punjabi
food kha ke swaad ni feel hoya.,2,bad,punjabi
methi paratha chala baledu.,2,bad,telugu
khana kha ke mood kharab.,1,bad,hindi
aaj ka naan ghatiya tha.,1,bad,hindi
upma ekdum badiya hai.,5,good,hindi
da butter chicken tasted terrible.,2,bad,english
mushroom masala matram keka.,5,good,telugu
soup tumba ruchi agide.,4,good,kannada
Ivattu curry ruchi illa.,2,bad,kannada
curd ws absolutely horrible.,1,bad,english
The pickle tasted great.,5,good,english
The bhojanam tasted unpleasant.,1,bad,english
"Loved the quality, it was wonderful.",5,good,english
baingan bharta bahut swadisht hai.,5,good,hindi
food keka.,4,good,telugu
palak paneer pura mazza aa gaya hai.,5,good,punjabi
chicken tinte asalu baledu anipinchindi.,1,bad,telugu
I had a amazing mess.,5,good,english
chicken full super agide.,5,good,kannada
Eeroju fish curry chetta.,2,bad,telugu
The kadai chicken was osm.,5,good,english
curd ganda hai.,2,bad,punjabi
dosa full chennagilla.,2,bad,kannada
kadai chicken kha ke ganda feel hoya.,1,bad,punjabi
kadai chicken maada hai.,1,bad,punjabi
curry nodoke ruchi illa.,1,bad,kannada
aaj pulao sira si.,5,good,punjabi
pulao bekar hai.,1,bad,punjabi
paratha nodoke keka.,5,good,kannada
really nasty rajma.,1,bad,english
aaj meal fuddu si.,1,bad,punjabi
poha nodoke worst agide.,1,bad,kannada
khana pura sira hai.,5,good,punjabi
paratha tumba ruchi agide.,5,good,kannada
da quality was worst.,3,bad,english
Ivattu poha chennagide.,5,good,kannada
baingan bharta kha ke swaad ni feel hoya.,2,bad,punjabi
aaj ka puri ghatiya tha.,1,bad,hindi
biryani changa lagya.,4,good,punjabi
puri kha ke bakwaas feel hoya.,2,bad,punjabi
kadai chicken waste hai.,1,bad,hindi
salad ekdum bakwas hai.,2,bad,hindi
curry kha ke ganda feel hoya.,2,bad,punjabi
mixed veg kha ke maza aa gaya.,5,good,hindi
ivattu sabzi bombat.,5,good,kannada
the methi paratha was delicious.,4,good,english
butter chicken nodoke thu.,2,bad,kannada
biryani tumba ruchi illa.,1,bad,kannada
soup full chennagide.,5,good,kannada
bhatura pura sira hai.,4,good,punjabi
rajma mast hai.,5,good,hindi
dal asalu chala baledu.,1,bad,telugu
vada chala super.,5,good,telugu
bhatura full bekar.,1,bad,kannada
uttapam ekdum badiya hai.,5,good,hindi
naan kha ke swaad ni feel hoya.,2,bad,punjabi
salad was absolutely dreadful.,1,bad,english
breakfast bahut not good hai.,1,bad,hindi
lunch tinte chetta anipinchindi.,2,bad,telugu
aaj paneer maada si.,2,bad,punjabi
dinner jhakaas hai.,5,good,hindi
aaj curd fuddu si.,3,bad,punjabi
paneer bahut mood kharab hai.,1,bad,hindi
I had a bad dinner.,2,bad,english
sabzi full tumba chennagide.,5,good,kannada
sambar super agide.,5,good,kannada
salad bahut kharaab hai.,1,bad,hindi
Ivattu mushroom masala sakath.,5,good,kannada
fish curry jama ganda hai.,1,bad,punjabi
baingan bharta bekar hai.,3,bad,punjabi
pulao bahut lajawab hai.,5,good,hindi
oota kha ke att feel hoya.,5,good,punjabi
dal makhani kha ke sira feel hoya.,5,good,punjabi
really nasty dal makhani.,2,bad,english
khichdi bahut mood kharab hai.,1,bad,hindi
eeroju raita waste.,1,bad,telugu
fish curry matram excellent ga undi.,4,good,telugu
paratha tumba chennagide.,5,good,kannada
sabzi fuddu lagya.,3,bad,punjabi
curd was absolutely poor.,1,bad,english
bhojanam tumba chennagilla.,3,bad,kannada
service was absolutely horrible.,1,bad,english
eeroju methi paratha kirrak.,5,good,telugu
Such a poor dessert.,1,bad,english
khana was absolutely fantastic.,5,good,english
sabzi kha ke maza aa gaya.,4,good,hindi
khichdi full super agide.,5,good,kannada
biryani chala asalu baledu.,1,bad,telugu
chicken bakwas hai.,1,bad,hindi
soup tinte chala bagundi anipinchindi.,4,good,telugu
dal super.,5,good,telugu
biryani chala daridram.,2,bad,telugu
lunch tinte keka anipinchindi.,4,good,telugu
food kha ke maza aa gaya.,4,good,hindi
Really bad mushroom masala.,2,bad,english
i had a horrible bhojanam.,2,bad,english
rice bahut chii hai.,1,bad,hindi
aaj ka baingan bharta bekaar tha.,1,bad,hindi
"hated da aloo gobi, it ws awful.",2,bad,english
dosa ws absolutely pathetic.,1,bad,english
oota bahut bakwas hai.,1,bad,hindi
lunch jama ganda hai.,1,bad,punjabi
vada bahut bekaar hai.,1,bad,hindi
dosa nodoke sakath.,5,good,kannada
curd asalu chetta.,1,bad,telugu
aaj ka rice badhiya tha.,4,good,hindi
eeroju soup excellent ga undi.,5,good,telugu
puri kha ke vadiya feel hoya.,4,good,punjabi
The pulao was bland.,1,bad,english
kadai chicken tumba bekar.,1,bad,kannada
the dinner was great.,4,good,english
khana tumba sakath.,5,good,kannada
bhojanam tinte baga chesaru anipinchindi.,5,good,telugu
khana matram adhurs.,4,good,telugu
aaj roti swaad si.,5,good,punjabi
poha tumba sakath.,4,good,kannada
upma tinte bagundi anipinchindi.,5,good,telugu
Eeroju breakfast ruchi ga undi.,4,good,telugu
the lunch was bland.,2,bad,english
idli baga chesaru.,5,good,telugu
fish curry jama khatam hai.,1,bad,punjabi
Eeroju mushroom masala chala bagundi.,4,good,telugu
aaj ka curry khatam tha.,2,bad,hindi
sabzi chala kirrak.,5,good,telugu
meal pura vadiya hai.,5,good,punjabi
food full bombat.,5,good,kannada
fish curry is excellent.,4,good,english
lunch asalu worst ga undi.,2,bad,telugu
pickle tinte kirrak anipinchindi.,5,good,telugu
vada kha ke changa feel hoya.,5,good,punjabi
aaj meal swaad si.,5,good,punjabi
sabzi kha ke ghaint feel hoya.,5,good,punjabi
methi paratha tinte kirrak anipinchindi.,4,good,telugu
food matram ruchi ga undi.,5,good,telugu
bhojanam chala waste.,1,bad,telugu
fish curry tumba tumba chennagide.,4,good,kannada
Such a nasty dal makhani.,3,bad,english
bhojanam sira hai.,5,good,punjabi
pickle bahut bekaar hai.,3,bad,hindi
khana adhurs.,5,good,telugu
eeroju pickle ruchi ga undi.,4,good,telugu
pulao ekdum bekar hai.,1,bad,hindi
the uttapam tasted horrible.,2,bad,english
khana bekaar hai.,2,bad,hindi
The palak paneer tasted osm.,5,good,english
eeroju paneer chandalanga undi.,1,bad,telugu
methi paratha kha ke maza aa gaya.,5,good,hindi
vada bombat.,5,good,kannada
vada tinte worst ga undi anipinchindi.,1,bad,telugu
Ivattu food ruchi illa.,1,bad,kannada
fish curry waste.,2,bad,kannada
aaj puri changa si.,5,good,punjabi
salad pura ghaint hai.,5,good,punjabi
baingan bharta tinte daridram anipinchindi.,3,bad,telugu
baingan bharta chii hai.,1,bad,hindi
fish curry kha ke maza aa gaya.,5,good,hindi
Such a good chole.,4,good,english
dessert kha ke swaad feel hoya.,5,good,punjabi
aaj fish curry sira si.,5,good,punjabi
bhojanam kha ke mood kharab.,1,bad,hindi
ivattu dinner keka.,5,good,kannada
paratha kha ke maza aa gaya.,5,good,hindi
eeroju dinner worst ga undi.,1,bad,telugu
aloo gobi is op.,5,good,english
khichdi nodoke chennagide.,5,good,kannada
vada adhurs.,5,good,telugu
kadai chicken nodoke chennagide.,5,good,kannada
aaj lunch khatam si.,1,bad,punjabi
dessert is excellent.,5,good,english
vada full chennagilla.,1,bad,kannada
upma tinte super anipinchindi.,5,good,telugu
curd tumba waste.,2,bad,kannada
Eeroju egg curry chetta.,3,bad,telugu
Ivattu khichdi waste.,3,bad,kannada
quality is terrible.,2,bad,english
aloo gobi khatam hai.,1,bad,punjabi
curd chala excellent ga undi.,5,good,telugu
baingan bharta matram ruchi ga undi.,5,good,telugu
rice is great.,5,good,english
paratha waste.,1,bad,kannada
i had a amazing roti.,5,good,english
dal bahut bakwas hai.,1,bad,hindi
mixed veg asalu chandalanga undi.,1,bad,telugu
pickle matram kirrak.,5,good,telugu
poha ekdum mast hai.,5,good,hindi
pulao bahut bekaar hai.,1,bad,hindi
upma tinte chala baledu anipinchindi.,2,bad,telugu
Such a lovely bhatura.,4,good,english
curd bekar hai.,2,bad,hindi
such a horrible biryani.,1,bad,english
aaj ka dal jhakaas tha.,5,good,hindi
upma asalu worst ga undi.,2,bad,telugu
I had a wonderful poha.,4,good,english
I had a bland mushroom masala.,1,bad,english
Ivattu soup sakath.,4,good,kannada
salad tumba super agide.,4,good,kannada
Eeroju roti adhurs.,5,good,telugu
The meal tasted unpleasant.,3,bad,english
bhatura matram super.,5,good,telugu
chapati adhurs.,5,good,telugu
"Loved the khana, it was great.",5,good,english
such a horrible rice.,1,bad,english
dessert full bekar.,1,bad,kannada
Such a bd rice.,2,bad,english
upma tinte daridram anipinchindi.,3,bad,telugu
vada nodoke keka.,5,good,kannada
salad jama fuddu hai.,1,bad,punjabi
baingan bharta kha ke bekar feel hoya.,2,bad,punjabi
aloo gobi jama ganda hai.,1,bad,punjabi
chicken chala worst ga undi.,2,bad,telugu
raita chala asalu baledu.,1,bad,telugu
lunch kha ke mood kharab.,2,bad,hindi
Such a wonderful soup.,5,good,english
lunch ruchi agide.,5,good,kannada
pickle bekar lagya.,1,bad,punjabi
the atmosphere tasted dreadful.,1,bad,english
food was absolutely nasty.,1,bad,english
aaj lunch mazza aa gaya si.,5,good,punjabi
dal chala ruchi ga undi.,5,good,telugu
paratha kha ke mood kharab.,2,bad,hindi
palak paneer kirrak.,5,good,telugu
baingan bharta jama bekar hai.,2,bad,punjabi
Really terrible meal.,2,bad,english
dessert fuddu lagya.,1,bad,punjabi
lunch chala chandalanga undi.,1,bad,telugu
baingan bharta ruchi agide.,4,good,kannada
khana bahut lajawab hai.,5,good,hindi
fish curry tinte chala bagundi anipinchindi.,4,good,telugu
bhatura full mast agide.,5,good,kannada
aaj ka dinner not good tha.,1,bad,hindi
dal makhani asalu baledu.,2,bad,telugu
dosa was absolutely wonderful.,4,good,english
chutney ekdum kharaab hai.,1,bad,hindi
dinner baledu.,1,bad,telugu
mixed veg pura sira hai.,5,good,punjabi
sambar tinte chandalanga undi anipinchindi.,3,bad,telugu
"Hated the staff, it was dreadful.",1,bad,english
oota pura att hai.,4,good,punjabi
methi paratha waste hai.,1,bad,hindi
ivattu chicken keka.,4,good,kannada
dosa chala chala bagundi.,5,good,telugu
oota chii hai.,3,bad,hindi
naan khatam hai.,1,bad,hindi
Eeroju sambar bagundi.,5,good,telugu
upma nodoke sakath.,5,good,kannada
sabzi kha ke bekar feel hoya.,2,bad,punjabi
puri kha ke att feel hoya.,5,good,punjabi
biryani was absolutely disgusting.,1,bad,english
sabzi bagundi.,5,good,telugu
paratha kha ke maza aa gaya.,5,good,hindi
dal tumba thu.,2,bad,kannada
puri ruchi agide.,4,good,kannada
dosa mast hai.,5,good,hindi
dal makhani changa hai.,4,good,punjabi
khichdi tinte waste anipinchindi.,2,bad,telugu
lunch chandalanga undi.,1,bad,telugu
Eeroju lunch chandalanga undi.,2,bad,telugu
breakfast sira hai.,5,good,punjabi
i had a awful chole.,1,bad,english
aaj aloo gobi bekar si.,1,bad,punjabi
soup bahut ek number hai.,4,good,hindi
Such a outstanding fish curry.,5,good,english
kadai chicken tinte keka anipinchindi.,5,good,telugu
khichdi jama bekaar hai.,2,bad,punjabi
rajma kha ke att feel hoya.,5,good,punjabi
quality is lovely.,5,good,english
puri bekar hai.,1,bad,punjabi
mixed veg chala baledu.,1,bad,telugu
such a disgusting meal.,2,bad,english
dessert asalu worst ga undi.,1,bad,telugu
I had a gross bhatura.,1,bad,english
ivattu mushroom masala thu.,1,bad,kannada
aaj raita att si.,5,good,punjabi
bhojanam asalu waste.,1,bad,telugu
egg curry full bekar.,2,bad,kannada
idli asalu worst ga undi.,2,bad,telugu
dessert ekdum jhakaas hai.,5,good,hindi
curd ekdum badiya hai.,5,good,hindi
idli was absolutely osm.,5,good,english
The sambar was pathetic.,2,bad,english
aaj oota khatam si.,1,bad,punjabi
bhatura nodoke sari illa.,1,bad,kannada
bhojanam changa hai.,4,good,punjabi
naan nodoke ruchi illa.,1,bad,kannada
mushroom masala kha ke swaad ni feel hoya.,1,bad,punjabi
The puri tasted pathetic.,2,bad,english
naan tumba chennagide.,4,good,kannada
service is great.,5,good,english
lunch kha ke maza aa gaya.,5,good,hindi
mushroom masala bahut ghatiya hai.,3,bad,hindi
sambar super.,5,good,telugu
paneer ekdum lajawab hai.,5,good,hindi
upma ghatiya hai.,1,bad,hindi
methi paratha jama khatam hai.,1,bad,punjabi
I had a op bhojanam.,5,good,english
Ivattu chicken mast agide.,4,good,kannada
roti bekar.,1,bad,kannada
the pulao tasted awful.,2,bad,english
The dosa tasted osm.,5,good,english
naan tumba super agide.,5,good,kannada
baingan bharta nodoke chennagilla.,2,bad,kannada
"Hated the breakfast, it was gross.",1,bad,english
aaj ka dal makhani bekaar tha.,1,bad,hindi
I had a outstanding curd.,5,good,english
butter chicken ekdum swadisht hai.,5,good,hindi
aaj ka uttapam mast tha.,5,good,hindi
puri ganda lagya.,2,bad,punjabi
paratha pura ghaint hai.,5,good,punjabi
idli nodoke bombat.,5,good,kannada
really lovely chicken.,5,good,english
aaj raita swaad ni si.,2,bad,punjabi
mushroom masala chala chala bagundi.,5,good,telugu
curd tumba waste.,2,bad,kannada
dosa swaad ni hai.,2,bad,punjabi
chutney nodoke kettadagide.,2,bad,kannada
Eeroju lunch waste.,1,bad,telugu
kadai chicken ws absolutely tasteless.,3,bad,english
idli full kettadagide.,1,bad,kannada
mixed veg nodoke tumba chennagide.,5,good,kannada
Ivattu food worst agide.,3,bad,kannada
chole keka.,5,good,telugu
oota swaad ni lagya.,3,bad,punjabi
chicken asalu daridram.,2,bad,telugu
aaj ka raita mast tha.,5,good,hindi
eeroju khichdi kirrak.,5,good,telugu
Eeroju sabzi chandalanga undi.,1,bad,telugu
aaj ka palak paneer gazab tha.,4,good,hindi
upma kha ke mood kharab.,2,bad,hindi
methi paratha bekar lagya.,3,bad,punjabi
mixed veg full chennagilla.,1,bad,kannada
pickle mast agide.,5,good,kannada
roti tumba chennagide.,4,good,kannada
chapati kha ke att feel hoya.,5,good,punjabi
sambar chala ruchi ga undi.,5,good,telugu
khana chala chala baledu.,1,bad,telugu
Ivattu meal sari illa.,1,bad,kannada
aaj ka methi paratha lajawab tha.,4,good,hindi
kadai chicken tinte baledu anipinchindi.,3,bad,telugu
mushroom masala chala ruchi ga undi.,5,good,telugu
I had a tasteless dal.,2,bad,english
The experience tasted awful.,1,bad,english
I had a perfect service.,4,good,english
the vibe tasted disgusting.,1,bad,english
khichdi pura ghaint hai.,5,good,punjabi
puri is horrible.,3,bad,english
palak paneer tinte keka anipinchindi.,5,good,telugu
curry ekdum awesome hai.,5,good,hindi
khichdi chala kirrak.,4,good,telugu
uttapam bombat.,4,good,kannada
aaj ka dinner bakwas tha.,2,bad,hindi
"Hated the vibe, it was unpleasant.",1,bad,english
aaj ka uttapam badhiya tha.,5,good,hindi
eeroju biryani daridram.,1,bad,telugu
biryani bahut mast hai.,5,good,hindi
methi paratha kettadagide.,1,bad,kannada
The pickle tasted bad.,1,bad,english
khana was absolutely perfect.,5,good,english
food mast agide.,5,good,kannada
mixed veg jhakaas hai.,5,good,hindi
uttapam tinte chala baledu anipinchindi.,2,bad,telugu
chapati bahut lajawab hai.,5,good,hindi
chole bekar.,1,bad,kannada
poha tumba worst agide.,1,bad,kannada
da curry ws bland.,3,bad,english
meal ekdum swadisht hai.,5,good,hindi
aloo gobi swaad lagya.,5,good,punjabi
khana matram chala bagundi.,5,good,telugu
"hated da sabzi, it ws tasteless.",1,bad,english
idli vadiya lagya.,5,good,punjabi
chole bahut ek number hai.,4,good,hindi
vada lajawab hai.,4,good,hindi
eeroju dal adhurs.,5,good,telugu
methi paratha waste hai.,1,bad,hindi
Ivattu pickle sakath.,4,good,kannada
The raita tasted excellent.,5,good,english
kadai chicken kha ke fuddu feel hoya.,2,bad,punjabi
fish curry chala chala baledu.,3,bad,telugu
baingan bharta adhurs.,4,good,telugu
poha fuddu lagya.,2,bad,punjabi
raita matram bagundi.,5,good,telugu
puri was absolutely gross.,2,bad,english
i had a terrible soup.,1,bad,english
bhatura ekdum ek number hai.,4,good,hindi
aaj pulao fuddu si.,2,bad,punjabi
upma chala chala baledu.,2,bad,telugu
Eeroju paneer baga chesaru.,4,good,telugu
mushroom masala tinte excellent ga undi anipinchindi.,4,good,telugu
palak paneer ekdum khatam hai.,2,bad,hindi
sambar tumba keka.,4,good,kannada
poha mast agide.,4,good,kannada
aaj dal swaad ni si.,1,bad,punjabi
Really great uttapam.,5,good,english
aaj poha ghaint si.,5,good,punjabi
bhojanam badhiya hai.,4,good,hindi
egg curry jama khatam hai.,2,bad,punjabi
Such a gross dosa.,2,bad,english
idli swaad ni lagya.,3,bad,punjabi
lunch bekar lagya.,3,bad,punjabi
such a poor mixed veg.,1,bad,english
i had a delicious sambar.,5,good,english
da chutney tasted excellent.,4,good,english
sabzi badiya hai.,4,good,hindi
aloo gobi vadiya hai.,5,good,punjabi
poha ekdum gazab hai.,5,good,hindi
eeroju dessert asalu baledu.,1,bad,telugu
aaj rice sira si.,5,good,punjabi
dessert kha ke mood kharab.,3,bad,hindi
raita mast agide.,4,good,kannada
aaj ka egg curry kharaab tha.,2,bad,hindi
pickle maada lagya.,2,bad,punjabi
aaj ka chutney chii tha.,1,bad,hindi
fish curry chala ruchi ledu.,1,bad,telugu
paratha jama bekar hai.,3,bad,punjabi
dessert ekdum not good hai.,1,bad,hindi
dal asalu asalu baledu.,1,bad,telugu
aaj ka idli bekaar tha.,2,bad,hindi
Eeroju baingan bharta bagundi.,5,good,telugu
baingan bharta kha ke khatam feel hoya.,2,bad,punjabi
meal ekdum badiya hai.,5,good,hindi
rajma chandalanga undi.,3,bad,telugu
paratha awesome hai.,4,good,hindi
such a disgusting place.,1,bad,english
salad bahut badhiya hai.,5,good,hindi
lunch chala chetta.,3,bad,telugu
The poha tasted osm.,4,good,english
methi paratha khatam hai.,3,bad,punjabi
puri full ruchi agide.,5,good,kannada
pickle full super agide.,4,good,kannada
paneer chala chala bagundi.,5,good,telugu
fish curry asalu chala baledu.,1,bad,telugu
mixed veg tumba waste.,1,bad,kannada
mushroom masala asalu chetta.,1,bad,telugu
khichdi thu.,1,bad,kannada
i had a great sabzi.,5,good,english
dinner kha ke mood kharab.,1,bad,hindi
i had a amazing dal makhani.,4,good,english
oota pura bahut vadiya hai.,5,good,punjabi
chapati waste hai.,2,bad,hindi
paneer tumba waste.,1,bad,kannada
aloo gobi matram ruchi ga undi.,4,good,telugu
roti bagundi.,5,good,telugu
Such a superb puri.,5,good,english
aaj dessert changa si.,4,good,punjabi
aloo gobi sakath.,5,good,kannada
chutney chala ruchi ga undi.,5,good,telugu
eeroju aloo gobi ruchi ga undi.,5,good,telugu
I had a gud bhatura.,5,good,english
aaj khichdi vadiya si.,4,good,punjabi
Such a bad methi paratha.,2,bad,english
aaj sambar att si.,4,good,punjabi
biryani tumba sari illa.,3,bad,kannada
Such a good mess.,4,good,english
Ivattu soup mast agide.,5,good,kannada
upma bahut jhakaas hai.,4,good,hindi
idli chala baledu.,2,bad,telugu
chicken badhiya hai.,4,good,hindi
puri full worst agide.,1,bad,kannada
aaj ka palak paneer awesome tha.,5,good,hindi
I had a disgusting soup.,2,bad,english
lunch ganda hai.,1,bad,punjabi
mixed veg chala super.,5,good,telugu
vada full bombat.,4,good,kannada
sabzi ruchi ga undi.,5,good,telugu
aaj rajma sira si.,5,good,punjabi
Ivattu rice sakath.,5,good,kannada
eeroju sambar chala baledu.,2,bad,telugu
raita chala adhurs.,4,good,telugu
methi paratha lajawab hai.,4,good,hindi
lunch ekdum lajawab hai.,4,good,hindi
uttapam bahut chii hai.,1,bad,hindi
aaj ka egg curry chii tha.,1,bad,hindi
chole tumba sakath.,5,good,kannada
"Hated da food, it ws pathetic.",2,bad,english
biryani matram keka.,5,good,telugu
chicken kha ke maada feel hoya.,1,bad,punjabi
The puri tasted amazing.,5,good,english
aaj ka roti mood kharab tha.,1,bad,hindi
experience ws absolutely poor.,1,bad,english
sabzi tinte chandalanga undi anipinchindi.,1,bad,telugu
uttapam maada lagya.,1,bad,punjabi
the bhatura was tasty.,5,good,english
Ivattu naan sakath.,5,good,kannada
fish curry nodoke bekar.,2,bad,kannada
meal mast agide.,5,good,kannada
roti kha ke mood kharab.,2,bad,hindi
rajma tumba super agide.,5,good,kannada
butter chicken ekdum sahi hai hai.,5,good,hindi
aloo gobi mast agide.,5,good,kannada
Really tasty naan.,5,good,english
"Loved the place, it was brilliant.",5,good,english
The food was dreadful.,1,bad,english
eeroju dal baga chesaru.,4,good,telugu
dal kha ke mood kharab.,1,bad,hindi
The methi paratha was brilliant.,5,good,english
the aloo gobi tasted bad.,1,bad,english
aaj vada fuddu si.,1,bad,punjabi
"Hated da upma, it ws worst.",1,bad,english
egg curry bahut awesome hai.,5,good,hindi
aaj lunch fuddu si.,2,bad,punjabi
lunch chala asalu baledu.,2,bad,telugu
Eeroju methi paratha baledu.,1,bad,telugu
salad tumba waste.,2,bad,kannada
the food tasted tasteless.,1,bad,english
food bahut vadiya hai.,5,good,punjabi
Ivattu chicken chennagide.,4,good,kannada
chicken chala baledu.,1,bad,telugu
The staff was fantastic.,5,good,english
kadai chicken jama bekar hai.,1,bad,punjabi
curry tumba bekar.,1,bad,kannada
aaj salad mazza aa gaya si.,5,good,punjabi
Such a op mess.,4,good,english
Eeroju bhatura ruchi ga undi.,5,good,telugu
kadai chicken was absolutely disgusting.,3,bad,english
mushroom masala sira lagya.,4,good,punjabi
such a amazing sambar.,5,good,english
biryani tinte chala bagundi anipinchindi.,5,good,telugu
oota full bekar.,1,bad,kannada
palak paneer pura ghaint hai.,4,good,punjabi
aaj butter chicken mazza aa gaya si.,5,good,punjabi
dinner jama bekar hai.,1,bad,punjabi
really delicious methi paratha.,5,good,english
egg curry kha ke mood kharab.,2,bad,hindi
"Loved the palak paneer, it was superb.",5,good,english
dal kha ke bahut vadiya feel hoya.,5,good,punjabi
upma ek number hai.,5,good,hindi
lunch full super agide.,5,good,kannada
the aloo gobi was tasteless.,1,bad,english
biryani kharaab hai.,1,bad,hindi
oota chala baledu.,1,bad,telugu
i had a perfect bhojanam.,5,good,english
mixed veg bakwaas hai.,1,bad,punjabi
baingan bharta asalu worst ga undi.,2,bad,telugu
chicken full ruchi agide.,4,good,kannada
methi paratha full tumba chennagide.,5,good,kannada
ivattu breakfast thu.,1,bad,kannada
place was absolutely brilliant.,5,good,english
butter chicken ekdum waste hai.,1,bad,hindi
aaj ka dal ek number tha.,5,good,hindi
chicken asalu chandalanga undi.,1,bad,telugu
fish curry mazza aa gaya lagya.,5,good,punjabi
puri ekdum bekaar hai.,2,bad,hindi
"Hated the pulao, it was bland.",1,bad,english
methi paratha kha ke mazza aa gaya feel hoya.,5,good,punjabi
sambar was absolutely osm.,5,good,english
Eeroju bhatura chala bagundi.,5,good,telugu
roti ekdum ek number hai.,4,good,hindi
bhojanam bahut swadisht hai.,5,good,hindi
khana tumba waste.,2,bad,kannada
naan tumba sari illa.,1,bad,kannada
bhatura matram baga chesaru.,5,good,telugu
methi paratha chala worst ga undi.,1,bad,telugu
dosa bakwas hai.,2,bad,hindi
pulao jama khatam hai.,1,bad,punjabi
aaj chutney mazza aa gaya si.,5,good,punjabi
Really excellent chapati.,4,good,english
aaj egg curry changa si.,5,good,punjabi
upma chala chala baledu.,2,bad,telugu
pickle ekdum mood kharab hai.,1,bad,hindi
such a perfect dosa.,5,good,english
ivattu uttapam bombat.,5,good,kannada
chutney sira hai.,4,good,punjabi
chicken tumba ruchi agide.,5,good,kannada
chapati asalu chetta.,2,bad,telugu
Such a poor butter chicken.,1,bad,english
lunch super agide.,5,good,kannada
rajma iz excellent.,5,good,english
upma nodoke keka.,5,good,kannada
Ivattu paneer ruchi illa.,1,bad,kannada
dosa kha ke mood kharab.,1,bad,hindi
khana nodoke waste.,3,bad,kannada
aaj paratha att si.,5,good,punjabi
I had a gross raita.,3,bad,english
egg curry keka.,5,good,kannada
pulao chala waste.,3,bad,telugu
ivattu paneer mast agide.,4,good,kannada
The dosa tasted amazing.,5,good,english
lunch ghaint hai.,4,good,punjabi
curry bekaar hai.,1,bad,punjabi
staff is good.,4,good,english
lunch thu.,1,bad,kannada
soup bombat.,5,good,kannada
Really op vibe.,5,good,english
i had a pathetic pulao.,1,bad,english
The biryani was bad.,1,bad,english
Ivattu breakfast sakath.,5,good,kannada
rice chennagide.,5,good,kannada
I had a unpleasant mixed veg.,2,bad,english
naan chala kirrak.,5,good,telugu
dosa kha ke swaad feel hoya.,5,good,punjabi
salad mazza aa gaya hai.,5,good,punjabi
palak paneer kha ke bekaar feel hoya.,2,bad,punjabi
really nasty oota.,1,bad,english
The idli tasted nice.,5,good,english
sambar jama bekar hai.,2,bad,punjabi
curd kha ke fuddu feel hoya.,1,bad,punjabi
such a outstanding puri.,5,good,english
salad kha ke maza aa gaya.,5,good,hindi
rajma mazza aa gaya lagya.,5,good,punjabi
the quality tasted fantastic.,5,good,english
food tumba sakath.,5,good,kannada
bhatura was absolutely amazing.,4,good,english
meal ekdum bekaar hai.,1,bad,hindi
chapati matram chala bagundi.,5,good,telugu
roti full thu.,3,bad,kannada
chutney was absolutely lovely.,4,good,english
meal ek number hai.,5,good,hindi
The meal was dreadful.,1,bad,english
"hated the sambar, it was tasteless.",1,bad,english
Such a horrible vibe.,3,bad,english
butter chicken tumba worst agide.,1,bad,kannada
sabzi ekdum chii hai.,3,bad,hindi
such a disgusting puri.,1,bad,english
pickle jama ganda hai.,1,bad,punjabi
pulao sira lagya.,5,good,punjabi
aloo gobi kha ke maza aa gaya.,5,good,hindi
breakfast tinte excellent ga undi anipinchindi.,4,good,telugu
chapati bahut swadisht hai.,5,good,hindi
meal bekar hai.,1,bad,punjabi
dal makhani full sakath.,4,good,kannada
meal matram baga chesaru.,5,good,telugu
paneer mast agide.,5,good,kannada
upma kha ke bahut vadiya feel hoya.,5,good,punjabi
lunch baga chesaru.,5,good,telugu
such a great service.,5,good,english
paneer full chennagide.,4,good,kannada
poha jama khatam hai.,1,bad,punjabi
chutney asalu worst ga undi.,1,bad,telugu
Such a nasty salad.,2,bad,english
aaj chapati swaad si.,5,good,punjabi
Really amazing chutney.,5,good,english
curry bagundi.,5,good,telugu
vada kha ke bekar feel hoya.,1,bad,punjabi
aaj chicken vadiya si.,5,good,punjabi
khichdi chala bagundi.,5,good,telugu
dal chala chetta.,1,bad,telugu
dal badiya hai.,4,good,hindi
"hated the curd, it was disgusting.",1,bad,english
idli tumba chennagide.,5,good,kannada
sabzi full chennagide.,4,good,kannada
khichdi asalu baledu.,1,bad,telugu
vada swaad ni hai.,1,bad,punjabi
butter chicken kha ke maza aa gaya.,5,good,hindi
the methi paratha tasted poor.,1,bad,english
uttapam vadiya hai.,4,good,punjabi
aaj ka salad zabardast tha.,5,good,hindi
Such a good roti.,5,good,english
aaj ka rajma sahi hai tha.,4,good,hindi
rajma awesome hai.,5,good,hindi
butter chicken super.,4,good,telugu
The butter chicken was horrible.,2,bad,english
really dreadful idli.,1,bad,english
butter chicken pura swaad hai.,5,good,punjabi
The fish curry was fantastic.,5,good,english
roti tinte adhurs anipinchindi.,4,good,telugu
egg curry tumba super agide.,5,good,kannada
kadai chicken kha ke bekar feel hoya.,1,bad,punjabi
fish curry maada hai.,1,bad,punjabi
rajma excellent ga undi.,4,good,telugu
I had a gross soup.,1,bad,english
lunch chennagide.,5,good,kannada
methi paratha not good hai.,1,bad,hindi
rice tinte worst ga undi anipinchindi.,1,bad,telugu
dosa bahut bakwas hai.,2,bad,hindi
paneer ekdum gazab hai.,5,good,hindi
methi paratha nodoke kettadagide.,2,bad,kannada
methi paratha bahut zabardast hai.,4,good,hindi
idli kharaab hai.,1,bad,hindi
raita tumba super agide.,5,good,kannada
aaj dal makhani fuddu si.,1,bad,punjabi
egg curry full ruchi agide.,4,good,kannada
paratha chala chetta.,2,bad,telugu
aloo gobi bahut khatam hai.,1,bad,hindi
bhatura was absolutely lovely.,5,good,english
meal ruchi illa.,2,bad,kannada
dal makhani keka.,5,good,kannada
khana ganda hai.,3,bad,punjabi
eeroju kadai chicken adhurs.,4,good,telugu
sabzi mast agide.,4,good,kannada
fish curry fuddu hai.,1,bad,punjabi
"loved the baingan bharta, it was great.",5,good,english
curd chala kirrak.,5,good,telugu
dessert chala daridram.,1,bad,telugu
paratha kha ke maza aa gaya.,5,good,hindi
upma matram kirrak.,5,good,telugu
khana bahut vadiya lagya.,4,good,punjabi
oota ekdum khatam hai.,1,bad,hindi
Such a brilliant bhojanam.,5,good,english
aaj ka kadai chicken chii tha.,2,bad,hindi
biryani tumba chennagilla.,1,bad,kannada
dal makhani ekdum badhiya hai.,5,good,hindi
aaj egg curry bahut vadiya si.,4,good,punjabi
aaj ka dosa ek number tha.,4,good,hindi
curry tumba sakath.,5,good,kannada
roti ekdum not good hai.,2,bad,hindi
"Hated the bhojanam, it was dreadful.",2,bad,english
really brilliant quality.,5,good,english
raita tumba ruchi illa.,2,bad,kannada
breakfast full kettadagide.,1,bad,kannada
The naan tasted dreadful.,1,bad,english
chole sira hai.,5,good,punjabi
bhatura bahut bakwas hai.,3,bad,hindi
dal chala bagundi.,5,good,telugu
naan mood kharab hai.,2,bad,hindi
Eeroju sabzi keka.,5,good,telugu
bhojanam baga chesaru.,5,good,telugu
the sambar tasted pathetic.,2,bad,english
upma pura swaad hai.,5,good,punjabi
aaj ka sambar waste tha.,1,bad,hindi
chicken tinte baga chesaru anipinchindi.,5,good,telugu
khana tinte ruchi ledu anipinchindi.,1,bad,telugu
ivattu aloo gobi tumba chennagide.,5,good,kannada
pickle chala ruchi ga undi.,5,good,telugu
eeroju aloo gobi worst ga undi.,1,bad,telugu
aaj ka bhojanam swadisht tha.,4,good,hindi
food baga chesaru.,4,good,telugu
ivattu bhatura keka.,4,good,kannada
naan bahut chii hai.,3,bad,hindi
idli bahut mood kharab hai.,1,bad,hindi
soup swaad ni hai.,2,bad,punjabi
raita ek number hai.,5,good,hindi
bhatura keka.,5,good,kannada
puri pura bahut vadiya hai.,5,good,punjabi
idli tumba mast agide.,4,good,kannada
egg curry bekar hai.,1,bad,punjabi
aaj bhojanam ghaint si.,5,good,punjabi
mushroom masala bahut mast hai.,5,good,hindi
egg curry vadiya lagya.,5,good,punjabi
biryani ghaint hai.,5,good,punjabi
mushroom masala tinte chandalanga undi anipinchindi.,1,bad,telugu
Ivattu palak paneer waste.,1,bad,kannada
baingan bharta jama fuddu hai.,2,bad,punjabi
dosa ekdum zabardast hai.,4,good,hindi
aloo gobi ekdum mast hai.,5,good,hindi
curd kha ke mood kharab.,2,bad,hindi
aaj pulao sira si.,4,good,punjabi
uttapam nodoke tumba chennagide.,4,good,kannada
Ivattu dal makhani sari illa.,2,bad,kannada
da dinner tasted unpleasant.,3,bad,english
chutney chii hai.,1,bad,hindi
the staff tasted awful.,1,bad,english
baingan bharta full worst agide.,1,bad,kannada
upma chennagilla.,1,bad,kannada
khana tinte super anipinchindi.,4,good,telugu
aaj naan sira si.,5,good,punjabi
pickle kha ke mood kharab.,1,bad,hindi
chapati bekaar hai.,1,bad,hindi
chicken kha ke bahut vadiya feel hoya.,4,good,punjabi
Ivattu breakfast keka.,5,good,kannada
baingan bharta tumba bombat.,4,good,kannada
breakfast ekdum lajawab hai.,4,good,hindi
chole kha ke maza aa gaya.,5,good,hindi
da curry tasted lovely.,5,good,english
methi paratha kha ke maza aa gaya.,4,good,hindi
naan waste.,1,bad,kannada
khana swaad hai.,5,good,punjabi
really amazing dosa.,5,good,english
raita chala ruchi ledu.,3,bad,telugu
aloo gobi full kettadagide.,2,bad,kannada
raita tinte waste anipinchindi.,3,bad,telugu
puri asalu baledu.,1,bad,telugu
aaj ka poha khatam tha.,1,bad,hindi
aaj ka dessert zabardast tha.,4,good,hindi
aaj chicken maada si.,3,bad,punjabi
bhojanam full bekar.,1,bad,kannada
khana bahut bekaar hai.,1,bad,hindi
soup full super agide.,5,good,kannada
mixed veg ekdum zabardast hai.,5,good,hindi
raita asalu waste.,2,bad,telugu
rice asalu chala baledu.,3,bad,telugu
bhatura tumba kettadagide.,1,bad,kannada
sambar bahut jhakaas hai.,4,good,hindi
uttapam matram chala bagundi.,5,good,telugu
pulao tinte chandalanga undi anipinchindi.,2,bad,telugu
Really disgusting quality.,1,bad,english
aaj ka puri mood kharab tha.,2,bad,hindi
curd ekdum bekar hai.,2,bad,hindi
the poha was dreadful.,1,bad,english
idli tinte excellent ga undi anipinchindi.,5,good,telugu
aaj mixed veg khatam si.,1,bad,punjabi
"loved the khichdi, it was osm.",5,good,english
mushroom masala matram adhurs.,5,good,telugu
eeroju upma worst ga undi.,1,bad,telugu
curd bekar.,2,bad,kannada
eeroju egg curry chetta.,1,bad,telugu
Eeroju khichdi excellent ga undi.,5,good,telugu
the experience tasted disgusting.,1,bad,english
fish curry jhakaas hai.,4,good,hindi
upma nodoke waste.,3,bad,kannada
aaj ka aloo gobi khatam tha.,1,bad,hindi
idli asalu chala baledu.,2,bad,telugu
The methi paratha was bad.,1,bad,english
curd tumba ruchi illa.,1,bad,kannada
Eeroju kadai chicken adhurs.,4,good,telugu
palak paneer full bekar.,1,bad,kannada
chicken was absolutely poor.,3,bad,english
lunch pura changa hai.,5,good,punjabi
mess is disgusting.,1,bad,english
egg curry khatam hai.,1,bad,hindi
methi paratha is great.,5,good,english
paratha bahut not good hai.,1,bad,hindi
rice vadiya lagya.,5,good,punjabi
meal chala waste.,2,bad,telugu
soup thu.,2,bad,kannada
sambar tinte chetta anipinchindi.,1,bad,telugu
aloo gobi khatam hai.,1,bad,hindi
meal full chennagide.,5,good,kannada
khana nodoke keka.,5,good,kannada
rice full bekar.,1,bad,kannada
dinner full bombat.,5,good,kannada
really fantastic salad.,5,good,english
da pickle ws osm.,5,good,english
salad bahut mast hai.,4,good,hindi
mixed veg nodoke bombat.,4,good,kannada
uttapam bahut badiya hai.,4,good,hindi
Ivattu bhojanam tumba chennagide.,4,good,kannada
aaj bhatura ganda si.,2,bad,punjabi
rice chii hai.,1,bad,hindi
bhatura full sakath.,4,good,kannada
egg curry was absolutely horrible.,1,bad,english
aaj egg curry mazza aa gaya si.,4,good,punjabi
paneer was absolutely excellent.,5,good,english
sambar jama bekaar hai.,1,bad,punjabi
experience is good.,5,good,english
aaj ka naan jhakaas tha.,5,good,hindi
aaj paneer bekar si.,2,bad,punjabi
pulao tumba sari illa.,1,bad,kannada
aloo gobi super agide.,4,good,kannada
chicken kha ke vadiya feel hoya.,5,good,punjabi
curd full waste.,2,bad,kannada
bhatura kha ke changa feel hoya.,4,good,punjabi
Such a tasteless pulao.,1,bad,english
sabzi bekaar hai.,2,bad,hindi
idli full chennagilla.,1,bad,kannada
puri tumba sakath.,5,good,kannada
rice mood kharab hai.,1,bad,hindi
aaj rice mazza aa gaya si.,5,good,punjabi
butter chicken matram keka.,5,good,telugu
dessert was absolutely tasty.,5,good,english
i had a wonderful quality.,5,good,english
curd nodoke ruchi illa.,1,bad,kannada
i had a superb breakfast.,5,good,english
pulao kha ke mood kharab.,2,bad,hindi
aaj ka dessert ghatiya tha.,1,bad,hindi
pickle full chennagide.,5,good,kannada
I had a brilliant vibe.,5,good,english
aaj ka puri sahi h tha.,4,good,hindi
chutney tinte keka anipinchindi.,4,good,telugu
i had a pathetic kadai chicken.,1,bad,english
really fantastic idli.,5,good,english
The mushroom masala was excellent.,5,good,english
uttapam chala asalu baledu.,1,bad,telugu
dessert kha ke mood kharab.,1,bad,hindi
methi paratha ekdum waste hai.,2,bad,hindi
rice maada lagya.,2,bad,punjabi
mixed veg was absolutely superb.,5,good,english
aaj ka meal zabardast tha.,5,good,hindi
food jama swaad ni hai.,1,bad,punjabi
eeroju chicken keka.,4,good,telugu
meal vadiya hai.,5,good,punjabi
ivattu food waste.,1,bad,kannada
lunch tinte baledu anipinchindi.,1,bad,telugu
dosa was absolutely excellent.,5,good,english
upma asalu baledu.,1,bad,telugu
uttapam kha ke maada feel hoya.,2,bad,punjabi
Eeroju mushroom masala ruchi ledu.,1,bad,telugu
aaj ka upma chii tha.,1,bad,hindi
egg curry ekdum bekar hai.,2,bad,hindi
rajma swaad ni lagya.,1,bad,punjabi
sambar super.,4,good,telugu
dal makhani chala chala bagundi.,5,good,telugu
meal chala worst ga undi.,2,bad,telugu
Eeroju mixed veg chetta.,1,bad,telugu
bhojanam ruchi illa.,1,bad,kannada
methi paratha kha ke maza aa gaya.,5,good,hindi
"loved the soup, it was excellent.",5,good,english
sabzi nodoke kettadagide.,1,bad,kannada
curd att lagya.,5,good,punjabi
bhojanam khatam hai.,1,bad,hindi
Such a great khichdi.,5,good,english
poha nodoke tumba chennagide.,5,good,kannada
vada jama bekaar hai.,3,bad,punjabi
mixed veg mazza aa gaya hai.,5,good,punjabi
dosa is op.,5,good,english
really tasteless dal.,1,bad,english
raita full super agide.,5,good,kannada
aaj ka lunch zabardast tha.,4,good,hindi
roti was absolutely terrible.,1,bad,english
mixed veg nodoke chennagilla.,3,bad,kannada
lunch kha ke fuddu feel hoya.,1,bad,punjabi
upma bahut chii hai.,2,bad,hindi
paratha kha ke sira feel hoya.,5,good,punjabi
Such a outstanding curry.,5,good,english
soup ekdum bakwas hai.,1,bad,hindi
eeroju food bagundi.,5,good,telugu
Such a nasty dal.,1,bad,english
Such a delicious experience.,5,good,english
da dosa was good.,5,good,english
The salad tasted osm.,4,good,english
mixed veg bahut waste hai.,1,bad,hindi
fish curry tinte ruchi ga undi anipinchindi.,5,good,telugu
sabzi nodoke ruchi illa.,2,bad,kannada
Such a perfect dal makhani.,4,good,english
pulao full mast agide.,5,good,kannada
dal ganda lagya.,2,bad,punjabi
really worst dal makhani.,1,bad,english
baingan bharta chala bagundi.,5,good,telugu
i had a nasty butter chicken.,1,bad,english
poha nodoke worst agide.,2,bad,kannada
biryani badhiya hai.,4,good,hindi
chapati kha ke bekar feel hoya.,2,bad,punjabi
vada is horrible.,3,bad,english
egg curry bahut badhiya hai.,5,good,hindi
The upma tasted op.,5,good,english
"Loved the bhatura, it was nice.",4,good,english
i had a unpleasant chapati.,2,bad,english
bhatura tinte excellent ga undi anipinchindi.,5,good,telugu
I had a good rajma.,5,good,english
really brilliant dal makhani.,5,good,english
Eeroju roti ruchi ledu.,1,bad,telugu
curd bahut mood kharab hai.,1,bad,hindi
The dal tasted nice.,4,good,english
paneer mast agide.,4,good,kannada
sabzi bahut awesome hai.,5,good,hindi
da butter chicken tasted gross.,2,bad,english
chole tumba tumba chennagide.,5,good,kannada
aaj dessert bahut vadiya si.,4,good,punjabi
dessert bekaar lagya.,1,bad,punjabi
bhojanam tinte adhurs anipinchindi.,5,good,telugu
aloo gobi full chennagilla.,3,bad,kannada
ivattu butter chicken keka.,5,good,kannada
the rajma tasted disgusting.,1,bad,english
mixed veg kha ke fuddu feel hoya.,1,bad,punjabi
mushroom masala kha ke changa feel hoya.,5,good,punjabi
Ivattu pickle bombat.,5,good,kannada
puri bahut vadiya lagya.,5,good,punjabi
meal ganda hai.,2,bad,punjabi
breakfast ekdum badhiya hai.,5,good,hindi
fish curry sari illa.,2,bad,kannada
food sari illa.,1,bad,kannada
dessert bahut bakwas hai.,2,bad,hindi
puri mazza aa gaya hai.,5,good,punjabi
aaj ka baingan bharta badhiya tha.,4,good,hindi
bhojanam asalu chala baledu.,2,bad,telugu
meal ekdum waste hai.,2,bad,hindi
da chutney tasted superb.,4,good,english
dal makhani jama khatam hai.,2,bad,punjabi
mixed veg chala super.,4,good,telugu
roti tinte baga chesaru anipinchindi.,4,good,telugu
puri kha ke maza aa gaya.,4,good,hindi
biryani lajawab hai.,4,good,hindi
lunch ganda lagya.,1,bad,punjabi
aaj ka fish curry swadisht tha.,4,good,hindi
Ivattu khichdi chennagilla.,1,bad,kannada
dal makhani kha ke mood kharab.,2,bad,hindi
aaj ka pulao ek number tha.,5,good,hindi
food worst agide.,1,bad,kannada
naan sira lagya.,5,good,punjabi
rice full sakath.,5,good,kannada
raita nodoke bombat.,4,good,kannada
soup kha ke vadiya feel hoya.,4,good,punjabi
bhojanam jama ganda hai.,1,bad,punjabi
the naan tasted bad.,1,bad,english
soup tumba chennagilla.,1,bad,kannada
poha chala chala baledu.,2,bad,telugu
raita chennagilla.,3,bad,kannada
chapati pura ghaint hai.,5,good,punjabi
really brilliant place.,5,good,english
naan tinte chala baledu anipinchindi.,1,bad,telugu
aaj mixed veg swaad ni si.,1,bad,punjabi
bhatura sira lagya.,4,good,punjabi
mushroom masala chala super.,5,good,telugu
puri nodoke chennagide.,5,good,kannada
eeroju khana chetta.,1,bad,telugu
salad mazza aa gaya hai.,4,good,punjabi
idli chala bagundi.,4,good,telugu
chutney worst ga undi.,1,bad,telugu
dal nodoke ruchi illa.,3,bad,kannada
puri baga chesaru.,5,good,telugu
ivattu biryani tumba chennagide.,5,good,kannada
bhatura ghatiya hai.,1,bad,hindi
puri khatam lagya.,1,bad,punjabi
"Hated da chutney, it ws tasteless.",2,bad,english
salad matram kirrak.,5,good,telugu
biryani kettadagide.,2,bad,kannada
breakfast super.,5,good,telugu
the chole tasted worst.,2,bad,english
i had a unpleasant service.,1,bad,english
bhatura matram adhurs.,5,good,telugu
pickle kha ke maada feel hoya.,1,bad,punjabi
Such a nice upma.,4,good,english
egg curry was absolutely gross.,2,bad,english
Such a pathetic mess.,1,bad,english
aaj ka mushroom masala lajawab tha.,4,good,hindi
baingan bharta ruchi agide.,4,good,kannada
raita kha ke swaad ni feel hoya.,1,bad,punjabi
dessert kha ke mood kharab.,2,bad,hindi
Really bd fish curry.,1,bad,english
rice bahut vadiya lagya.,5,good,punjabi
khichdi is outstanding.,4,good,english
aaj ka puri not good tha.,1,bad,hindi
Really good bhojanam.,4,good,english
Eeroju rajma adhurs.,5,good,telugu
vada changa hai.,5,good,punjabi
palak paneer full thu.,1,bad,kannada
eeroju naan asalu baledu.,2,bad,telugu
chutney kha ke mood kharab.,2,bad,hindi
rice tumba ruchi illa.,1,bad,kannada
mixed veg kha ke maza aa gaya.,5,good,hindi
meal tumba ruchi agide.,5,good,kannada
idli bekar hai.,1,bad,hindi
Ivattu paneer sari illa.,1,bad,kannada
butter chicken chala super.,4,good,telugu
rice bahut swadisht hai.,5,good,hindi
poha pura ghaint hai.,4,good,punjabi
puri ruchi agide.,5,good,kannada
Ivattu curd chennagilla.,1,bad,kannada
dosa waste hai.,1,bad,hindi
Really nice bhatura.,5,good,english
eeroju dal baga chesaru.,4,good,telugu
"hated the dal, it was awful.",1,bad,english
chole bahut bekar hai.,1,bad,hindi
egg curry matram kirrak.,5,good,telugu
oota att hai.,4,good,punjabi
upma full waste.,3,bad,kannada
sabzi tumba sari illa.,1,bad,kannada
dal pura vadiya hai.,5,good,punjabi
methi paratha sari illa.,2,bad,kannada
bhojanam tumba ruchi illa.,1,bad,kannada
ivattu food worst agide.,1,bad,kannada
pickle ekdum badiya hai.,5,good,hindi
aaj dal ghaint si.,5,good,punjabi
mushroom masala kha ke sira feel hoya.,5,good,punjabi
fish curry full bombat.,4,good,kannada
paratha tinte worst ga undi anipinchindi.,1,bad,telugu
da upma ws nice.,5,good,english
aaj ka curd ek number tha.,5,good,hindi
lunch kha ke bekaar feel hoya.,1,bad,punjabi
da dessert was tasteless.,1,bad,english
Really horrible dal.,1,bad,english
"Loved the idli, it was nice.",5,good,english
dosa sira lagya.,4,good,punjabi
aloo gobi matram kirrak.,5,good,telugu
really poor biryani.,1,bad,english
i had a disgusting mushroom masala.,2,bad,english
raita kha ke maza aa gaya.,4,good,hindi
chapati ganda hai.,1,bad,punjabi
aaj ka bhojanam swadisht tha.,5,good,hindi
idli keka.,5,good,kannada
butter chicken waste.,2,bad,kannada
kadai chicken tumba sari illa.,1,bad,kannada
aloo gobi was absolutely gross.,1,bad,english
curd chala chandalanga undi.,1,bad,telugu
aloo gobi badhiya hai.,5,good,hindi
vada ekdum gazab hai.,5,good,hindi
such a nasty dessert.,1,bad,english
fish curry nodoke keka.,5,good,kannada
Ivattu idli super agide.,5,good,kannada
mixed veg ekdum lajawab hai.,5,good,hindi
the atmosphere tasted perfect.,5,good,english
biryani tumba chennagide.,4,good,kannada
chapati pura changa hai.,5,good,punjabi
dosa chala excellent ga undi.,5,good,telugu
da dinner tasted horrible.,3,bad,english
ivattu bhojanam thu.,1,bad,kannada
Ivattu chutney worst agide.,2,bad,kannada
really unpleasant methi paratha.,2,bad,english
aaj uttapam bahut vadiya si.,5,good,punjabi
Eeroju chole waste.,1,bad,telugu
methi paratha kha ke maza aa gaya.,5,good,hindi
The vibe tasted brilliant.,4,good,english
dinner matram ruchi ga undi.,5,good,telugu
poha is outstanding.,5,good,english
palak paneer bakwaas hai.,1,bad,punjabi
paneer lajawab hai.,4,good,hindi
the experience tasted disgusting.,2,bad,english
upma nodoke bombat.,4,good,kannada
puri pura changa hai.,5,good,punjabi
bhatura bekaar lagya.,1,bad,punjabi
aaj raita bakwaas si.,2,bad,punjabi
raita ekdum bekar hai.,3,bad,hindi
baingan bharta ruchi illa.,1,bad,kannada
I had a tasty vibe.,5,good,english
butter chicken tinte baga chesaru anipinchindi.,5,good,telugu
oota nodoke sakath.,4,good,kannada
aaj raita changa si.,4,good,punjabi
The methi paratha was tasteless.,1,bad,english
poha chala waste.,1,bad,telugu
rajma is worst.,1,bad,english
"Loved the breakfast, it was great.",5,good,english
soup kha ke khatam feel hoya.,1,bad,punjabi
Such a bd kadai chicken.,2,bad,english
meal nodoke ruchi agide.,5,good,kannada
aaj ka curry swadisht tha.,5,good,hindi
The khichdi tasted fantastic.,5,good,english
atmosphere was absolutely tasteless.,2,bad,english
pulao matram chala bagundi.,5,good,telugu
baingan bharta ekdum bakwas hai.,1,bad,hindi
curry ruchi ledu.,1,bad,telugu
Eeroju mushroom masala chala baledu.,2,bad,telugu
paratha tinte worst ga undi anipinchindi.,2,bad,telugu
curd bahut mood kharab hai.,1,bad,hindi
kadai chicken matram adhurs.,5,good,telugu
rajma chala adhurs.,5,good,telugu
aaj ka biryani bekaar tha.,2,bad,hindi
chole kha ke maza aa gaya.,5,good,hindi
uttapam nodoke tumba chennagide.,4,good,kannada
pulao chala chandalanga undi.,1,bad,telugu
ivattu mushroom masala tumba chennagide.,5,good,kannada
Really great soup.,5,good,english
bhatura kha ke ganda feel hoya.,1,bad,punjabi
eeroju raita excellent ga undi.,4,good,telugu
The biryani tasted pathetic.,2,bad,english
dessert full kettadagide.,2,bad,kannada
Eeroju dessert adhurs.,4,good,telugu
aaj pickle bakwaas si.,1,bad,punjabi
sambar tumba keka.,4,good,kannada
breakfast bakwas hai.,1,bad,hindi
khichdi kha ke mood kharab.,1,bad,hindi
aaj ka chicken zabardast tha.,4,good,hindi
lunch ws absolutely perfect.,4,good,english
bhojanam bagundi.,5,good,telugu
food nodoke keka.,5,good,kannada
chicken asalu chetta.,1,bad,telugu
khana nodoke sakath.,5,good,kannada
Ivattu rajma super agide.,5,good,kannada
aaj dessert khatam si.,2,bad,punjabi
chutney kha ke ganda feel hoya.,2,bad,punjabi
dal full ruchi illa.,2,bad,kannada
breakfast mazza aa gaya hai.,5,good,punjabi
kadai chicken bekaar hai.,1,bad,punjabi
curry chala waste.,1,bad,telugu
eeroju raita waste.,1,bad,telugu
aaj salad bekaar si.,1,bad,punjabi
uttapam full chennagide.,5,good,kannada
butter chicken tumba worst agide.,1,bad,kannada
aloo gobi jama fuddu hai.,2,bad,punjabi
sabzi swaad ni lagya.,1,bad,punjabi
The poha tasted nasty.,1,bad,english
Really gross oota.,2,bad,english
curd maada lagya.,1,bad,punjabi
methi paratha kharaab hai.,1,bad,hindi
idli bekaar lagya.,2,bad,punjabi
eeroju soup baledu.,1,bad,telugu
food swaad hai.,5,good,punjabi
Such a wonderful aloo gobi.,5,good,english
curd tumba mast agide.,4,good,kannada
Such a excellent staff.,4,good,english
ivattu butter chicken mast agide.,5,good,kannada
sabzi tinte chala baledu anipinchindi.,2,bad,telugu
curd bahut jhakaas hai.,5,good,hindi
aaj ka sabzi awesome tha.,5,good,hindi
sambar vadiya lagya.,5,good,punjabi
curd full worst agide.,1,bad,kannada
chapati pura vadiya hai.,4,good,punjabi
aaj baingan bharta bakwaas si.,2,bad,punjabi
chapati waste hai.,1,bad,hindi
mixed veg swaad hai.,5,good,punjabi
aaj chicken bahut vadiya si.,5,good,punjabi
roti kha ke swaad ni feel hoya.,1,bad,punjabi
breakfast asalu asalu baledu.,1,bad,telugu
bhatura tinte excellent ga undi anipinchindi.,4,good,telugu
baingan bharta nodoke sakath.,5,good,kannada
sambar kha ke swaad feel hoya.,5,good,punjabi
dal makhani full tumba chennagide.,5,good,kannada
fish curry full sari illa.,1,bad,kannada
aaj curd att si.,5,good,punjabi
naan ekdum swadisht hai.,5,good,hindi
chutney bekar hai.,2,bad,hindi
dinner ekdum zabardast hai.,5,good,hindi
breakfast tinte baga chesaru anipinchindi.,5,good,telugu
aaj biryani bekar si.,1,bad,punjabi
rice swaad lagya.,4,good,punjabi
bhojanam nodoke sari illa.,1,bad,kannada
aaj chutney khatam si.,1,bad,punjabi
aaj sambar changa si.,5,good,punjabi
aaj ka puri waste tha.,1,bad,hindi
rajma chetta.,2,bad,telugu
salad tumba bekar.,1,bad,kannada
khana is unpleasant.,2,bad,english
curd tinte asalu baledu anipinchindi.,1,bad,telugu
baingan bharta kha ke bekaar feel hoya.,1,bad,punjabi
dal makhani tumba tumba chennagide.,4,good,kannada
khana nodoke kettadagide.,2,bad,kannada
Really op meal.,5,good,english
naan vadiya lagya.,4,good,punjabi
egg curry jama bekar hai.,3,bad,punjabi
dal kirrak.,5,good,telugu
The idli was tasty.,5,good,english
eeroju roti adhurs.,5,good,telugu
The sabzi tasted brilliant.,5,good,english
idli bahut waste hai.,2,bad,hindi
palak paneer ganda hai.,1,bad,punjabi
pulao ghatiya hai.,2,bad,hindi
eeroju bhojanam asalu baledu.,1,bad,telugu
eeroju puri chala bagundi.,5,good,telugu
bhojanam chala bagundi.,5,good,telugu
rajma nodoke waste.,1,bad,kannada
i had a bland pulao.,2,bad,english
Ivattu food sakath.,4,good,kannada
the chole was lovely.,5,good,english
curry was absolutely delicious.,5,good,english
chicken tumba chennagide.,4,good,kannada
"hated the kadai chicken, it was tasteless.",1,bad,english
palak paneer full sari illa.,2,bad,kannada
palak paneer kha ke bahut vadiya feel hoya.,5,good,punjabi
food tumba mast agide.,5,good,kannada
upma kha ke maza aa gaya.,5,good,hindi
lunch tinte chala bagundi anipinchindi.,5,good,telugu
"loved the mushroom masala, it was amazing.",5,good,english
curry chala asalu baledu.,2,bad,telugu
rajma bahut badiya hai.,5,good,hindi
upma changa lagya.,5,good,punjabi
sabzi nodoke ruchi agide.,5,good,kannada
methi paratha was absolutely brilliant.,5,good,english
pulao bahut mood kharab hai.,1,bad,hindi
aaj ka egg curry bakwas tha.,2,bad,hindi
soup kha ke ganda feel hoya.,1,bad,punjabi
chutney bahut gazab hai.,5,good,hindi
dal kha ke ghaint feel hoya.,5,good,punjabi
the dessert was op.,5,good,english
khichdi super.,5,good,telugu
"loved the methi paratha, it was osm.",5,good,english
ivattu dal makhani ruchi agide.,5,good,kannada
the chapati ws bland.,1,bad,english
methi paratha kha ke bahut vadiya feel hoya.,5,good,punjabi
aloo gobi tumba bombat.,5,good,kannada
puri tinte ruchi ledu anipinchindi.,1,bad,telugu
curry kha ke bahut vadiya feel hoya.,5,good,punjabi
aaj ka dal makhani ghatiya tha.,1,bad,hindi
uttapam kha ke att feel hoya.,5,good,punjabi
chutney chala excellent ga undi.,4,good,telugu
mushroom masala kha ke vadiya feel hoya.,5,good,punjabi
The mushroom masala tasted good.,5,good,english
atmosphere was absolutely worst.,1,bad,english
such a excellent dessert.,5,good,english
the salad tasted nasty.,1,bad,english
egg curry nodoke bombat.,5,good,kannada
idli ekdum badhiya hai.,4,good,hindi
aaj ka vada bekaar tha.,3,bad,hindi
lunch tumba worst agide.,1,bad,kannada
The dessert tasted pathetic.,2,bad,english
such a nasty mushroom masala.,1,bad,english
chapati bahut sahi hai hai.,5,good,hindi
ivattu puri sari illa.,2,bad,kannada
eeroju paratha worst ga undi.,2,bad,telugu
oota chala baga chesaru.,4,good,telugu
fish curry kha ke maza aa gaya.,5,good,hindi
meal chennagide.,5,good,kannada
khichdi kha ke mood kharab.,1,bad,hindi
aaj ka poha zabardast tha.,4,good,hindi
chutney nodoke worst agide.,3,bad,kannada
curry tinte chetta anipinchindi.,1,bad,telugu
kadai chicken kha ke bekar feel hoya.,1,bad,punjabi
"hated the curry, it was worst.",2,bad,english
aaj khana att si.,5,good,punjabi
da upma tasted tasteless.,2,bad,english
da khana ws brilliant.,5,good,english
curry ekdum ek number hai.,5,good,hindi
I had a gross khichdi.,2,bad,english
dal makhani full sari illa.,1,bad,kannada
pulao bahut bekar hai.,1,bad,hindi
Ivattu raita thu.,1,bad,kannada
puri full waste.,1,bad,kannada
staff was absolutely tasteless.,1,bad,english
chole kha ke mood kharab.,1,bad,hindi
poha chala baga chesaru.,5,good,telugu
bhatura full sakath.,5,good,kannada
idli nodoke mast agide.,5,good,kannada
salad full ruchi illa.,3,bad,kannada
curd att hai.,4,good,punjabi
Eeroju kadai chicken ruchi ga undi.,4,good,telugu
Really horrible kadai chicken.,1,bad,english
Such a lovely quality.,5,good,english
bhatura ekdum swadisht hai.,4,good,hindi
biryani kha ke maada feel hoya.,2,bad,punjabi
Really outstanding poha.,5,good,english
rice ekdum chii hai.,1,bad,hindi
pickle tumba chennagide.,5,good,kannada
dinner bahut vadiya lagya.,5,good,punjabi
bhatura kha ke mood kharab.,1,bad,hindi
The sambar tasted gross.,1,bad,english
really excellent vada.,4,good,english
puri mazza aa gaya hai.,4,good,punjabi
naan ruchi agide.,4,good,kannada
naan ruchi illa.,1,bad,kannada
bhojanam bahut swadisht hai.,5,good,hindi
vada tumba mast agide.,4,good,kannada
eeroju methi paratha super.,5,good,telugu
naan ruchi agide.,5,good,kannada
vada super agide.,5,good,kannada
biryani kha ke maza aa gaya.,5,good,hindi
naan tinte baga chesaru anipinchindi.,4,good,telugu
rajma ekdum gazab hai.,5,good,hindi
chicken chala baga chesaru.,4,good,telugu
pickle was absolutely horrible.,2,bad,english
Eeroju oota adhurs.,4,good,telugu
curd full chennagilla.,1,bad,kannada
aaj ka meal ek number tha.,5,good,hindi
egg curry matram ruchi ga undi.,5,good,telugu
lunch asalu baledu.,1,bad,telugu
chole asalu baledu.,3,bad,telugu
paneer pura att hai.,5,good,punjabi
curry nodoke tumba chennagide.,5,good,kannada
fish curry full kettadagide.,1,bad,kannada
khana kha ke swaad ni feel hoya.,2,bad,punjabi
egg curry was absolutely osm.,5,good,english
raita waste.,3,bad,kannada
dal swadisht hai.,5,good,hindi
butter chicken bahut vadiya hai.,4,good,punjabi
eeroju egg curry chetta.,1,bad,telugu
chole kha ke maza aa gaya.,4,good,hindi
eeroju dosa ruchi ledu.,1,bad,telugu
aaj ka khichdi bakwas tha.,1,bad,hindi
raita nodoke ruchi agide.,4,good,kannada
biryani tinte adhurs anipinchindi.,5,good,telugu
khichdi full waste.,1,bad,kannada
eeroju oota chala bagundi.,5,good,telugu
vada jama bakwaas hai.,1,bad,punjabi
dinner tinte ruchi ledu anipinchindi.,1,bad,telugu
roti adhurs.,5,good,telugu
curd tumba ruchi illa.,1,bad,kannada
I had a osm butter chicken.,5,good,english
aloo gobi kirrak.,5,good,telugu
fish curry swadisht hai.,5,good,hindi
butter chicken ekdum mood kharab hai.,1,bad,hindi
salad swaad lagya.,5,good,punjabi
chicken khatam lagya.,2,bad,punjabi
staff is horrible.,1,bad,english
palak paneer ekdum awesome hai.,5,good,hindi
sabzi ekdum lajawab hai.,4,good,hindi
bhojanam matram excellent ga undi.,5,good,telugu
palak paneer ghatiya hai.,1,bad,hindi
chicken ekdum ghatiya hai.,2,bad,hindi
"hated da khana, it ws worst.",1,bad,english
bhojanam maada lagya.,2,bad,punjabi
chapati nodoke ruchi illa.,1,bad,kannada
raita ekdum gazab hai.,5,good,hindi
Such a superb aloo gobi.,5,good,english
idli full sakath.,5,good,kannada
eeroju uttapam ruchi ga undi.,5,good,telugu
pulao nodoke kettadagide.,1,bad,kannada
dal jama ganda hai.,2,bad,punjabi
chapati excellent ga undi.,5,good,telugu
curd tumba worst agide.,3,bad,kannada
palak paneer chala ruchi ledu.,1,bad,telugu
chole nodoke worst agide.,2,bad,kannada
chole is lovely.,4,good,english
the sambar ws bad.,2,bad,english
such a delicious mess.,4,good,english
such a tasty meal.,5,good,english
really great dessert.,5,good,english
sabzi ekdum jhakaas hai.,4,good,hindi
biryani jama fuddu hai.,1,bad,punjabi
sabzi swaad hai.,5,good,punjabi
uttapam tumba mast agide.,5,good,kannada
aaj ka mixed veg bakwas tha.,1,bad,hindi
roti kirrak.,4,good,telugu
upma swadisht hai.,5,good,hindi
dinner vadiya hai.,5,good,punjabi
dosa ekdum mood kharab hai.,1,bad,hindi
mushroom masala ganda lagya.,1,bad,punjabi
raita ekdum zabardast hai.,4,good,hindi
Such a bland poha.,2,bad,english
roti changa hai.,5,good,punjabi
The mixed veg tasted tasty.,4,good,english
i had a dreadful puri.,2,bad,english
sabzi bahut chii hai.,2,bad,hindi
idli nodoke super agide.,5,good,kannada
Eeroju curd keka.,5,good,telugu
the rajma tasted poor.,1,bad,english
aaj butter chicken ghaint si.,5,good,punjabi
the rajma was bad.,1,bad,english
butter chicken full bekar.,1,bad,kannada
Really gross dal.,1,bad,english
biryani chala excellent ga undi.,5,good,telugu
Ivattu fish curry keka.,5,good,kannada
poha pura vadiya hai.,5,good,punjabi
butter chicken tinte adhurs anipinchindi.,4,good,telugu
roti kha ke mood kharab.,1,bad,hindi
aaj butter chicken sira si.,4,good,punjabi
puri swaad ni hai.,1,bad,punjabi
raita kha ke att feel hoya.,5,good,punjabi
The rice was terrible.,2,bad,english
meal chetta.,1,bad,telugu
salad ek number hai.,5,good,hindi
biryani chala chandalanga undi.,1,bad,telugu
khana khatam lagya.,3,bad,punjabi
chole bahut awesome hai.,5,good,hindi
mixed veg chala kirrak.,5,good,telugu
da vibe tasted gross.,1,bad,english
rajma chala waste.,1,bad,telugu
curd mazza aa gaya hai.,5,good,punjabi
aaj naan maada si.,1,bad,punjabi
meal was absolutely outstanding.,5,good,english
"Hated the mixed veg, it was horrible.",1,bad,english
sabzi ekdum badhiya hai.,5,good,hindi
breakfast fuddu hai.,3,bad,punjabi
Really outstanding sambar.,5,good,english
"Hated the raita, it was awful.",3,bad,english
eeroju dessert chetta.,1,bad,telugu
dinner worst ga undi.,3,bad,telugu
Such a great puri.,5,good,english
mushroom masala is disgusting.,2,bad,english
fish curry ruchi ledu.,3,bad,telugu
da bhojanam tasted tasteless.,1,bad,english
dosa khatam hai.,1,bad,punjabi
raita kha ke maza aa gaya.,5,good,hindi
aloo gobi ghaint lagya.,5,good,punjabi
eeroju chicken baledu.,2,bad,telugu
kadai chicken bahut kharaab hai.,1,bad,hindi
soup nodoke mast agide.,5,good,kannada
poha att lagya.,4,good,punjabi
biryani nodoke waste.,1,bad,kannada
chapati tumba bombat.,5,good,kannada
puri is tasteless.,1,bad,english
Eeroju poha excellent ga undi.,5,good,telugu
chole bahut badiya hai.,5,good,hindi
chutney asalu chala baledu.,1,bad,telugu
soup kha ke mood kharab.,1,bad,hindi
I had a bad khichdi.,1,bad,english
Ivattu roti sakath.,5,good,kannada
chicken tumba waste.,1,bad,kannada
paneer khatam hai.,1,bad,punjabi
aaj mixed veg bekar si.,1,bad,punjabi
breakfast chala keka.,4,good,telugu
"Loved the dessert, it was fantastic.",5,good,english
"Loved the quality, it was good.",5,good,english
ivattu lunch tumba chennagide.,5,good,kannada
such a good khichdi.,5,good,english
rice daridram.,3,bad,telugu
kadai chicken ekdum waste hai.,1,bad,hindi
salad pura bahut vadiya hai.,5,good,punjabi
pulao nodoke ruchi agide.,4,good,kannada
Eeroju dinner asalu baledu.,2,bad,telugu
baingan bharta bahut zabardast hai.,5,good,hindi
poha kha ke swaad ni feel hoya.,2,bad,punjabi
chapati bahut swadisht hai.,5,good,hindi
pulao full keka.,4,good,kannada
roti super.,4,good,telugu
kadai chicken ws absolutely wonderful.,5,good,english
bhojanam pura changa hai.,4,good,punjabi
quality was absolutely awful.,2,bad,english
vada jama maada hai.,1,bad,punjabi
methi paratha sari illa.,2,bad,kannada
"Loved the dinner, it was tasty.",4,good,english
aaj mushroom masala swaad si.,5,good,punjabi
aaj ka pickle ghatiya tha.,1,bad,hindi
bhojanam ghaint lagya.,5,good,punjabi
dal makhani full sakath.,4,good,kannada
aaj ka butter chicken awesome tha.,5,good,hindi
puri full chennagilla.,2,bad,kannada
breakfast chandalanga undi.,2,bad,telugu
breakfast is bland.,2,bad,english
pickle full super agide.,5,good,kannada
uttapam ekdum khatam hai.,1,bad,hindi
curd nodoke kettadagide.,2,bad,kannada
the mushroom masala tasted bad.,1,bad,english
puri was absolutely dreadful.,1,bad,english
i had a disgusting paneer.,1,bad,english
"Loved the place, it ws amazing.",5,good,english
kadai chicken pura vadiya hai.,5,good,punjabi
really bland place.,1,bad,english
soup matram adhurs.,4,good,telugu
Ivattu khana thu.,1,bad,kannada
aaj paratha bekaar si.,1,bad,punjabi
dosa pura vadiya hai.,5,good,punjabi
soup nodoke tumba chennagide.,4,good,kannada
puri ekdum lajawab hai.,4,good,hindi
khana swaad ni hai.,2,bad,punjabi
pulao bekar hai.,2,bad,punjabi
vada nodoke bekar.,2,bad,kannada
dal makhani kha ke maza aa gaya.,5,good,hindi
chole waste.,1,bad,telugu
dal kha ke ganda feel hoya.,1,bad,punjabi
rajma pura changa hai.,4,good,punjabi
soup is outstanding.,4,good,english
mushroom masala tumba chennagide.,5,good,kannada
uttapam kha ke mood kharab.,1,bad,hindi
curd full ruchi illa.,1,bad,kannada
chicken waste.,1,bad,telugu
The pickle was awful.,1,bad,english
khichdi sira hai.,5,good,punjabi
upma bahut mast hai.,5,good,hindi
naan ekdum gazab hai.,5,good,hindi
meal full chennagilla.,1,bad,kannada
aaj ka kadai chicken khatam tha.,2,bad,hindi
curry full chennagide.,5,good,kannada
ivattu pickle tumba chennagide.,4,good,kannada
palak paneer tumba sakath.,4,good,kannada
rajma tinte ruchi ledu anipinchindi.,1,bad,telugu
Really horrible service.,2,bad,english
da dinner tasted op.,5,good,english
naan bahut sahi hai hai.,5,good,hindi
palak paneer ekdum badiya hai.,5,good,hindi
dessert matram adhurs.,4,good,telugu
lunch kha ke maza aa gaya.,5,good,hindi
place is great.,5,good,english
dal makhani mood kharab hai.,1,bad,hindi
aaj dal makhani att si.,5,good,punjabi
palak paneer att lagya.,4,good,punjabi
mixed veg kirrak.,4,good,telugu
bhojanam kha ke maza aa gaya.,4,good,hindi
dal mast agide.,5,good,kannada
ivattu dal ruchi illa.,1,bad,kannada
pulao excellent ga undi.,4,good,telugu
the egg curry was tasteless.,1,bad,english
aaj biryani ganda si.,1,bad,punjabi
dal makhani kha ke khatam feel hoya.,1,bad,punjabi
vada full tumba chennagide.,5,good,kannada
dal kha ke maada feel hoya.,1,bad,punjabi
curd bekar lagya.,2,bad,punjabi
chole att lagya.,4,good,punjabi
mushroom masala kha ke bekaar feel hoya.,2,bad,punjabi
Eeroju paratha kirrak.,5,good,telugu
the breakfast tasted bad.,1,bad,english
aaj dessert bekar si.,2,bad,punjabi
eeroju methi paratha asalu baledu.,1,bad,telugu
bhojanam keka.,4,good,kannada
Really tasty upma.,5,good,english
puri matram kirrak.,5,good,telugu
rajma kettadagide.,3,bad,kannada
fish curry ekdum bakwas hai.,1,bad,hindi
curry ekdum ghatiya hai.,1,bad,hindi
naan tinte adhurs anipinchindi.,4,good,telugu
kadai chicken waste.,1,bad,kannada
eeroju bhatura waste.,1,bad,telugu
vada kha ke mood kharab.,1,bad,hindi
puri pura changa hai.,4,good,punjabi
soup kha ke maza aa gaya.,5,good,hindi
methi paratha bahut sahi hai hai.,4,good,hindi
curry pura mazza aa gaya hai.,4,good,punjabi
aloo gobi bahut mast hai.,5,good,hindi
aaj ka baingan bharta awesome tha.,5,good,hindi
The khichdi ws osm.,5,good,english
mushroom masala matram keka.,4,good,telugu
puri tinte baga chesaru anipinchindi.,5,good,telugu
meal full chennagide.,4,good,kannada
butter chicken bahut bekar hai.,2,bad,hindi
rice chennagide.,5,good,kannada
biryani nodoke bombat.,4,good,kannada
Eeroju lunch worst ga undi.,3,bad,telugu
egg curry fuddu lagya.,2,bad,punjabi
baingan bharta full bombat.,5,good,kannada
Eeroju rajma waste.,1,bad,telugu
rice nodoke bekar.,1,bad,kannada
biryani chennagide.,5,good,kannada
naan tumba chennagilla.,1,bad,kannada
fish curry tumba bekar.,1,bad,kannada
Ivattu pickle sari illa.,2,bad,kannada
chicken khatam hai.,1,bad,punjabi
pulao bahut sahi h hai.,5,good,hindi
poha matram ruchi ga undi.,4,good,telugu
paratha kha ke maza aa gaya.,5,good,hindi
sambar bahut awesome hai.,5,good,hindi
pulao ekdum bakwas hai.,3,bad,hindi
chutney chala ruchi ledu.,1,bad,telugu
ivattu biryani chennagide.,4,good,kannada
lunch ekdum gazab hai.,4,good,hindi
I had a poor lunch.,2,bad,english
chicken jama ganda hai.,2,bad,punjabi
eeroju salad daridram.,2,bad,telugu
i had a bad khichdi.,1,bad,english
baingan bharta is tasteless.,1,bad,english
ivattu dal makhani chennagilla.,3,bad,kannada
aaj biryani ganda si.,1,bad,punjabi
dal chandalanga undi.,1,bad,telugu
raita bahut bekaar hai.,2,bad,hindi
ivattu chicken tumba chennagide.,5,good,kannada
lunch bahut lajawab hai.,4,good,hindi
meal jama maada hai.,2,bad,punjabi
chapati badhiya hai.,5,good,hindi
curd is awful.,1,bad,english
breakfast tinte baga chesaru anipinchindi.,4,good,telugu
chicken was absolutely lovely.,5,good,english
Eeroju poha daridram.,3,bad,telugu
aaj fish curry ghaint si.,4,good,punjabi
aloo gobi badiya hai.,5,good,hindi
egg curry asalu chala baledu.,3,bad,telugu
Really amazing sabzi.,5,good,english
The dinner tasted disgusting.,1,bad,english
rice khatam hai.,1,bad,punjabi
aaj ka chicken khatam tha.,2,bad,hindi
uttapam kha ke bekar feel hoya.,1,bad,punjabi
aaj aloo gobi att si.,5,good,punjabi
aaj ka meal ghatiya tha.,2,bad,hindi
vada was absolutely great.,5,good,english
eeroju curry chala baledu.,2,bad,telugu
chutney kha ke ganda feel hoya.,2,bad,punjabi
dosa bahut jhakaas hai.,5,good,hindi
paneer asalu waste.,1,bad,telugu
such a bad uttapam.,2,bad,english
egg curry kha ke maza aa gaya.,4,good,hindi
bhatura tumba sari illa.,1,bad,kannada
sabzi tinte waste anipinchindi.,1,bad,telugu
dal makhani jama fuddu hai.,1,bad,punjabi
puri ekdum mast hai.,4,good,hindi
Really osm sambar.,4,good,english
paratha thu.,2,bad,kannada
methi paratha asalu baledu.,2,bad,telugu
uttapam ekdum bekaar hai.,1,bad,hindi
dal makhani kha ke bekaar feel hoya.,1,bad,punjabi
dinner tumba chennagide.,5,good,kannada
lunch khatam lagya.,1,bad,punjabi
egg curry kha ke mood kharab.,1,bad,hindi
aloo gobi tinte chala bagundi anipinchindi.,5,good,telugu
pickle not good hai.,1,bad,hindi
chutney full tumba chennagide.,4,good,kannada
sabzi full mast agide.,5,good,kannada
eeroju pulao asalu baledu.,1,bad,telugu
sambar asalu chandalanga undi.,3,bad,telugu
ivattu soup ruchi agide.,4,good,kannada
Eeroju bhatura worst ga undi.,1,bad,telugu
pickle full thu.,1,bad,kannada
dinner chala excellent ga undi.,4,good,telugu
fish curry tumba ruchi agide.,5,good,kannada
dal tumba chennagilla.,1,bad,kannada
butter chicken ekdum ek number hai.,5,good,hindi
naan kha ke swaad ni feel hoya.,1,bad,punjabi
Really brilliant fish curry.,5,good,english
roti kha ke maza aa gaya.,5,good,hindi
mushroom masala tinte excellent ga undi anipinchindi.,5,good,telugu
khichdi kha ke mood kharab.,1,bad,hindi
"Loved da dal makhani, it was op.",5,good,english
Eeroju poha bagundi.,5,good,telugu
chutney tinte ruchi ledu anipinchindi.,1,bad,telugu
butter chicken kha ke changa feel hoya.,4,good,punjabi
fish curry full waste.,1,bad,kannada
aaj ka raita sahi hai tha.,5,good,hindi
dinner bahut ek number hai.,5,good,hindi
Really perfect dessert.,4,good,english
dal makhani asalu ruchi ledu.,1,bad,telugu
Such a great mixed veg.,5,good,english
sabzi matram kirrak.,5,good,telugu
butter chicken waste.,1,bad,kannada
aaj ka puri kharaab tha.,1,bad,hindi
food full kettadagide.,1,bad,kannada
aaj butter chicken sira si.,5,good,punjabi
Ivattu sabzi bekar.,3,bad,kannada
aaj ka biryani ghatiya tha.,1,bad,hindi
eeroju egg curry adhurs.,5,good,telugu
aaj dal makhani bakwaas si.,2,bad,punjabi
vada att hai.,5,good,punjabi
kadai chicken tumba kettadagide.,1,bad,kannada
The idli was amazing.,5,good,english
biryani kha ke maza aa gaya.,4,good,hindi
I had a poor methi paratha.,1,bad,english
lunch vadiya hai.,5,good,punjabi
the meal was bland.,2,bad,english
eeroju biryani excellent ga undi.,5,good,telugu
"Loved the palak paneer, it was fantastic.",5,good,english
chicken full bekar.,2,bad,kannada
the chicken tasted perfect.,5,good,english
the soup was awful.,2,bad,english
The methi paratha was bland.,1,bad,english
aaj ka idli lajawab tha.,5,good,hindi
vada bakwaas hai.,2,bad,punjabi
chole swaad ni lagya.,1,bad,punjabi
"Hated da bhojanam, it ws bad.",1,bad,english
dal makhani full chennagide.,5,good,kannada
pickle ekdum badhiya hai.,5,good,hindi
butter chicken khatam hai.,1,bad,punjabi
meal was absolutely excellent.,4,good,english
pickle full ruchi agide.,5,good,kannada
butter chicken pura changa hai.,4,good,punjabi
rajma full worst agide.,2,bad,kannada
naan full bombat.,5,good,kannada
aaj ka khana kharaab tha.,2,bad,hindi
roti kha ke mood kharab.,1,bad,hindi
I had a osm palak paneer.,4,good,english
paneer swaad hai.,5,good,punjabi
aaj ka dessert badiya tha.,5,good,hindi
aaj paratha vadiya si.,5,good,punjabi
baingan bharta chala daridram.,1,bad,telugu
pickle full ruchi agide.,4,good,kannada
curd bahut waste hai.,1,bad,hindi
chapati kha ke mood kharab.,3,bad,hindi
biryani is disgusting.,1,bad,english
breakfast chala ruchi ga undi.,5,good,telugu
sabzi keka.,4,good,kannada
the idli tasted fantastic.,5,good,english
chole chennagilla.,1,bad,kannada
aaj dinner mazza aa gaya si.,4,good,punjabi
aaj paratha changa si.,4,good,punjabi
meal kha ke maza aa gaya.,4,good,hindi
eeroju idli worst ga undi.,2,bad,telugu
paratha bahut badhiya hai.,5,good,hindi
chapati asalu daridram.,3,bad,telugu
dosa full bombat.,5,good,kannada
aaj egg curry changa si.,4,good,punjabi
fish curry baga chesaru.,5,good,telugu
curry ekdum bekar hai.,3,bad,hindi
salad asalu baledu.,2,bad,telugu
ivattu biryani worst agide.,2,bad,kannada
"loved the chutney, it was excellent.",5,good,english
pulao att lagya.,5,good,punjabi
the curry was gross.,1,bad,english
fish curry chala baga chesaru.,4,good,telugu
Such a superb paneer.,4,good,english
paratha nodoke super agide.,5,good,kannada
aaj ka dal makhani mast tha.,5,good,hindi
breakfast bahut lajawab hai.,5,good,hindi
butter chicken nodoke ruchi agide.,4,good,kannada
aaj dosa fuddu si.,1,bad,punjabi
paratha tinte chala bagundi anipinchindi.,5,good,telugu
food tinte kirrak anipinchindi.,5,good,telugu
The kadai chicken tasted poor.,1,bad,english
sambar ekdum mood kharab hai.,3,bad,hindi
rajma kha ke bekar feel hoya.,2,bad,punjabi
lunch kha ke swaad feel hoya.,4,good,punjabi
staff is good.,5,good,english
"Loved the aloo gobi, it ws good.",4,good,english
aaj ka upma ghatiya tha.,2,bad,hindi
food bahut awesome hai.,4,good,hindi
chole changa hai.,4,good,punjabi
the paneer tasted pathetic.,1,bad,english
salad zabardast hai.,4,good,hindi
food jama bekaar hai.,1,bad,punjabi
Really unpleasant rajma.,1,bad,english
Ivattu meal keka.,4,good,kannada
Ivattu lunch ruchi illa.,1,bad,kannada
paneer ekdum not good hai.,2,bad,hindi
egg curry nodoke sari illa.,2,bad,kannada
aaj salad ghaint si.,4,good,punjabi
egg curry waste.,1,bad,telugu
aaj rajma bekar si.,1,bad,punjabi
breakfast swaad lagya.,5,good,punjabi
roti chala bagundi.,5,good,telugu
Ivattu idli chennagilla.,3,bad,kannada
lunch asalu asalu baledu.,1,bad,telugu
aaj fish curry maada si.,2,bad,punjabi
da salad tasted outstanding.,4,good,english
Such a tasteless dessert.,1,bad,english
vada tinte keka anipinchindi.,4,good,telugu
dinner jama bekaar hai.,1,bad,punjabi
dinner kha ke changa feel hoya.,5,good,punjabi
poha not good hai.,1,bad,hindi
"Hated the baingan bharta, it was disgusting.",1,bad,english
food ruchi agide.,5,good,kannada
sambar sari illa.,1,bad,kannada
raita nodoke tumba chennagide.,5,good,kannada
meal full sakath.,5,good,kannada
khichdi ek number hai.,5,good,hindi
curry sakath.,5,good,kannada
The atmosphere tasted wonderful.,5,good,english
roti chala chetta.,2,bad,telugu
dosa chala baga chesaru.,5,good,telugu
aaj ka vada bekaar tha.,3,bad,hindi
sabzi bahut mast hai.,4,good,hindi
baingan bharta matram keka.,5,good,telugu
dal makhani ganda hai.,1,bad,punjabi
khichdi waste hai.,1,bad,hindi
Such a gross dinner.,1,bad,english
really great mushroom masala.,5,good,english
vibe ws absolutely worst.,1,bad,english
breakfast ekdum mast hai.,4,good,hindi
really wonderful idli.,5,good,english
chole full tumba chennagide.,4,good,kannada
mixed veg tumba chennagide.,5,good,kannada
sambar pura mazza aa gaya hai.,5,good,punjabi
fish curry chala super.,4,good,telugu
aaj khichdi swaad si.,5,good,punjabi
breakfast matram ruchi ga undi.,5,good,telugu
roti tumba bombat.,4,good,kannada
Really excellent chole.,5,good,english
butter chicken swaad lagya.,5,good,punjabi
methi paratha khatam lagya.,2,bad,punjabi
food ekdum mast hai.,5,good,hindi
the egg curry was osm.,5,good,english
The curd was tasty.,4,good,english
raita bahut ek number hai.,5,good,hindi
aaj ka vada lajawab tha.,5,good,hindi
Such a perfect salad.,5,good,english
Eeroju sambar chetta.,1,bad,telugu
fish curry nodoke worst agide.,1,bad,kannada
fish curry bahut ghatiya hai.,1,bad,hindi
food kha ke ganda feel hoya.,1,bad,punjabi
raita tinte adhurs anipinchindi.,5,good,telugu
eeroju dal chandalanga undi.,1,bad,telugu
ivattu mixed veg thu.,1,bad,kannada
chicken tinte daridram anipinchindi.,1,bad,telugu
staff was absolutely worst.,1,bad,english
aaj ka pulao bekaar tha.,2,bad,hindi
eeroju lunch chandalanga undi.,1,bad,telugu
rajma kha ke ghaint feel hoya.,5,good,punjabi
bhojanam chala excellent ga undi.,4,good,telugu
"Loved the pickle, it was delicious.",4,good,english
dosa chala ruchi ga undi.,5,good,telugu
Really awful oota.,3,bad,english
dessert fuddu lagya.,1,bad,punjabi
dinner ruchi illa.,1,bad,kannada
bhojanam chala chala baledu.,1,bad,telugu
palak paneer khatam lagya.,2,bad,punjabi
upma ghaint hai.,4,good,punjabi
kadai chicken tinte chala bagundi anipinchindi.,5,good,telugu
the baingan bharta tasted disgusting.,1,bad,english
lunch kha ke mood kharab.,1,bad,hindi
soup super agide.,4,good,kannada
ivattu kadai chicken worst agide.,2,bad,kannada
pickle tumba tumba chennagide.,5,good,kannada
Ivattu khana thu.,1,bad,kannada
mixed veg full keka.,4,good,kannada
bhojanam kha ke mazza aa gaya feel hoya.,5,good,punjabi
Such a poor food.,2,bad,english
bhatura changa lagya.,4,good,punjabi
food full bekar.,3,bad,kannada
the salad was op.,5,good,english
chutney nodoke sari illa.,1,bad,kannada
The paneer ws op.,5,good,english
Eeroju kadai chicken daridram.,1,bad,telugu
the paratha was terrible.,3,bad,english
aloo gobi bahut vadiya lagya.,4,good,punjabi
Eeroju sambar ruchi ledu.,1,bad,telugu
food jama bekar hai.,1,bad,punjabi
fish curry tumba kettadagide.,1,bad,kannada
pickle matram excellent ga undi.,5,good,telugu
curd tinte asalu baledu anipinchindi.,2,bad,telugu
the biryani ws gross.,1,bad,english
dessert was absolutely osm.,4,good,english
pickle ghaint hai.,5,good,punjabi
the egg curry was bad.,1,bad,english
aaj ka curd chii tha.,1,bad,hindi
naan nodoke worst agide.,1,bad,kannada
sabzi pura att hai.,5,good,punjabi
dosa tinte asalu baledu anipinchindi.,1,bad,telugu
butter chicken sari illa.,1,bad,kannada
aaj chole khatam si.,1,bad,punjabi
aaj ka pickle badiya tha.,4,good,hindi
dal makhani was absolutely nasty.,2,bad,english
kadai chicken asalu worst ga undi.,1,bad,telugu
aloo gobi mast agide.,5,good,kannada
methi paratha daridram.,1,bad,telugu
da service ws amazing.,4,good,english
palak paneer tinte chandalanga undi anipinchindi.,1,bad,telugu
paneer ekdum bekar hai.,2,bad,hindi
aaj ka curd bekaar tha.,2,bad,hindi
palak paneer khatam hai.,1,bad,punjabi
biryani chala kirrak.,4,good,telugu
dessert bahut ghatiya hai.,2,bad,hindi
meal bekar lagya.,3,bad,punjabi
bhojanam sakath.,5,good,kannada
chole changa lagya.,4,good,punjabi
dal bahut jhakaas hai.,4,good,hindi
Eeroju curd worst ga undi.,1,bad,telugu
aaj ka pulao bekaar tha.,3,bad,hindi
dal makhani asalu daridram.,1,bad,telugu
the uttapam was perfect.,4,good,english
The breakfast tasted lovely.,5,good,english
ivattu khichdi ruchi agide.,4,good,kannada
dessert bahut not good hai.,1,bad,hindi
aaj dal ganda si.,1,bad,punjabi
the uttapam was op.,5,good,english
methi paratha full bombat.,4,good,kannada
Eeroju rice excellent ga undi.,5,good,telugu
aaj ka meal bekar tha.,2,bad,hindi
rajma bahut sahi hai hai.,5,good,hindi
"loved the fish curry, it was fantastic.",5,good,english
meal chala chala baledu.,1,bad,telugu
such a fantastic paratha.,5,good,english
salad matram bagundi.,4,good,telugu
Really terrible meal.,1,bad,english
khana bahut zabardast hai.,4,good,hindi
aaj ka pulao mast tha.,5,good,hindi
khana matram adhurs.,5,good,telugu
paneer ws absolutely wonderful.,5,good,english
butter chicken bahut not good hai.,1,bad,hindi
eeroju raita super.,5,good,telugu
khana excellent ga undi.,5,good,telugu
the sabzi tasted pathetic.,2,bad,english
dosa nodoke ruchi agide.,5,good,kannada
khana ruchi ledu.,2,bad,telugu
aloo gobi kha ke mood kharab.,2,bad,hindi
mixed veg ekdum mast hai.,5,good,hindi
palak paneer pura swaad hai.,5,good,punjabi
soup chala worst ga undi.,2,bad,telugu
the food tasted unpleasant.,1,bad,english
I had a nasty egg curry.,1,bad,english
Ivattu paratha ruchi illa.,1,bad,kannada
puri chandalanga undi.,1,bad,telugu
"Loved da fish curry, it ws great.",5,good,english
khichdi swaad ni hai.,2,bad,punjabi
lunch full thu.,1,bad,kannada
vada ekdum bakwas hai.,2,bad,hindi
really pathetic egg curry.,1,bad,english
sabzi bahut jhakaas hai.,4,good,hindi
palak paneer nodoke tumba chennagide.,5,good,kannada
aaj ka sambar gazab tha.,4,good,hindi
oota kha ke mood kharab.,1,bad,hindi
vibe is perfect.,5,good,english
Ivattu naan ruchi agide.,5,good,kannada
eeroju rice chetta.,2,bad,telugu
Really amazing sambar.,4,good,english
Ivattu salad tumba chennagide.,4,good,kannada
dal sari illa.,3,bad,kannada
egg curry is worst.,2,bad,english
such a horrible pulao.,1,bad,english
biryani bekar.,2,bad,kannada
Really pathetic puri.,1,bad,english
idli mazza aa gaya hai.,5,good,punjabi
da atmosphere tasted lovely.,5,good,english
mushroom masala keka.,4,good,kannada
naan asalu baledu.,1,bad,telugu
bhojanam ekdum zabardast hai.,5,good,hindi
aaj ka kadai chicken lajawab tha.,5,good,hindi
mixed veg bombat.,4,good,kannada
ivattu bhojanam thu.,2,bad,kannada
puri nodoke chennagilla.,1,bad,kannada
mushroom masala bekar lagya.,1,bad,punjabi
poha was absolutely brilliant.,5,good,english
"Hated da baingan bharta, it was pathetic.",1,bad,english
The sabzi was awful.,3,bad,english
aaj dosa sira si.,5,good,punjabi
the mess was horrible.,2,bad,english
"Hated the dal makhani, it was nasty.",2,bad,english
sambar nodoke bombat.,5,good,kannada
Such a awful mess.,1,bad,english
egg curry bekar hai.,1,bad,hindi
chapati tumba bekar.,1,bad,kannada
bhojanam kha ke maza aa gaya.,5,good,hindi
mushroom masala tumba chennagide.,5,good,kannada
methi paratha nodoke chennagilla.,1,bad,kannada
paratha bekaar lagya.,2,bad,punjabi
biryani tinte chetta anipinchindi.,3,bad,telugu
"Loved the dal makhani, it was fantastic.",4,good,english
"Hated da mess, it ws bad.",1,bad,english
aloo gobi att hai.,4,good,punjabi
poha chennagilla.,1,bad,kannada
aaj poha bekaar si.,2,bad,punjabi
The khichdi tasted gross.,1,bad,english
aloo gobi lajawab hai.,4,good,hindi
pulao tinte baledu anipinchindi.,2,bad,telugu
the bhojanam was osm.,5,good,english
eeroju poha bagundi.,5,good,telugu
aaj dessert bahut vadiya si.,4,good,punjabi
biryani chala ruchi ga undi.,4,good,telugu
naan ekdum swadisht hai.,4,good,hindi
eeroju upma asalu baledu.,3,bad,telugu
dal matram excellent ga undi.,4,good,telugu
Ivattu palak paneer thu.,2,bad,kannada
aaj palak paneer bahut vadiya si.,5,good,punjabi
i had a worst mixed veg.,1,bad,english
biryani bombat.,5,good,kannada
khichdi adhurs.,5,good,telugu
aaj aloo gobi maada si.,2,bad,punjabi
Really bland chutney.,2,bad,english
aaj ka butter chicken khatam tha.,2,bad,hindi
chole chala excellent ga undi.,4,good,telugu
dal tumba bekar.,2,bad,kannada
i had a superb palak paneer.,5,good,english
dal makhani ekdum kharaab hai.,2,bad,hindi
breakfast is disgusting.,1,bad,english
aaj ka dal makhani mood kharab tha.,1,bad,hindi
dal ganda hai.,1,bad,punjabi
Such a delicious poha.,5,good,english
khana full sakath.,4,good,kannada
butter chicken kha ke maza aa gaya.,4,good,hindi
lunch bakwaas hai.,1,bad,punjabi
curry ghaint hai.,4,good,punjabi
baingan bharta pura ghaint hai.,5,good,punjabi
khichdi tumba chennagide.,5,good,kannada
i had a delicious khana.,4,good,english
da butter chicken was dreadful.,2,bad,english
the methi paratha ws tasteless.,2,bad,english
mixed veg kha ke khatam feel hoya.,1,bad,punjabi
lunch kettadagide.,2,bad,kannada
aaj dal makhani att si.,4,good,punjabi
puri nodoke bombat.,4,good,kannada
paneer matram adhurs.,5,good,telugu
methi paratha kha ke sira feel hoya.,5,good,punjabi
meal chala kirrak.,4,good,telugu
roti ekdum mood kharab hai.,2,bad,hindi
idli tinte keka anipinchindi.,4,good,telugu
biryani tinte baga chesaru anipinchindi.,5,good,telugu
khana bahut waste hai.,2,bad,hindi
mushroom masala nodoke bombat.,4,good,kannada
food kha ke khatam feel hoya.,1,bad,punjabi
soup was absolutely dreadful.,1,bad,english
chicken full waste.,1,bad,kannada
raita kha ke maada feel hoya.,1,bad,punjabi
vada bakwas hai.,1,bad,hindi
raita tinte waste anipinchindi.,1,bad,telugu
Ivattu dal sakath.,4,good,kannada
chapati full chennagilla.,1,bad,kannada
bhojanam keka.,5,good,kannada
palak paneer tumba waste.,2,bad,kannada
Really terrible service.,1,bad,english
upma chala excellent ga undi.,4,good,telugu
aaj ka naan waste tha.,1,bad,hindi
I had a delicious pickle.,5,good,english
fish curry asalu chandalanga undi.,1,bad,telugu
pickle ek number hai.,5,good,hindi
i had a unpleasant breakfast.,1,bad,english
dessert matram kirrak.,4,good,telugu
ivattu breakfast kettadagide.,1,bad,kannada
methi paratha was absolutely worst.,2,bad,english
vada chennagilla.,2,bad,kannada
aaj uttapam swaad ni si.,1,bad,punjabi
paratha zabardast hai.,5,good,hindi
food ekdum badhiya hai.,5,good,hindi
lunch khatam hai.,1,bad,punjabi
aaj mushroom masala fuddu si.,1,bad,punjabi
i had a outstanding lunch.,5,good,english
"hated the oota, it was horrible.",1,bad,english
Ivattu methi paratha chennagilla.,1,bad,kannada
dosa is bad.,2,bad,english
the soup ws horrible.,2,bad,english
fish curry tinte excellent ga undi anipinchindi.,5,good,telugu
methi paratha super agide.,5,good,kannada
rice bakwas hai.,2,bad,hindi
i had a lovely quality.,5,good,english
aaj dinner maada si.,2,bad,punjabi
curd pura swaad hai.,4,good,punjabi
pickle is op.,5,good,english
curry sari illa.,1,bad,kannada
curd chala bagundi.,5,good,telugu
chutney full super agide.,4,good,kannada
poha tumba chennagilla.,1,bad,kannada
salad tinte bagundi anipinchindi.,4,good,telugu
mixed veg full worst agide.,1,bad,kannada
khana kha ke vadiya feel hoya.,5,good,punjabi
eeroju meal chala baledu.,1,bad,telugu
ivattu roti tumba chennagide.,5,good,kannada
Eeroju poha ruchi ledu.,1,bad,telugu
mushroom masala nodoke bekar.,3,bad,kannada
sambar pura changa hai.,5,good,punjabi
kadai chicken kha ke ghaint feel hoya.,4,good,punjabi
fish curry waste.,3,bad,telugu
mixed veg mazza aa gaya hai.,5,good,punjabi
khana bahut kharaab hai.,1,bad,hindi
really pathetic puri.,1,bad,english
mushroom masala kha ke maza aa gaya.,4,good,hindi
mixed veg kha ke maza aa gaya.,5,good,hindi
such a lovely place.,4,good,english
salad ghaint lagya.,5,good,punjabi
aaj food swaad ni si.,1,bad,punjabi
upma kha ke maza aa gaya.,5,good,hindi
lunch tumba worst agide.,2,bad,kannada
"loved the egg curry, it was op.",4,good,english
paneer bahut bekaar hai.,1,bad,hindi
Really excellent egg curry.,5,good,english
egg curry nodoke bekar.,1,bad,kannada
mixed veg kha ke mood kharab.,1,bad,hindi
Ivattu puri sari illa.,2,bad,kannada
khana daridram.,1,bad,telugu
raita tinte baledu anipinchindi.,1,bad,telugu
rajma is good.,4,good,english
chapati swaad ni hai.,3,bad,punjabi
puri fuddu lagya.,1,bad,punjabi
uttapam tumba ruchi agide.,4,good,kannada
mushroom masala is bad.,1,bad,english
pulao excellent ga undi.,4,good,telugu
The curd tasted amazing.,4,good,english
mushroom masala nodoke bombat.,5,good,kannada
Really pathetic curry.,2,bad,english
"hated the food, it was pathetic.",1,bad,english
fish curry full sari illa.,1,bad,kannada
puri tinte daridram anipinchindi.,2,bad,telugu
dosa kha ke mood kharab.,1,bad,hindi
aaj ka roti jhakaas tha.,5,good,hindi
idli tumba waste.,2,bad,kannada
chicken tinte chandalanga undi anipinchindi.,1,bad,telugu
dosa tinte baga chesaru anipinchindi.,5,good,telugu
paneer bahut badhiya hai.,5,good,hindi
aaj dessert fuddu si.,2,bad,punjabi
raita ganda lagya.,1,bad,punjabi
dal awesome hai.,4,good,hindi
paneer pura mazza aa gaya hai.,4,good,punjabi
Ivattu roti waste.,1,bad,kannada
really terrible mess.,2,bad,english
da place was gross.,1,bad,english
pickle pura ghaint hai.,5,good,punjabi
dal makhani chennagide.,4,good,kannada
roti bahut vadiya hai.,5,good,punjabi
uttapam tumba worst agide.,1,bad,kannada
the upma tasted pathetic.,2,bad,english
aaj vada fuddu si.,2,bad,punjabi
aaj ka chicken jhakaas tha.,4,good,hindi
meal matram chala bagundi.,5,good,telugu
mushroom masala chala chandalanga undi.,1,bad,telugu
I had a nice mess.,5,good,english
aaj chicken att si.,5,good,punjabi
chicken ekdum chii hai.,1,bad,hindi
salad tumba chennagilla.,3,bad,kannada
eeroju salad bagundi.,4,good,telugu
naan chennagide.,5,good,kannada
fish curry asalu baledu.,1,bad,telugu
Really worst staff.,2,bad,english
dal makhani pura vadiya hai.,5,good,punjabi
puri chala ruchi ledu.,2,bad,telugu
i had a excellent paratha.,4,good,english
salad jama bekaar hai.,1,bad,punjabi
Ivattu breakfast bombat.,5,good,kannada
really bad staff.,1,bad,english
aaj ka chutney ghatiya tha.,1,bad,hindi
eeroju idli adhurs.,5,good,telugu
aaj soup att si.,4,good,punjabi
lunch asalu baledu.,1,bad,telugu
"Loved the curd, it was superb.",4,good,english
salad swaad ni hai.,2,bad,punjabi
aaj palak paneer sira si.,5,good,punjabi
Ivattu chutney bekar.,1,bad,kannada
The salad ws unpleasant.,1,bad,english
curry swaad lagya.,4,good,punjabi
really bd poha.,2,bad,english
Eeroju idli waste.,1,bad,telugu
egg curry asalu ruchi ledu.,2,bad,telugu
paratha att hai.,4,good,punjabi
vada kha ke mood kharab.,2,bad,hindi
aaj ka mixed veg bakwas tha.,1,bad,hindi
dal makhani swaad hai.,4,good,punjabi
Ivattu breakfast chennagide.,5,good,kannada
Ivattu pulao mast agide.,5,good,kannada
dosa jama swaad ni hai.,2,bad,punjabi
Eeroju butter chicken daridram.,1,bad,telugu
eeroju rajma asalu baledu.,2,bad,telugu
dinner ekdum not gud hai.,1,bad,hindi
aaj rajma bakwaas si.,3,bad,punjabi
aaj ka curry mast tha.,4,good,hindi
vada kha ke maza aa gaya.,4,good,hindi
dosa nodoke worst agide.,1,bad,kannada
curry badiya hai.,5,good,hindi
butter chicken pura vadiya hai.,5,good,punjabi
fish curry tumba bekar.,1,bad,kannada
palak paneer asalu worst ga undi.,2,bad,telugu
palak paneer tinte daridram anipinchindi.,1,bad,telugu
khichdi asalu worst ga undi.,2,bad,telugu
kadai chicken bahut not good hai.,1,bad,hindi
dal makhani kha ke changa feel hoya.,5,good,punjabi
oota tinte adhurs anipinchindi.,4,good,telugu
dosa bekar lagya.,1,bad,punjabi
biryani ek number hai.,5,good,hindi
ivattu paneer chennagide.,5,good,kannada
soup tinte super anipinchindi.,5,good,telugu
eeroju poha kirrak.,5,good,telugu
aaj ka rajma khatam tha.,2,bad,hindi
palak paneer jama ganda hai.,1,bad,punjabi
roti tinte chetta anipinchindi.,2,bad,telugu
chutney ganda hai.,2,bad,punjabi
place was absolutely pathetic.,2,bad,english
rajma pura bahut vadiya hai.,5,good,punjabi
meal kha ke maza aa gaya.,5,good,hindi
aaj upma ganda si.,1,bad,punjabi
chutney tinte chetta anipinchindi.,1,bad,telugu
salad swaad ni hai.,1,bad,punjabi
methi paratha is pathetic.,1,bad,english
"hated the biryani, it was bad.",1,bad,english
mixed veg ruchi ga undi.,4,good,telugu
baingan bharta tumba chennagide.,5,good,kannada
da meal was dreadful.,1,bad,english
aaj lunch changa si.,5,good,punjabi
kadai chicken pura sira hai.,4,good,punjabi
"Hated the experience, it was dreadful.",2,bad,english
Ivattu vada sakath.,5,good,kannada
such a nasty curry.,1,bad,english
aaj breakfast maada si.,1,bad,punjabi
"hated the quality, it was unpleasant.",2,bad,english
aaj dosa ghaint si.,5,good,punjabi
fish curry super.,5,good,telugu
baingan bharta chala worst ga undi.,1,bad,telugu
meal ekdum ek number hai.,5,good,hindi
baingan bharta vadiya lagya.,4,good,punjabi
dosa full bombat.,5,good,kannada
dosa chandalanga undi.,1,bad,telugu
curry jama bakwaas hai.,1,bad,punjabi
raita full mast agide.,4,good,kannada
sabzi tumba kettadagide.,1,bad,kannada
aaj methi paratha ganda si.,2,bad,punjabi
biryani ekdum khatam hai.,1,bad,hindi
chutney khatam hai.,1,bad,hindi
aaj breakfast swaad si.,5,good,punjabi
sambar jama ganda hai.,1,bad,punjabi
dessert sira hai.,5,good,punjabi
aaj dal makhani fuddu si.,1,bad,punjabi
aaj ka soup chii tha.,1,bad,hindi
eeroju roti asalu baledu.,1,bad,telugu
Such a dreadful soup.,2,bad,english
egg curry asalu chandalanga undi.,1,bad,telugu
Eeroju oota ruchi ledu.,1,bad,telugu
bhatura bahut lajawab hai.,5,good,hindi
fish curry chala waste.,1,bad,telugu
kadai chicken bahut mood kharab hai.,1,bad,hindi
methi paratha kha ke khatam feel hoya.,1,bad,punjabi
mushroom masala chala keka.,5,good,telugu
poha chala daridram.,2,bad,telugu
aaj uttapam swaad ni si.,2,bad,punjabi
dosa kha ke mazza aa gaya feel hoya.,5,good,punjabi
dal makhani bahut swadisht hai.,5,good,hindi
sabzi kha ke khatam feel hoya.,1,bad,punjabi
food mast hai.,5,good,hindi
methi paratha nodoke thu.,1,bad,kannada
aaj ka chutney lajawab tha.,4,good,hindi
the sambar tasted disgusting.,1,bad,english
biryani ekdum badhiya hai.,5,good,hindi
methi paratha ekdum sahi hai hai.,4,good,hindi
ivattu uttapam sari illa.,3,bad,kannada
Ivattu raita tumba chennagide.,5,good,kannada
sambar tumba sari illa.,2,bad,kannada
egg curry bahut lajawab hai.,5,good,hindi
vada full chennagide.,5,good,kannada
Such a pathetic dinner.,1,bad,english
such a disgusting breakfast.,1,bad,english
chole matram excellent ga undi.,5,good,telugu
raita bahut mast hai.,5,good,hindi
I had a gross upma.,1,bad,english
rice asalu chandalanga undi.,1,bad,telugu
aaj ka soup zabardast tha.,5,good,hindi
sambar super agide.,5,good,kannada
"loved the soup, it was outstanding.",5,good,english
chicken is excellent.,4,good,english
"hated the rajma, it was terrible.",1,bad,english
eeroju food keka.,5,good,telugu
eeroju roti chala bagundi.,5,good,telugu
aaj dal maada si.,1,bad,punjabi
dal makhani asalu chetta.,2,bad,telugu
butter chicken full waste.,3,bad,kannada
really good methi paratha.,5,good,english
sabzi super agide.,5,good,kannada
palak paneer kha ke mood kharab.,1,bad,hindi
the biryani tasted bland.,2,bad,english
roti asalu daridram.,1,bad,telugu
Really lovely raita.,4,good,english
uttapam keka.,5,good,kannada
aloo gobi iz bland.,1,bad,english
dal makhani lajawab hai.,5,good,hindi
Such a tasteless uttapam.,1,bad,english
sabzi nodoke waste.,1,bad,kannada
rajma full waste.,1,bad,kannada
dal makhani jama maada hai.,1,bad,punjabi
egg curry bakwas hai.,2,bad,hindi
pickle bakwas hai.,2,bad,hindi
chicken kharaab hai.,1,bad,hindi
curry kha ke ghaint feel hoya.,5,good,punjabi
Eeroju dal makhani baledu.,1,bad,telugu
chole tumba tumba chennagide.,5,good,kannada
chicken kha ke mood kharab.,2,bad,hindi
dinner badiya hai.,5,good,hindi
"loved the dal makhani, it ws fantastic.",5,good,english
chapati is lovely.,4,good,english
Such a excellent dosa.,4,good,english
paratha ruchi agide.,5,good,kannada
upma kha ke maza aa gaya.,5,good,hindi
egg curry bahut khatam hai.,1,bad,hindi
dinner bekar hai.,2,bad,punjabi
dinner full bombat.,4,good,kannada
chicken was absolutely bland.,3,bad,english
lunch tumba worst agide.,1,bad,kannada
mixed veg bagundi.,5,good,telugu
egg curry bakwaas hai.,1,bad,punjabi
Eeroju naan keka.,5,good,telugu
Such a brilliant fish curry.,5,good,english
i had a great kadai chicken.,5,good,english
dessert swaad lagya.,4,good,punjabi
pickle asalu baledu.,2,bad,telugu
sabzi bekar hai.,1,bad,punjabi
Ivattu baingan bharta mast agide.,5,good,kannada
aloo gobi chala baledu.,2,bad,telugu
Such a brilliant dessert.,5,good,english
meal asalu waste.,1,bad,telugu
chutney ekdum sahi hai hai.,5,good,hindi
aaj puri vadiya si.,4,good,punjabi
chutney baga chesaru.,5,good,telugu
oota kharaab hai.,2,bad,hindi
the methi paratha tasted brilliant.,5,good,english
aaj khichdi khatam si.,1,bad,punjabi
The dessert was good.,5,good,english
khichdi chii hai.,2,bad,hindi
aaj khichdi bakwaas si.,1,bad,punjabi
aloo gobi ekdum ghatiya hai.,1,bad,hindi
eeroju dosa baledu.,1,bad,telugu
the upma tasted unpleasant.,2,bad,english
I had a terrible biryani.,3,bad,english
oota bahut badhiya hai.,5,good,hindi
chapati ekdum bekaar hai.,2,bad,hindi
"hated the rice, it was pathetic.",2,bad,english
Ivattu baingan bharta worst agide.,2,bad,kannada
aaj ka kadai chicken khatam tha.,1,bad,hindi
curd asalu worst ga undi.,3,bad,telugu
pulao was absolutely wonderful.,5,good,english
Really osm mixed veg.,5,good,english
oota tinte super anipinchindi.,5,good,telugu
the mixed veg was dreadful.,1,bad,english
salad fuddu lagya.,2,bad,punjabi
mixed veg kha ke mood kharab.,2,bad,hindi
raita maada hai.,1,bad,punjabi
Ivattu egg curry thu.,3,bad,kannada
aaj paneer khatam si.,1,bad,punjabi
dinner sakath.,4,good,kannada
aaj ka dinner chii tha.,3,bad,hindi
mushroom masala tinte ruchi ga undi anipinchindi.,5,good,telugu
Eeroju breakfast ruchi ga undi.,5,good,telugu
methi paratha jama bekar hai.,3,bad,punjabi
aaj egg curry bekaar si.,1,bad,punjabi
really bland dal makhani.,1,bad,english
salad nodoke chennagide.,5,good,kannada
palak paneer tumba chennagide.,5,good,kannada
chapati kharaab hai.,1,bad,hindi
i had a excellent uttapam.,5,good,english
pickle matram baga chesaru.,4,good,telugu
methi paratha bakwaas lagya.,1,bad,punjabi
Ivattu chapati keka.,5,good,kannada
lunch jama ganda hai.,1,bad,punjabi
aaj ka bhatura jhakaas tha.,5,good,hindi
khana ekdum badiya hai.,5,good,hindi
palak paneer kha ke maza aa gaya.,5,good,hindi
curd fuddu hai.,2,bad,punjabi
the paratha was amazing.,5,good,english
really wonderful bhojanam.,4,good,english
sambar bahut ghatiya hai.,1,bad,hindi
Ivattu chutney ruchi illa.,1,bad,kannada
sambar ekdum swadisht hai.,5,good,hindi
food tumba keka.,4,good,kannada
lunch full sari illa.,1,bad,kannada
aloo gobi kha ke bekaar feel hoya.,1,bad,punjabi
"loved the palak paneer, it was brilliant.",4,good,english
egg curry nodoke ruchi illa.,1,bad,kannada
rajma att lagya.,5,good,punjabi
raita tinte keka anipinchindi.,5,good,telugu
chole maada lagya.,2,bad,punjabi
dessert ws absolutely excellent.,5,good,english
aloo gobi bahut kharaab hai.,2,bad,hindi
aaj ka chapati bekar tha.,1,bad,hindi
upma tinte kirrak anipinchindi.,5,good,telugu
ivattu khichdi tumba chennagide.,5,good,kannada
vada matram excellent ga undi.,4,good,telugu
i had a nasty bhatura.,1,bad,english
rice tumba bekar.,1,bad,kannada
mushroom masala bahut mood kharab hai.,2,bad,hindi
aaj ka dessert sahi hai tha.,4,good,hindi
dosa ws absolutely excellent.,5,good,english
baingan bharta sakath.,4,good,kannada
dinner full chennagilla.,2,bad,kannada
vada chala waste.,3,bad,telugu
naan ekdum not good hai.,1,bad,hindi
lunch chala bagundi.,4,good,telugu
palak paneer kha ke maza aa gaya.,5,good,hindi
breakfast ghatiya hai.,2,bad,hindi
soup ruchi illa.,2,bad,kannada
lunch iz nasty.,2,bad,english
"loved the soup, it was op.",5,good,english
soup kha ke khatam feel hoya.,2,bad,punjabi
fish curry tumba keka.,5,good,kannada
dal makhani nodoke chennagide.,5,good,kannada
oota tumba super agide.,4,good,kannada
raita bekar lagya.,1,bad,punjabi
dessert sakath.,4,good,kannada
bhatura chala baledu.,2,bad,telugu
khichdi ekdum waste hai.,2,bad,hindi
aaj ka paratha zabardast tha.,5,good,hindi
vada tinte worst ga undi anipinchindi.,2,bad,telugu
aaj ka baingan bharta mood kharab tha.,1,bad,hindi
rajma bahut chii hai.,1,bad,hindi
meal nodoke ruchi illa.,2,bad,kannada
poha was absolutely good.,4,good,english
oota bahut badiya hai.,5,good,hindi
aaj ka rajma waste tha.,1,bad,hindi
soup not good hai.,2,bad,hindi
"Hated the curry, it was awful.",1,bad,english
aaj ka salad swadisht tha.,5,good,hindi
poha ruchi illa.,1,bad,kannada
methi paratha full chennagilla.,3,bad,kannada
eeroju dosa ruchi ledu.,1,bad,telugu
really superb mixed veg.,5,good,english
bhojanam adhurs.,5,good,telugu
curd kha ke ganda feel hoya.,2,bad,punjabi
ivattu salad keka.,4,good,kannada
baingan bharta asalu daridram.,2,bad,telugu
idli maada hai.,1,bad,punjabi
sambar chala super.,5,good,telugu
rice tumba ruchi agide.,4,good,kannada
rajma kha ke maza aa gaya.,5,good,hindi
paratha kha ke maza aa gaya.,4,good,hindi
dal makhani was absolutely terrible.,2,bad,english
palak paneer full sakath.,5,good,kannada
bhojanam kha ke att feel hoya.,5,good,punjabi
palak paneer chala excellent ga undi.,5,good,telugu
pulao nodoke waste.,1,bad,kannada
lunch chennagilla.,1,bad,kannada
such a terrible methi paratha.,1,bad,english
Really bland vada.,1,bad,english
bhatura keka.,5,good,kannada
rajma kha ke maza aa gaya.,5,good,hindi
mixed veg is awful.,1,bad,english
khana nodoke tumba chennagide.,5,good,kannada
dosa ruchi ledu.,2,bad,telugu
eeroju raita adhurs.,5,good,telugu
dosa bahut gazab hai.,5,good,hindi
aaj upma maada si.,2,bad,punjabi
bhatura bahut bakwas hai.,1,bad,hindi
the curd tasted fantastic.,5,good,english
upma kha ke maza aa gaya.,5,good,hindi
aaj sambar swaad si.,5,good,punjabi
aaj ka dal makhani gazab tha.,5,good,hindi
bhatura super agide.,5,good,kannada
dessert full ruchi illa.,2,bad,kannada
butter chicken mast agide.,5,good,kannada
meal kha ke maza aa gaya.,5,good,hindi
rajma mazza aa gaya hai.,5,good,punjabi
raita ganda lagya.,1,bad,punjabi
butter chicken jama bekar hai.,2,bad,punjabi
palak paneer chandalanga undi.,3,bad,telugu
aaj curd bekar si.,2,bad,punjabi
chutney chala baga chesaru.,4,good,telugu
aaj sambar ganda si.,1,bad,punjabi
butter chicken ruchi agide.,5,good,kannada
sabzi nodoke keka.,5,good,kannada
uttapam tumba waste.,2,bad,kannada
food kha ke ganda feel hoya.,1,bad,punjabi
curd chala chala bagundi.,5,good,telugu
I had a nice chole.,4,good,english
Ivattu food sari illa.,1,bad,kannada
oota ganda lagya.,3,bad,punjabi
fish curry kha ke mood kharab.,2,bad,hindi
salad tumba chennagide.,5,good,kannada
sabzi kirrak.,5,good,telugu
aaj ka rajma bakwas tha.,1,bad,hindi
salad tinte ruchi ledu anipinchindi.,3,bad,telugu
mixed veg matram excellent ga undi.,5,good,telugu
sambar kha ke fuddu feel hoya.,2,bad,punjabi
ivattu aloo gobi thu.,2,bad,kannada
curry not good hai.,1,bad,hindi
dinner asalu waste.,3,bad,telugu
aloo gobi bakwaas hai.,1,bad,punjabi
soup ws absolutely tasteless.,1,bad,english
chole daridram.,1,bad,telugu
rajma is bland.,2,bad,english
mixed veg nodoke sakath.,5,good,kannada
mushroom masala nodoke waste.,2,bad,kannada
breakfast worst agide.,2,bad,kannada
upma kha ke mood kharab.,2,bad,hindi
vada asalu chala baledu.,2,bad,telugu
poha bahut badiya hai.,5,good,hindi
chapati tinte worst ga undi anipinchindi.,1,bad,telugu
soup nodoke keka.,4,good,kannada
kadai chicken att hai.,4,good,punjabi
kadai chicken matram adhurs.,4,good,telugu
bhatura nodoke keka.,5,good,kannada
rice is worst.,2,bad,english
paneer keka.,5,good,kannada
sabzi chala excellent ga undi.,5,good,telugu
paneer kha ke ghaint feel hoya.,4,good,punjabi
aaj ka dal mood kharab tha.,1,bad,hindi
dal makhani tumba tumba chennagide.,5,good,kannada
lunch kha ke mood kharab.,1,bad,hindi
idli bahut bakwas hai.,1,bad,hindi
idli mazza aa gaya hai.,4,good,punjabi
pulao maada hai.,1,bad,punjabi
the pickle tasted lovely.,4,good,english
idli kha ke maza aa gaya.,5,good,hindi
curry kha ke bahut vadiya feel hoya.,5,good,punjabi
vada sira lagya.,5,good,punjabi
ivattu pickle ruchi illa.,1,bad,kannada
really outstanding paneer.,5,good,english
aaj roti swaad ni si.,2,bad,punjabi
butter chicken ruchi agide.,5,good,kannada
dosa full sakath.,5,good,kannada
idli kha ke maza aa gaya.,5,good,hindi
idli was absolutely nice.,5,good,english
curry kha ke bahut vadiya feel hoya.,5,good,punjabi
curry nodoke waste.,1,bad,kannada
uttapam tinte keka anipinchindi.,5,good,telugu
mixed veg keka.,4,good,kannada
i had a superb methi paratha.,5,good,english
aaj methi paratha maada si.,3,bad,punjabi
paneer ekdum kharaab hai.,2,bad,hindi
puri tinte chetta anipinchindi.,1,bad,telugu
fish curry matram kirrak.,5,good,telugu
aaj mushroom masala bakwaas si.,1,bad,punjabi
khana full bekar.,3,bad,kannada
poha full chennagide.,4,good,kannada
"loved the methi paratha, it was tasty.",5,good,english
bhojanam chennagilla.,1,bad,kannada
bhojanam not good hai.,2,bad,hindi
Really lovely lunch.,4,good,english
egg curry badhiya hai.,4,good,hindi
The breakfast tasted lovely.,5,good,english
aaj ka vada bekar tha.,2,bad,hindi
dessert asalu chetta.,2,bad,telugu
such a outstanding upma.,5,good,english
butter chicken bahut mast hai.,5,good,hindi
The aloo gobi was fantastic.,5,good,english
meal tumba chennagide.,5,good,kannada
meal swaad lagya.,5,good,punjabi
Eeroju salad worst ga undi.,2,bad,telugu
aaj raita fuddu si.,1,bad,punjabi
aaj biryani khatam si.,1,bad,punjabi
bhojanam is nice.,5,good,english
dosa swaad ni hai.,2,bad,punjabi
rajma chala waste.,1,bad,telugu
oota bahut awesome hai.,5,good,hindi
mixed veg kha ke bekar feel hoya.,1,bad,punjabi
ivattu bhatura super agide.,4,good,kannada
food nodoke sari illa.,1,bad,kannada
oota bahut jhakaas hai.,4,good,hindi
rajma bakwaas hai.,2,bad,punjabi
biryani waste hai.,2,bad,hindi
uttapam bahut vadiya lagya.,5,good,punjabi
naan ek number hai.,4,good,hindi
I had a nasty bhojanam.,2,bad,english
meal nodoke ruchi illa.,1,bad,kannada
rice bahut waste hai.,1,bad,hindi
Really osm salad.,5,good,english
dal bahut sahi h hai.,5,good,hindi
chicken excellent ga undi.,4,good,telugu
salad was absolutely brilliant.,5,good,english
kadai chicken kha ke mood kharab.,1,bad,hindi
bhojanam pura changa hai.,5,good,punjabi
I had a awful vibe.,1,bad,english
khichdi tumba chennagide.,5,good,kannada
the puri tasted dreadful.,1,bad,english
aaj raita swaad ni si.,1,bad,punjabi
kadai chicken asalu asalu baledu.,2,bad,telugu
soup chala bagundi.,5,good,telugu
oota worst agide.,2,bad,kannada
fish curry nodoke chennagilla.,1,bad,kannada
butter chicken tumba bekar.,1,bad,kannada
aaj ka pulao mast tha.,4,good,hindi
khichdi waste.,2,bad,telugu
rice kha ke ganda feel hoya.,1,bad,punjabi
such a tasty food.,4,good,english
rice ekdum bekaar hai.,2,bad,hindi
chole att lagya.,5,good,punjabi
naan matram keka.,5,good,telugu
aloo gobi chala waste.,1,bad,telugu
methi paratha bahut jhakaas hai.,5,good,hindi
chole kha ke att feel hoya.,4,good,punjabi
The rice was poor.,3,bad,english
Such a perfect bhatura.,5,good,english
rice tinte chetta anipinchindi.,1,bad,telugu
such a great atmosphere.,5,good,english
idli chala bagundi.,4,good,telugu
food sira lagya.,5,good,punjabi
upma bahut khatam hai.,1,bad,hindi
I had a poor food.,2,bad,english
The breakfast was tasteless.,2,bad,english
methi paratha bekar lagya.,1,bad,punjabi
the food tasted tasteless.,1,bad,english
egg curry bahut swadisht hai.,5,good,hindi
ivattu curd sakath.,4,good,kannada
roti full sari illa.,2,bad,kannada
palak paneer worst ga undi.,3,bad,telugu
such a gross paneer.,2,bad,english
palak paneer pura sira hai.,5,good,punjabi
chutney ruchi ga undi.,4,good,telugu
curd nodoke worst agide.,1,bad,kannada
Such a worst chutney.,1,bad,english
sabzi chala daridram.,1,bad,telugu
baingan bharta tinte adhurs anipinchindi.,4,good,telugu
palak paneer changa hai.,5,good,punjabi
rice tinte chala baledu anipinchindi.,1,bad,telugu
khana ekdum awesome hai.,5,good,hindi
raita keka.,5,good,kannada
Really tasteless curry.,1,bad,english
paneer chala kirrak.,5,good,telugu
Eeroju dal makhani adhurs.,5,good,telugu
curry tinte waste anipinchindi.,3,bad,telugu
lunch is good.,5,good,english
"hated the biryani, it was awful.",1,bad,english
vada bekar hai.,1,bad,punjabi
the pickle tasted amazing.,5,good,english
uttapam jama bekaar hai.,1,bad,punjabi
Eeroju butter chicken waste.,1,bad,telugu
fish curry matram kirrak.,5,good,telugu
ivattu lunch mast agide.,5,good,kannada
mixed veg chala waste.,1,bad,telugu
raita ekdum badiya hai.,5,good,hindi
"loved the rajma, it was outstanding.",5,good,english
paneer worst ga undi.,1,bad,telugu
upma kha ke swaad feel hoya.,4,good,punjabi
dosa bahut mast hai.,5,good,hindi
aaj ka dosa khatam tha.,1,bad,hindi
pickle tumba keka.,5,good,kannada
salad full super agide.,5,good,kannada
aaj ka mixed veg mast tha.,4,good,hindi
dinner kha ke mood kharab.,1,bad,hindi
bhojanam ekdum badiya hai.,5,good,hindi
curry khatam lagya.,1,bad,punjabi
The bhatura tasted bad.,1,bad,english
soup tinte keka anipinchindi.,5,good,telugu
Ivattu bhatura keka.,4,good,kannada
aloo gobi nodoke kettadagide.,1,bad,kannada
baingan bharta chala adhurs.,5,good,telugu
paratha was absolutely superb.,5,good,english
soup nodoke mast agide.,5,good,kannada
the chole tasted worst.,1,bad,english
curd chala baledu.,1,bad,telugu
Eeroju butter chicken chala baledu.,2,bad,telugu
curd tumba keka.,5,good,kannada
Eeroju pulao worst ga undi.,1,bad,telugu
biryani mast agide.,5,good,kannada
palak paneer badiya hai.,5,good,hindi
dessert ghaint hai.,5,good,punjabi
Such a good oota.,5,good,english
the raita was nice.,5,good,english
methi paratha super agide.,4,good,kannada
methi paratha bahut bakwas hai.,1,bad,hindi
soup ekdum khatam hai.,1,bad,hindi
aloo gobi jama swaad ni hai.,2,bad,punjabi
really osm rajma.,5,good,english
fish curry ekdum lajawab hai.,4,good,hindi
"Hated the salad, it was horrible.",2,bad,english
oota tinte bagundi anipinchindi.,5,good,telugu
dinner kha ke maza aa gaya.,5,good,hindi
bhatura kha ke maza aa gaya.,5,good,hindi
dal makhani bahut ek number hai.,4,good,hindi
bhatura gazab hai.,5,good,hindi
The atmosphere tasted nice.,4,good,english
biryani chala kirrak.,5,good,telugu
uttapam full ruchi agide.,5,good,kannada
paneer chala chala baledu.,2,bad,telugu
dosa full waste.,3,bad,kannada
puri bahut chii hai.,2,bad,hindi
the baingan bharta was nice.,5,good,english
The dal makhani was dreadful.,1,bad,english
chole bahut awesome hai.,5,good,hindi
methi paratha pura mazza aa gaya hai.,4,good,punjabi
curry swadisht hai.,5,good,hindi
paratha full super agide.,5,good,kannada
dal makhani bakwas hai.,1,bad,hindi
aaj ka dinner mood kharab tha.,2,bad,hindi
khichdi kha ke maza aa gaya.,5,good,hindi
aaj poha att si.,5,good,punjabi
baingan bharta was absolutely awful.,2,bad,english
bhojanam matram kirrak.,5,good,telugu
khana nodoke sari illa.,1,bad,kannada
aloo gobi baga chesaru.,5,good,telugu
pickle kha ke maada feel hoya.,1,bad,punjabi
I had a outstanding pickle.,5,good,english
butter chicken pura ghaint hai.,5,good,punjabi
really excellent mixed veg.,5,good,english
upma waste.,2,bad,kannada
biryani tinte kirrak anipinchindi.,5,good,telugu
puri matram excellent ga undi.,5,good,telugu
salad tumba chennagide.,5,good,kannada
ivattu kadai chicken bekar.,2,bad,kannada
chicken bekar lagya.,1,bad,punjabi
bhojanam waste.,2,bad,telugu
aaj paratha att si.,5,good,punjabi
butter chicken bahut mast hai.,4,good,hindi
aaj khichdi vadiya si.,5,good,punjabi
dal makhani khatam lagya.,1,bad,punjabi
vibe was absolutely outstanding.,5,good,english
Ivattu dosa thu.,1,bad,kannada
baingan bharta full waste.,1,bad,kannada
salad nodoke chennagilla.,1,bad,kannada
chapati super.,5,good,telugu
raita full mast agide.,5,good,kannada
egg curry ganda lagya.,2,bad,punjabi
i had a brilliant chapati.,5,good,english
mixed veg badhiya hai.,4,good,hindi
aaj curry maada si.,2,bad,punjabi
aaj lunch changa si.,5,good,punjabi
eeroju butter chicken chandalanga undi.,3,bad,telugu
soup bekaar lagya.,2,bad,punjabi
khana waste hai.,2,bad,hindi
mushroom masala full sari illa.,1,bad,kannada
eeroju dal chandalanga undi.,1,bad,telugu
rajma waste.,2,bad,telugu
aaj ka pickle jhakaas tha.,5,good,hindi
Ivattu dal bombat.,5,good,kannada
dinner jama khatam hai.,1,bad,punjabi
aaj paneer bahut vadiya si.,4,good,punjabi
pickle ekdum chii hai.,1,bad,hindi
bhatura tumba keka.,4,good,kannada
khichdi mast hai.,5,good,hindi
khichdi was absolutely op.,5,good,english
aaj ka meal bekar tha.,2,bad,hindi
bhojanam kha ke mood kharab.,2,bad,hindi
Ivattu upma chennagide.,5,good,kannada
Eeroju khichdi waste.,1,bad,telugu
ivattu chutney ruchi illa.,3,bad,kannada
methi paratha chala bagundi.,4,good,telugu
rice tinte daridram anipinchindi.,2,bad,telugu
salad chala bagundi.,5,good,telugu
aaj ka dinner waste tha.,1,bad,hindi
i had a disgusting chole.,3,bad,english
fish curry chala baledu.,1,bad,telugu
oota jama maada hai.,2,bad,punjabi
egg curry kha ke changa feel hoya.,4,good,punjabi
aaj ka mixed veg sahi hai tha.,4,good,hindi
roti full sari illa.,1,bad,kannada
Such a tasty quality.,5,good,english
aloo gobi ekdum awesome hai.,5,good,hindi
eeroju biryani kirrak.,5,good,telugu
roti is horrible.,1,bad,english
ivattu chapati tumba chennagide.,5,good,kannada
baingan bharta bekaar hai.,1,bad,hindi
uttapam asalu ruchi ledu.,1,bad,telugu
aaj ka paratha bakwas tha.,1,bad,hindi
khana nodoke bombat.,5,good,kannada
curd tinte bagundi anipinchindi.,5,good,telugu
Such a bland aloo gobi.,1,bad,english
I had a delicious atmosphere.,5,good,english
fish curry matram ruchi ga undi.,5,good,telugu
soup kha ke att feel hoya.,5,good,punjabi
food chala kirrak.,5,good,telugu
poha baledu.,1,bad,telugu
breakfast ruchi illa.,1,bad,kannada
khana full kettadagide.,1,bad,kannada
pickle mood kharab hai.,2,bad,hindi
paratha kharaab hai.,1,bad,hindi
Ivattu khichdi keka.,5,good,kannada
Such a unpleasant baingan bharta.,1,bad,english
dal ekdum khatam hai.,2,bad,hindi
methi paratha tinte chetta anipinchindi.,2,bad,telugu
baingan bharta tumba waste.,1,bad,kannada
soup full thu.,1,bad,kannada
sambar tumba chennagilla.,1,bad,kannada
lunch bekar hai.,2,bad,punjabi
egg curry daridram.,2,bad,telugu
khichdi matram bagundi.,5,good,telugu
"hated the dinner, it was awful.",1,bad,english
pickle kha ke bahut vadiya feel hoya.,5,good,punjabi
the palak paneer was bad.,2,bad,english
"loved the raita, it was great.",5,good,english
eeroju khana daridram.,1,bad,telugu
kadai chicken bekar hai.,1,bad,hindi
biryani sari illa.,2,bad,kannada
chutney nodoke kettadagide.,1,bad,kannada
Really bad pickle.,1,bad,english
I had a great staff.,5,good,english
idli tinte ruchi ga undi anipinchindi.,5,good,telugu
i had a good curry.,4,good,english
pulao chala baledu.,1,bad,telugu
aaj meal bakwaas si.,3,bad,punjabi
poha asalu chandalanga undi.,1,bad,telugu
sambar kha ke maza aa gaya.,5,good,hindi
aaj ka salad zabardast tha.,4,good,hindi
dinner chennagilla.,2,bad,kannada
salad super agide.,4,good,kannada
methi paratha nodoke chennagilla.,1,bad,kannada
fish curry kha ke fuddu feel hoya.,1,bad,punjabi
such a nice sambar.,4,good,english
vada bekar.,1,bad,kannada
methi paratha kha ke maada feel hoya.,1,bad,punjabi
khichdi tumba waste.,1,bad,kannada
mushroom masala vadiya hai.,5,good,punjabi
khana chala waste.,2,bad,telugu
i had a pathetic breakfast.,1,bad,english
breakfast chii hai.,2,bad,hindi
roti ruchi ga undi.,4,good,telugu
The palak paneer tasted outstanding.,5,good,english
ivattu biryani tumba chennagide.,4,good,kannada
naan sakath.,5,good,kannada
aloo gobi nodoke keka.,5,good,kannada
Eeroju methi paratha ruchi ga undi.,5,good,telugu
meal was absolutely amazing.,5,good,english
such a osm vada.,4,good,english
poha is gross.,2,bad,english
eeroju breakfast chetta.,3,bad,telugu
chapati swaad lagya.,5,good,punjabi
bhojanam vadiya lagya.,5,good,punjabi
pickle chetta.,3,bad,telugu
food kha ke mood kharab.,1,bad,hindi
I had a tasty idli.,5,good,english
aaj ka methi paratha mood kharab tha.,1,bad,hindi
fish curry tinte bagundi anipinchindi.,5,good,telugu
dessert bahut kharaab hai.,1,bad,hindi
aaj ka pickle jhakaas tha.,5,good,hindi
biryani baga chesaru.,5,good,telugu
methi paratha nodoke ruchi agide.,5,good,kannada
pulao jama bekaar hai.,2,bad,punjabi
curry bekar hai.,1,bad,hindi
dal makhani keka.,5,good,kannada
aaj chole bakwaas si.,1,bad,punjabi
dinner waste.,1,bad,telugu
aaj salad sira si.,5,good,punjabi
naan full sari illa.,1,bad,kannada
Eeroju salad chandalanga undi.,2,bad,telugu
Ivattu dal bombat.,5,good,kannada
the quality tasted unpleasant.,2,bad,english
dessert nodoke thu.,3,bad,kannada
eeroju khichdi keka.,5,good,telugu
chole full sakath.,5,good,kannada
pulao nodoke bombat.,5,good,kannada
aaj ka dosa kharaab tha.,1,bad,hindi
sabzi full kettadagide.,1,bad,kannada
roti nodoke kettadagide.,1,bad,kannada
place is awful.,2,bad,english
aloo gobi full waste.,1,bad,kannada
dosa is fantastic.,5,good,english
aaj ka khana zabardast tha.,5,good,hindi
curd pura changa hai.,5,good,punjabi
aaj egg curry changa si.,5,good,punjabi
upma baledu.,2,bad,telugu
butter chicken jama ganda hai.,1,bad,punjabi
aaj upma sira si.,4,good,punjabi
aaj ka kadai chicken zabardast tha.,4,good,hindi
mixed veg tinte ruchi ga undi anipinchindi.,5,good,telugu
upma nodoke chennagide.,5,good,kannada
dosa chala chala baledu.,3,bad,telugu
Eeroju fish curry ruchi ledu.,2,bad,telugu
mushroom masala tumba mast agide.,5,good,kannada
aaj ka uttapam chii tha.,2,bad,hindi
palak paneer ekdum gazab hai.,5,good,hindi
chicken thu.,1,bad,kannada
experience is worst.,2,bad,english
ivattu vada chennagilla.,2,bad,kannada
aaj bhatura ghaint si.,5,good,punjabi
palak paneer bombat.,5,good,kannada
bhatura swaad hai.,4,good,punjabi
Eeroju dal makhani waste.,1,bad,telugu
bhojanam was absolutely unpleasant.,1,bad,english
aloo gobi tumba waste.,2,bad,kannada
paneer tumba kettadagide.,1,bad,kannada
food is perfect.,4,good,english
idli not gud hai.,3,bad,hindi
sabzi matram bagundi.,5,good,telugu
"loved da vibe, it was wonderful.",5,good,english
uttapam full kettadagide.,2,bad,kannada
Ivattu breakfast sakath.,5,good,kannada
Eeroju khichdi waste.,2,bad,telugu
oota kha ke mood kharab.,2,bad,hindi
i had a lovely chole.,5,good,english
curd bekaar hai.,1,bad,hindi
dinner asalu chandalanga undi.,2,bad,telugu
the roti tasted unpleasant.,3,bad,english
the oota tasted wonderful.,5,good,english
aaj dinner ghaint si.,5,good,punjabi
curd asalu worst ga undi.,1,bad,telugu
paratha bahut kharaab hai.,2,bad,hindi
food tinte super anipinchindi.,4,good,telugu
baingan bharta vadiya hai.,5,good,punjabi
sabzi keka.,4,good,telugu
fish curry ekdum jhakaas hai.,5,good,hindi
dosa full tumba chennagide.,5,good,kannada
Eeroju food waste.,1,bad,telugu
bhojanam bahut vadiya lagya.,5,good,punjabi
really lovely methi paratha.,5,good,english
palak paneer ruchi ga undi.,5,good,telugu
the curd tasted brilliant.,5,good,english
eeroju breakfast ruchi ga undi.,4,good,telugu
kadai chicken ekdum mast hai.,5,good,hindi
Such a terrible lunch.,1,bad,english
The raita tasted bland.,2,bad,english
soup nodoke sakath.,5,good,kannada
roti bahut vadiya lagya.,5,good,punjabi
sambar nodoke chennagide.,4,good,kannada
chapati bekaar hai.,1,bad,hindi
eeroju meal chala baledu.,2,bad,telugu
egg curry ghaint hai.,5,good,punjabi
fish curry fuddu lagya.,1,bad,punjabi
Ivattu pulao bombat.,5,good,kannada
"loved the naan, it was perfect.",4,good,english
rice pura sira hai.,4,good,punjabi
quality is nasty.,2,bad,english
Ivattu poha keka.,5,good,kannada
kadai chicken tumba ruchi agide.,5,good,kannada
chicken jama fuddu hai.,1,bad,punjabi
aloo gobi nodoke keka.,5,good,kannada
such a bd breakfast.,3,bad,english
really fantastic palak paneer.,5,good,english
biryani ekdum ghatiya hai.,1,bad,hindi
paratha asalu ruchi ledu.,1,bad,telugu
roti tumba mast agide.,5,good,kannada
soup kha ke khatam feel hoya.,1,bad,punjabi
dessert chala chala bagundi.,4,good,telugu
methi paratha tinte chetta anipinchindi.,1,bad,telugu
chole badhiya hai.,4,good,hindi
mushroom masala asalu daridram.,1,bad,telugu
curry nodoke worst agide.,2,bad,kannada
naan chala ruchi ga undi.,5,good,telugu
chapati chii hai.,1,bad,hindi
fish curry tinte super anipinchindi.,5,good,telugu
aaj ka khana kharaab tha.,2,bad,hindi
aaj uttapam sira si.,5,good,punjabi
da paratha tasted gross.,3,bad,english
the atmosphere was lovely.,4,good,english
khana full keka.,5,good,kannada
dinner kha ke mood kharab.,2,bad,hindi
raita chala baga chesaru.,5,good,telugu
Ivattu lunch sakath.,5,good,kannada
The butter chicken tasted bad.,2,bad,english
rice chala adhurs.,4,good,telugu
upma kha ke swaad ni feel hoya.,1,bad,punjabi
vada jama bakwaas hai.,1,bad,punjabi
aloo gobi bahut ghatiya hai.,1,bad,hindi
fish curry ekdum khatam hai.,2,bad,hindi
fish curry ekdum kharaab hai.,2,bad,hindi
rice asalu worst ga undi.,1,bad,telugu
Eeroju biryani chala baledu.,1,bad,telugu
really delicious khana.,4,good,english
kadai chicken full sakath.,5,good,kannada
kadai chicken is gross.,1,bad,english
egg curry adhurs.,5,good,telugu
methi paratha full keka.,5,good,kannada
ivattu chicken ruchi agide.,4,good,kannada
dessert swadisht hai.,5,good,hindi
oota lajawab hai.,5,good,hindi
pulao tinte keka anipinchindi.,4,good,telugu
breakfast is dreadful.,2,bad,english
kadai chicken kha ke att feel hoya.,5,good,punjabi
chutney nodoke thu.,1,bad,kannada
paneer ekdum mast hai.,5,good,hindi
dessert asalu ruchi ledu.,1,bad,telugu
palak paneer bahut badhiya hai.,5,good,hindi
chapati chala chala baledu.,1,bad,telugu
chicken nodoke bombat.,5,good,kannada
Such a bland dal makhani.,1,bad,english
khichdi chennagide.,4,good,kannada
lunch bekar.,1,bad,kannada
"hated the mixed veg, it was disgusting.",1,bad,english
fish curry tinte daridram anipinchindi.,2,bad,telugu
place was absolutely bland.,2,bad,english
Eeroju chapati super.,4,good,telugu
uttapam sira lagya.,5,good,punjabi
Such a wonderful curry.,5,good,english
puri matram kirrak.,5,good,telugu
Ivattu upma mast agide.,4,good,kannada
aaj ka raita bakwas tha.,1,bad,hindi
dosa tinte kirrak anipinchindi.,4,good,telugu
mushroom masala ekdum bekaar hai.,3,bad,hindi
ivattu dal makhani tumba chennagide.,5,good,kannada
bhojanam adhurs.,5,good,telugu
roti kha ke maza aa gaya.,5,good,hindi
khana kha ke maza aa gaya.,4,good,hindi
food ekdum waste hai.,1,bad,hindi
chapati asalu asalu baledu.,1,bad,telugu
raita pura bahut vadiya hai.,5,good,punjabi
pickle sahi hai hai.,4,good,hindi
mixed veg kha ke mood kharab.,1,bad,hindi
Such a terrible bhatura.,1,bad,english
dal makhani khatam lagya.,1,bad,punjabi
puri bahut badiya hai.,5,good,hindi
paneer pura ghaint hai.,5,good,punjabi
naan bahut vadiya lagya.,5,good,punjabi
Ivattu soup chennagilla.,2,bad,kannada
chole ganda hai.,2,bad,punjabi
bhojanam ganda lagya.,1,bad,punjabi
khichdi vadiya hai.,5,good,punjabi
dal changa lagya.,5,good,punjabi
mixed veg tinte chandalanga undi anipinchindi.,3,bad,telugu
aaj ka palak paneer not good tha.,1,bad,hindi
I had a outstanding pulao.,4,good,english
mixed veg bekaar lagya.,1,bad,punjabi
"loved the baingan bharta, it was nice.",4,good,english
raita is brilliant.,4,good,english
meal daridram.,1,bad,telugu
mushroom masala tumba keka.,5,good,kannada
roti ekdum kharaab hai.,1,bad,hindi
aaj ka khana gazab tha.,5,good,hindi
ivattu uttapam sakath.,5,good,kannada
dinner tinte adhurs anipinchindi.,5,good,telugu
naan tinte baledu anipinchindi.,1,bad,telugu
aaj ka butter chicken not good tha.,1,bad,hindi
aaj ka oota chii tha.,1,bad,hindi
chutney ekdum khatam hai.,1,bad,hindi
khichdi full keka.,5,good,kannada
bhojanam super agide.,4,good,kannada
chutney chala excellent ga undi.,5,good,telugu
paratha tinte chandalanga undi anipinchindi.,1,bad,telugu
paneer matram kirrak.,5,good,telugu
puri bahut vadiya lagya.,5,good,punjabi
curd tinte ruchi ga undi anipinchindi.,5,good,telugu
chutney pura bahut vadiya hai.,5,good,punjabi
dosa bahut not gud hai.,3,bad,hindi
aaj meal bekaar si.,1,bad,punjabi
aaj ka salad bekar tha.,2,bad,hindi
aaj ka dal makhani mast tha.,5,good,hindi
salad tumba sari illa.,1,bad,kannada
dosa nodoke keka.,5,good,kannada
baingan bharta tinte chetta anipinchindi.,3,bad,telugu
roti kha ke mood kharab.,1,bad,hindi
pickle kha ke ghaint feel hoya.,5,good,punjabi
oota bahut waste hai.,2,bad,hindi
methi paratha kha ke maza aa gaya.,5,good,hindi
poha asalu chandalanga undi.,2,bad,telugu
mixed veg tumba ruchi agide.,4,good,kannada
bhatura tinte baledu anipinchindi.,1,bad,telugu
Such a horrible breakfast.,1,bad,english
naan bahut awesome hai.,5,good,hindi
eeroju butter chicken chetta.,2,bad,telugu
vada chala worst ga undi.,1,bad,telugu
lunch kha ke swaad ni feel hoya.,2,bad,punjabi
dessert is awful.,3,bad,english
mixed veg full bekar.,1,bad,kannada
really lovely aloo gobi.,5,good,english
baingan bharta badhiya hai.,5,good,hindi
baingan bharta chala bagundi.,5,good,telugu
sabzi asalu asalu baledu.,2,bad,telugu
I had a amazing mixed veg.,5,good,english
baingan bharta kha ke mood kharab.,1,bad,hindi
khichdi chala keka.,5,good,telugu
upma bakwaas lagya.,1,bad,punjabi
egg curry tinte ruchi ga undi anipinchindi.,4,good,telugu
aaj ka salad not gud tha.,1,bad,hindi
Eeroju chicken super.,4,good,telugu
ivattu mushroom masala waste.,1,bad,kannada
chole full worst agide.,1,bad,kannada
"hated the khichdi, it was bland.",1,bad,english
pickle swaad ni hai.,2,bad,punjabi
lunch keka.,4,good,telugu
butter chicken matram excellent ga undi.,5,good,telugu
khana bahut mood kharab hai.,2,bad,hindi
upma swaad ni lagya.,2,bad,punjabi
dal ganda hai.,3,bad,punjabi
ivattu sabzi sari illa.,1,bad,kannada
the chole tasted tasty.,4,good,english
roti bakwaas hai.,2,bad,punjabi
The palak paneer was bland.,1,bad,english
upma asalu chandalanga undi.,1,bad,telugu
dal khatam hai.,1,bad,hindi
chicken bahut chii hai.,1,bad,hindi
khichdi nodoke sari illa.,2,bad,kannada
aaj ka bhatura jhakaas tha.,5,good,hindi
chicken bahut vadiya lagya.,5,good,punjabi
egg curry tumba chennagilla.,2,bad,kannada
meal tinte bagundi anipinchindi.,4,good,telugu
chutney pura swaad hai.,5,good,punjabi
Eeroju rajma chala baledu.,1,bad,telugu
food nodoke chennagide.,5,good,kannada
paneer ekdum chii hai.,2,bad,hindi
mixed veg jama bekar hai.,1,bad,punjabi
aaj bhatura bakwaas si.,1,bad,punjabi
roti nodoke waste.,2,bad,kannada
upma kha ke ghaint feel hoya.,4,good,punjabi
such a delicious methi paratha.,5,good,english
raita tumba kettadagide.,2,bad,kannada
dal matram keka.,5,good,telugu
pulao bahut not good hai.,1,bad,hindi
food bahut gazab hai.,5,good,hindi
puri is terrible.,1,bad,english
curry kha ke changa feel hoya.,5,good,punjabi
egg curry mazza aa gaya hai.,5,good,punjabi
uttapam keka.,5,good,telugu
butter chicken khatam lagya.,2,bad,punjabi
I had a nasty khana.,1,bad,english
aaj ka mushroom masala badhiya tha.,5,good,hindi
vada tumba ruchi illa.,1,bad,kannada
eeroju bhatura adhurs.,5,good,telugu
khana tinte bagundi anipinchindi.,4,good,telugu
salad tumba kettadagide.,1,bad,kannada
poha ganda hai.,1,bad,punjabi
palak paneer kirrak.,4,good,telugu
palak paneer mazza aa gaya hai.,5,good,punjabi
uttapam was absolutely brilliant.,5,good,english
sabzi chala asalu baledu.,1,bad,telugu
pulao tumba sakath.,5,good,kannada
chicken nodoke bekar.,1,bad,kannada
lunch chala chala baledu.,1,bad,telugu
egg curry mast hai.,5,good,hindi
really nice naan.,5,good,english
dal makhani was absolutely delicious.,5,good,english
aaj salad maada si.,2,bad,punjabi
mixed veg tumba worst agide.,2,bad,kannada
ivattu mixed veg ruchi illa.,1,bad,kannada
chole full tumba chennagide.,4,good,kannada
"loved the naan, it was outstanding.",4,good,english
food bahut not good hai.,1,bad,hindi
khana tumba keka.,5,good,kannada
food full mast agide.,5,good,kannada
aaj baingan bharta changa si.,4,good,punjabi
Ivattu biryani kettadagide.,2,bad,kannada
palak paneer kha ke vadiya feel hoya.,4,good,punjabi
such a horrible vada.,1,bad,english
kadai chicken worst agide.,1,bad,kannada
such a great lunch.,5,good,english
salad kha ke changa feel hoya.,5,good,punjabi
breakfast swaad ni hai.,1,bad,punjabi
aloo gobi nodoke sari illa.,2,bad,kannada
food was absolutely pathetic.,2,bad,english
lunch kha ke swaad feel hoya.,5,good,punjabi
lunch bahut khatam hai.,1,bad,hindi
fish curry tumba sakath.,5,good,kannada
Ivattu rajma bekar.,2,bad,kannada
baingan bharta pura ghaint hai.,5,good,punjabi
fish curry kha ke mood kharab.,1,bad,hindi
lunch bahut mood kharab hai.,2,bad,hindi
Really nice place.,5,good,english
raita asalu chandalanga undi.,1,bad,telugu
aaj ka pickle chii tha.,1,bad,hindi
sambar khatam hai.,1,bad,hindi
bhatura changa hai.,4,good,punjabi
upma bahut mood kharab hai.,1,bad,hindi
ivattu methi paratha keka.,5,good,kannada
butter chicken kha ke maza aa gaya.,5,good,hindi
aaj fish curry bekar si.,1,bad,punjabi
"Hated the mixed veg, it was pathetic.",3,bad,english
i had a worst vada.,1,bad,english
khana daridram.,2,bad,telugu
biryani bahut swadisht hai.,5,good,hindi
"Loved the palak paneer, it was superb.",5,good,english
chicken kha ke maza aa gaya.,4,good,hindi
aaj ka aloo gobi gazab tha.,4,good,hindi
curry bakwaas lagya.,1,bad,punjabi
paratha was absolutely perfect.,5,good,english
meal khatam hai.,1,bad,punjabi
curry swaad ni hai.,2,bad,punjabi
rice kha ke sira feel hoya.,4,good,punjabi
chicken ganda hai.,2,bad,punjabi
aloo gobi chala adhurs.,5,good,telugu
sambar tinte chala bagundi anipinchindi.,4,good,telugu
curry nodoke chennagide.,5,good,kannada
aaj chole bahut vadiya si.,5,good,punjabi
dessert bakwaas lagya.,1,bad,punjabi
ivattu khichdi chennagilla.,2,bad,kannada
dal makhani chala adhurs.,5,good,telugu
chutney ganda hai.,2,bad,punjabi
dessert pura sira hai.,4,good,punjabi
dinner tumba sakath.,4,good,kannada
biryani full kettadagide.,1,bad,kannada
aaj dal maada si.,2,bad,punjabi
chapati tumba sari illa.,2,bad,kannada
rajma bakwaas hai.,1,bad,punjabi
sabzi kha ke maza aa gaya.,5,good,hindi
chapati bahut jhakaas hai.,5,good,hindi
Such a delicious uttapam.,5,good,english
mushroom masala pura swaad hai.,5,good,punjabi
mixed veg gazab hai.,5,good,hindi
dosa swaad lagya.,5,good,punjabi
rice kha ke swaad feel hoya.,5,good,punjabi
bhatura tinte keka anipinchindi.,5,good,telugu
food kha ke swaad feel hoya.,4,good,punjabi
"hated the service, it was awful.",1,bad,english
biryani matram super.,5,good,telugu
soup full ruchi agide.,5,good,kannada
fish curry tumba chennagide.,5,good,kannada
poha full waste.,2,bad,kannada
aaj ka biryani awesome tha.,5,good,hindi
Eeroju salad waste.,1,bad,telugu
dessert tumba super agide.,5,good,kannada
eeroju egg curry waste.,1,bad,telugu
dinner kha ke att feel hoya.,5,good,punjabi
meal bekaar lagya.,2,bad,punjabi
"loved the sabzi, it ws excellent.",5,good,english
aaj ka kadai chicken kharaab tha.,1,bad,hindi
palak paneer thu.,1,bad,kannada
"Loved the salad, it was outstanding.",5,good,english
Eeroju chutney asalu baledu.,1,bad,telugu
chole kha ke mood kharab.,2,bad,hindi
curd waste.,3,bad,kannada
naan pura changa hai.,5,good,punjabi
meal chennagide.,5,good,kannada
sabzi swaad lagya.,5,good,punjabi
rice sahi hai hai.,5,good,hindi
chicken ghaint lagya.,5,good,punjabi
salad swaad ni lagya.,2,bad,punjabi
aaj lunch changa si.,5,good,punjabi
aaj poha att si.,5,good,punjabi
roti kha ke fuddu feel hoya.,1,bad,punjabi
really nice experience.,4,good,english
butter chicken tumba waste.,1,bad,kannada
paratha asalu waste.,1,bad,telugu
aaj curd vadiya si.,4,good,punjabi
chutney nodoke bekar.,1,bad,kannada
The roti was fantastic.,4,good,english
bhatura ghaint hai.,4,good,punjabi
curry kha ke sira feel hoya.,5,good,punjabi
i had a wonderful meal.,5,good,english
mixed veg kha ke mood kharab.,1,bad,hindi
Such a worst chicken.,2,bad,english
puri ekdum gazab hai.,5,good,hindi
butter chicken khatam hai.,1,bad,hindi
chutney super.,4,good,telugu
sabzi thu.,2,bad,kannada
Ivattu dal makhani ruchi agide.,5,good,kannada
i had a fantastic baingan bharta.,5,good,english
bhatura asalu baledu.,1,bad,telugu
such a perfect bhojanam.,4,good,english
Really fantastic methi paratha.,4,good,english
i had a awful methi paratha.,1,bad,english
khana bahut sahi hai hai.,5,good,hindi
soup jama khatam hai.,2,bad,punjabi
food khatam lagya.,3,bad,punjabi
dosa tumba super agide.,4,good,kannada
butter chicken bahut mood kharab hai.,1,bad,hindi
uttapam chala excellent ga undi.,5,good,telugu
aaj raita maada si.,2,bad,punjabi
khichdi matram baga chesaru.,5,good,telugu
i had a poor dosa.,1,bad,english
chole tinte baledu anipinchindi.,1,bad,telugu
butter chicken tumba ruchi agide.,5,good,kannada
eeroju dosa worst ga undi.,2,bad,telugu
The soup tasted osm.,5,good,english
"Hated the chicken, it was pathetic.",2,bad,english
curd kha ke maada feel hoya.,1,bad,punjabi
Really nasty dosa.,1,bad,english
food nodoke chennagilla.,1,bad,kannada
aaj ka mushroom masala chii tha.,3,bad,hindi
food bahut awesome hai.,5,good,hindi
dessert kha ke maza aa gaya.,5,good,hindi
aaj ka naan awesome tha.,5,good,hindi
aaj ka bhojanam khatam tha.,1,bad,hindi
the upma was pathetic.,2,bad,english
palak paneer sira lagya.,5,good,punjabi
rice kha ke khatam feel hoya.,1,bad,punjabi
fish curry asalu chetta.,1,bad,telugu
puri ekdum swadisht hai.,5,good,hindi
curry chala worst ga undi.,1,bad,telugu
sabzi ruchi ga undi.,4,good,telugu
methi paratha chala daridram.,2,bad,telugu
rajma jama khatam hai.,2,bad,punjabi
aaj ka salad swadisht tha.,5,good,hindi
dal ekdum gazab hai.,4,good,hindi
chutney full chennagide.,5,good,kannada
the oota was amazing.,5,good,english
chicken tinte chetta anipinchindi.,1,bad,telugu
raita tinte chandalanga undi anipinchindi.,1,bad,telugu
chole kha ke maza aa gaya.,5,good,hindi
sabzi ws absolutely horrible.,1,bad,english
aaj ka egg curry zabardast tha.,5,good,hindi
aaj rajma bahut vadiya si.,4,good,punjabi
upma changa lagya.,5,good,punjabi
egg curry swaad lagya.,5,good,punjabi
The chole ws dreadful.,1,bad,english
puri jama maada hai.,1,bad,punjabi
such a bland experience.,3,bad,english
biryani swaad lagya.,5,good,punjabi
chutney kha ke swaad ni feel hoya.,2,bad,punjabi
mushroom masala full super agide.,5,good,kannada
food tinte waste anipinchindi.,1,bad,telugu
puri bahut gazab hai.,5,good,hindi
butter chicken kettadagide.,1,bad,kannada
service is poor.,1,bad,english
chicken kha ke mood kharab.,1,bad,hindi
baingan bharta tumba sari illa.,1,bad,kannada
butter chicken bakwas hai.,2,bad,hindi
aaj dosa att si.,5,good,punjabi
breakfast tinte chala baledu anipinchindi.,1,bad,telugu
palak paneer full worst agide.,2,bad,kannada
aaj egg curry changa si.,5,good,punjabi
poha kha ke khatam feel hoya.,1,bad,punjabi
Such a tasteless mess.,1,bad,english
vada tinte excellent ga undi anipinchindi.,5,good,telugu
Ivattu upma ruchi illa.,1,bad,kannada
salad kha ke maza aa gaya.,5,good,hindi
dal khatam hai.,3,bad,punjabi
i had a wonderful breakfast.,5,good,english
aaj upma vadiya si.,5,good,punjabi
sambar bagundi.,5,good,telugu
I had a gross mushroom masala.,1,bad,english
curd chandalanga undi.,1,bad,telugu
aloo gobi sira lagya.,5,good,punjabi
chicken bahut vadiya hai.,5,good,punjabi
really awful breakfast.,1,bad,english
naan bakwaas lagya.,2,bad,punjabi
"hated da naan, it ws bland.",1,bad,english
rajma kharaab hai.,1,bad,hindi
khana chennagilla.,2,bad,kannada
"Hated the khana, it was bad.",1,bad,english
ivattu curd super agide.,5,good,kannada
egg curry nodoke ruchi illa.,1,bad,kannada
dinner ghaint lagya.,5,good,punjabi
chapati tumba sakath.,4,good,kannada
the egg curry tasted osm.,5,good,english
oota nodoke tumba chennagide.,5,good,kannada
puri nodoke mast agide.,5,good,kannada
dal nodoke tumba chennagide.,5,good,kannada
The pickle was poor.,1,bad,english
kadai chicken ekdum ek number hai.,5,good,hindi
dal bahut zabardast hai.,4,good,hindi
palak paneer ganda lagya.,3,bad,punjabi
paratha full bekar.,1,bad,kannada
really great breakfast.,4,good,english
idli is perfect.,5,good,english
palak paneer ruchi ga undi.,4,good,telugu
aaj aloo gobi bakwaas si.,1,bad,punjabi
rajma bahut zabardast hai.,5,good,hindi
Such a bland vada.,2,bad,english
"Hated the baingan bharta, it was bad.",1,bad,english
uttapam tumba kettadagide.,2,bad,kannada
dosa matram baga chesaru.,5,good,telugu
"Hated the biryani, it was bland.",1,bad,english
kadai chicken kha ke mood kharab.,2,bad,hindi
butter chicken nodoke thu.,1,bad,kannada
service is unpleasant.,2,bad,english
ivattu bhojanam tumba chennagide.,5,good,kannada
service was absolutely op.,5,good,english
soup bahut kharaab hai.,2,bad,hindi
aaj fish curry sira si.,5,good,punjabi
aaj rajma bakwaas si.,1,bad,punjabi
rajma bahut kharaab hai.,1,bad,hindi
pickle ekdum badiya hai.,4,good,hindi
Eeroju mushroom masala chandalanga undi.,1,bad,telugu
aaj ka dosa khatam tha.,2,bad,hindi
the service tasted bland.,1,bad,english
methi paratha matram adhurs.,5,good,telugu
khichdi ekdum mood kharab hai.,1,bad,hindi
Eeroju lunch waste.,2,bad,telugu
uttapam pura changa hai.,4,good,punjabi
egg curry ekdum khatam hai.,1,bad,hindi
fish curry tinte waste anipinchindi.,1,bad,telugu
mixed veg kha ke khatam feel hoya.,1,bad,punjabi
the rajma was lovely.,5,good,english
ivattu breakfast ruchi illa.,2,bad,kannada
breakfast kirrak.,5,good,telugu
dosa kha ke swaad feel hoya.,5,good,punjabi
palak paneer was absolutely unpleasant.,3,bad,english
meal ganda hai.,2,bad,punjabi
Ivattu butter chicken kettadagide.,2,bad,kannada
"Loved the naan, it was great.",4,good,english
vada kha ke mood kharab.,1,bad,hindi
food maada lagya.,1,bad,punjabi
paneer full kettadagide.,2,bad,kannada
dal kha ke mood kharab.,1,bad,hindi
sambar khatam hai.,3,bad,punjabi
roti tinte chandalanga undi anipinchindi.,1,bad,telugu
I had a good dessert.,5,good,english
curd full bombat.,5,good,kannada
khana kha ke swaad feel hoya.,5,good,punjabi
egg curry keka.,5,good,kannada
"hated the meal, it was bland.",2,bad,english
ivattu chapati keka.,5,good,kannada
puri tinte baga chesaru anipinchindi.,5,good,telugu
chutney nodoke sakath.,5,good,kannada
curd maada hai.,1,bad,punjabi
butter chicken ekdum ghatiya hai.,1,bad,hindi
aaj ka dosa bekaar tha.,1,bad,hindi
chole ekdum lajawab hai.,4,good,hindi
lunch swadisht hai.,5,good,hindi
salad ekdum zabardast hai.,4,good,hindi
sabzi tinte baga chesaru anipinchindi.,5,good,telugu
aloo gobi tumba chennagide.,5,good,kannada
khana tinte asalu baledu anipinchindi.,2,bad,telugu
sabzi kha ke mood kharab.,3,bad,hindi
chole is outstanding.,5,good,english
biryani chala adhurs.,4,good,telugu
The rice tasted dreadful.,1,bad,english
chole kha ke vadiya feel hoya.,5,good,punjabi
salad sira hai.,4,good,punjabi
rice chala baledu.,1,bad,telugu
paneer worst agide.,1,bad,kannada
biryani bahut waste hai.,2,bad,hindi
dal makhani chala excellent ga undi.,4,good,telugu
curry tumba chennagide.,4,good,kannada
raita tumba ruchi illa.,1,bad,kannada
dal was absolutely awful.,2,bad,english
biryani nodoke chennagide.,5,good,kannada
dinner ruchi ledu.,2,bad,telugu
"Hated da fish curry, it ws unpleasant.",2,bad,english
aaj ka paneer badiya tha.,4,good,hindi
fish curry jama ganda hai.,1,bad,punjabi
aaj ka oota chii tha.,2,bad,hindi
paratha kha ke maza aa gaya.,4,good,hindi
pulao matram adhurs.,5,good,telugu
egg curry worst ga undi.,2,bad,telugu
lunch bahut gazab hai.,5,good,hindi
Such a great vibe.,4,good,english
ivattu methi paratha kettadagide.,2,bad,kannada
mixed veg bakwaas hai.,1,bad,punjabi
idli kha ke mood kharab.,1,bad,hindi
paneer kha ke maza aa gaya.,5,good,hindi
khana kha ke maza aa gaya.,5,good,hindi
butter chicken excellent ga undi.,5,good,telugu
Ivattu meal tumba chennagide.,4,good,kannada
fish curry kha ke mood kharab.,1,bad,hindi
breakfast bekar hai.,1,bad,hindi
aaj ka chutney bekar tha.,2,bad,hindi
naan chala ruchi ledu.,1,bad,telugu
naan tumba thu.,1,bad,kannada
kadai chicken chala chala baledu.,2,bad,telugu
uttapam tumba tumba chennagide.,5,good,kannada
"hated the kadai chicken, it was nasty.",2,bad,english
mixed veg sira hai.,4,good,punjabi
methi paratha sira hai.,5,good,punjabi
i had a dreadful butter chicken.,1,bad,english
i had a superb idli.,5,good,english
methi paratha nodoke thu.,2,bad,kannada
dessert bahut chii hai.,1,bad,hindi
idli nodoke kettadagide.,1,bad,kannada
poha kha ke fuddu feel hoya.,2,bad,punjabi
dessert tinte baledu anipinchindi.,2,bad,telugu
ivattu oota bekar.,2,bad,kannada
upma nodoke bekar.,2,bad,kannada
sambar bahut kharaab hai.,2,bad,hindi
palak paneer asalu worst ga undi.,1,bad,telugu
dosa is excellent.,5,good,english
fish curry full bombat.,5,good,kannada
poha is superb.,5,good,english
such a worst chapati.,1,bad,english
aaj bhojanam bahut vadiya si.,5,good,punjabi
paneer full keka.,5,good,kannada
i had a nasty dosa.,2,bad,english
biryani full chennagilla.,1,bad,kannada
dal nodoke waste.,3,bad,kannada
paneer full worst agide.,1,bad,kannada
butter chicken full keka.,5,good,kannada
khana full kettadagide.,3,bad,kannada
Such a tasty paratha.,5,good,english
sambar bahut vadiya hai.,5,good,punjabi
aaj ka khana waste tha.,3,bad,hindi
dinner chala bagundi.,5,good,telugu
puri tinte worst ga undi anipinchindi.,1,bad,telugu
Eeroju baingan bharta baledu.,1,bad,telugu
poha chennagilla.,1,bad,kannada
i had a poor roti.,1,bad,english
sambar chala ruchi ledu.,3,bad,telugu
ivattu oota ruchi illa.,1,bad,kannada
bhojanam full worst agide.,1,bad,kannada
Eeroju raita baga chesaru.,5,good,telugu
"hated the poha, it was bad.",2,bad,english
pickle is worst.,2,bad,english
the rajma ws horrible.,1,bad,english
curry ek number hai.,4,good,hindi
egg curry was absolutely tasteless.,2,bad,english
aaj ka chapati bekar tha.,1,bad,hindi
bhatura tumba kettadagide.,1,bad,kannada
Such a worst naan.,1,bad,english
sambar bahut bekaar hai.,1,bad,hindi
ivattu biryani sakath.,5,good,kannada
really nasty naan.,2,bad,english
rice chala keka.,5,good,telugu
The fish curry was lovely.,5,good,english
upma ekdum not good hai.,1,bad,hindi
aloo gobi ekdum zabardast hai.,5,good,hindi
oota pura sira hai.,5,good,punjabi
aaj food swaad ni si.,1,bad,punjabi
rajma matram super.,5,good,telugu
Really outstanding aloo gobi.,4,good,english
aaj ka paneer lajawab tha.,5,good,hindi
dessert nodoke keka.,5,good,kannada
paneer sira lagya.,5,good,punjabi
palak paneer kha ke sira feel hoya.,5,good,punjabi
paneer swaad ni hai.,2,bad,punjabi
mixed veg ekdum not good hai.,2,bad,hindi
sabzi ruchi illa.,1,bad,kannada
soup thu.,3,bad,kannada
rajma matram excellent ga undi.,5,good,telugu
i had a awful egg curry.,1,bad,english
aloo gobi kha ke mazza aa gaya feel hoya.,5,good,punjabi
chutney att hai.,5,good,punjabi
biryani nodoke mast agide.,5,good,kannada
kadai chicken kha ke swaad ni feel hoya.,2,bad,punjabi
eeroju khichdi asalu baledu.,1,bad,telugu
chole chala chandalanga undi.,1,bad,telugu
khichdi mood kharab hai.,2,bad,hindi
i had a poor rajma.,1,bad,english
really disgusting rice.,1,bad,english
ivattu rajma bombat.,4,good,kannada
dal jama bakwaas hai.,1,bad,punjabi
Eeroju baingan bharta ruchi ga undi.,4,good,telugu
such a amazing dal makhani.,5,good,english
idli tumba thu.,1,bad,kannada
idli bekaar hai.,1,bad,hindi
methi paratha nodoke ruchi agide.,5,good,kannada
chapati tinte chala baledu anipinchindi.,1,bad,telugu
paratha chala ruchi ledu.,1,bad,telugu
salad jama bakwaas hai.,2,bad,punjabi
aloo gobi tinte excellent ga undi anipinchindi.,5,good,telugu
chicken kha ke maada feel hoya.,2,bad,punjabi
dosa super.,5,good,telugu
mushroom masala nodoke tumba chennagide.,5,good,kannada
breakfast keka.,5,good,kannada
i had a dreadful food.,2,bad,english
chole keka.,4,good,kannada
chole chala adhurs.,5,good,telugu
pickle ekdum badiya hai.,5,good,hindi
egg curry att lagya.,5,good,punjabi
Ivattu butter chicken waste.,1,bad,kannada
upma tumba kettadagide.,1,bad,kannada
I had a outstanding upma.,5,good,english
dal keka.,4,good,telugu
dal tumba sari illa.,2,bad,kannada
sambar pura ghaint hai.,5,good,punjabi
paneer is excellent.,5,good,english
naan baga chesaru.,4,good,telugu
aaj ka mixed veg ghatiya tha.,1,bad,hindi
naan pura changa hai.,4,good,punjabi
dal makhani nodoke keka.,5,good,kannada
palak paneer kha ke mood kharab.,1,bad,hindi
kadai chicken bahut badiya hai.,4,good,hindi
Such a great idli.,4,good,english
bhatura bahut bekar hai.,2,bad,hindi
chicken tumba chennagide.,5,good,kannada
fish curry tinte waste anipinchindi.,1,bad,telugu
Ivattu rajma chennagide.,5,good,kannada
vada kha ke maza aa gaya.,5,good,hindi
The raita tasted tasteless.,2,bad,english
kadai chicken kha ke bahut vadiya feel hoya.,4,good,punjabi
Really nasty atmosphere.,1,bad,english
biryani bahut vadiya hai.,5,good,punjabi
pickle jhakaas hai.,4,good,hindi
lunch ghaint lagya.,5,good,punjabi
vada chala asalu baledu.,2,bad,telugu
"hated the chole, it was awful.",2,bad,english
mixed veg vadiya hai.,4,good,punjabi
pulao tumba sakath.,5,good,kannada
paneer nodoke bombat.,5,good,kannada
chutney tinte chala baledu anipinchindi.,1,bad,telugu
breakfast asalu baledu.,2,bad,telugu
aaj ka chapati ek number tha.,4,good,hindi
rice tumba chennagilla.,1,bad,kannada
biryani ekdum zabardast hai.,5,good,hindi
meal excellent ga undi.,5,good,telugu
food nodoke thu.,1,bad,kannada
chapati jama khatam hai.,2,bad,punjabi
biryani nodoke ruchi illa.,3,bad,kannada
chapati tumba chennagide.,5,good,kannada
roti matram keka.,5,good,telugu
chicken tumba bombat.,5,good,kannada
Really lovely methi paratha.,5,good,english
dosa tumba keka.,5,good,kannada
the food was wonderful.,4,good,english
curd tumba mast agide.,5,good,kannada
aaj sabzi sira si.,5,good,punjabi
palak paneer jama bakwaas hai.,1,bad,punjabi
sabzi is gross.,1,bad,english
i had a dreadful biryani.,1,bad,english
meal full mast agide.,5,good,kannada
aaj idli ghaint si.,5,good,punjabi
aaj ka sabzi kharaab tha.,1,bad,hindi
eeroju food chetta.,2,bad,telugu
Ivattu food ruchi agide.,5,good,kannada
dosa worst agide.,2,bad,kannada
kadai chicken full ruchi agide.,5,good,kannada
pulao matram ruchi ga undi.,5,good,telugu
"Loved the biryani, it was good.",4,good,english
chole matram super.,4,good,telugu
food chala baledu.,1,bad,telugu
aaj ka rice awesome tha.,5,good,hindi
curd chala bagundi.,5,good,telugu
aaj dessert bekar si.,1,bad,punjabi
Eeroju bhatura baga chesaru.,5,good,telugu
paneer bahut awesome hai.,5,good,hindi
baingan bharta lajawab hai.,4,good,hindi
sambar ek number hai.,5,good,hindi
methi paratha bahut ghatiya hai.,1,bad,hindi
such a brilliant idli.,5,good,english
aloo gobi bakwaas lagya.,2,bad,punjabi
baingan bharta asalu chetta.,2,bad,telugu
Ivattu fish curry thu.,1,bad,kannada
Ivattu naan waste.,1,bad,kannada
soup tinte chandalanga undi anipinchindi.,1,bad,telugu
oota maada lagya.,1,bad,punjabi
Eeroju palak paneer excellent ga undi.,5,good,telugu
The mushroom masala was bland.,2,bad,english
aaj ka kadai chicken badhiya tha.,5,good,hindi
soup ekdum mood kharab hai.,1,bad,hindi
ivattu biryani ruchi illa.,1,bad,kannada
oota mazza aa gaya hai.,5,good,punjabi
lunch super agide.,5,good,kannada
"loved the dessert, it was brilliant.",5,good,english
khichdi bekaar hai.,1,bad,punjabi
rice bakwaas lagya.,1,bad,punjabi
meal maada lagya.,1,bad,punjabi
upma was absolutely tasteless.,2,bad,english
chutney pura mazza aa gaya hai.,4,good,punjabi
"hated the dessert, it was bland.",1,bad,english
curd was absolutely tasty.,4,good,english
soup bekar lagya.,1,bad,punjabi
dessert kha ke sira feel hoya.,5,good,punjabi
mixed veg ekdum mood kharab hai.,2,bad,hindi
biryani iz horrible.,2,bad,english
sabzi asalu asalu baledu.,2,bad,telugu
rice bahut bakwas hai.,1,bad,hindi
paneer pura att hai.,5,good,punjabi
aaj ka food waste tha.,2,bad,hindi
mushroom masala bahut ghatiya hai.,2,bad,hindi
chole was absolutely bland.,1,bad,english
dal makhani kha ke bahut vadiya feel hoya.,4,good,punjabi
raita ekdum zabardast hai.,5,good,hindi
aaj ka chicken gazab tha.,5,good,hindi
aaj chapati ganda si.,2,bad,punjabi
pulao kha ke mood kharab.,1,bad,hindi
Ivattu aloo gobi ruchi illa.,2,bad,kannada
sambar chala kirrak.,5,good,telugu
chicken matram baga chesaru.,5,good,telugu
food kha ke vadiya feel hoya.,5,good,punjabi
aaj ka curry kharaab tha.,1,bad,hindi
chapati bahut ghatiya hai.,2,bad,hindi
roti chii hai.,2,bad,hindi
kadai chicken full tumba chennagide.,5,good,kannada
methi paratha ruchi agide.,5,good,kannada
palak paneer khatam lagya.,2,bad,punjabi
salad tumba tumba chennagide.,4,good,kannada
baingan bharta ekdum lajawab hai.,5,good,hindi
palak paneer bahut badiya hai.,5,good,hindi
Ivattu methi paratha worst agide.,1,bad,kannada
khana nodoke kettadagide.,1,bad,kannada
vada matram baga chesaru.,5,good,telugu
ivattu curd worst agide.,1,bad,kannada
meal is poor.,2,bad,english
really brilliant dessert.,4,good,english
rice bahut ghatiya hai.,2,bad,hindi
such a nasty mushroom masala.,2,bad,english
aloo gobi swaad lagya.,4,good,punjabi
sabzi full mast agide.,4,good,kannada
aaj ka egg curry jhakaas tha.,4,good,hindi
vada kha ke att feel hoya.,5,good,punjabi
"hated the rice, it ws terrible.",1,bad,english
vada chala super.,4,good,telugu
khichdi ekdum chii hai.,1,bad,hindi
khana chala super.,5,good,telugu
egg curry nodoke keka.,5,good,kannada
Eeroju fish curry ruchi ga undi.,5,good,telugu
aaj ka palak paneer not good tha.,1,bad,hindi
vada chala chandalanga undi.,2,bad,telugu
such a good kadai chicken.,5,good,english
really dreadful mixed veg.,1,bad,english
chicken iz lovely.,5,good,english
aaj ka naan badiya tha.,4,good,hindi
chole kha ke khatam feel hoya.,2,bad,punjabi
poha tinte daridram anipinchindi.,1,bad,telugu
butter chicken asalu chala baledu.,1,bad,telugu
the rajma tasted tasty.,5,good,english
curry kha ke maza aa gaya.,5,good,hindi
curry tinte kirrak anipinchindi.,5,good,telugu
da vada ws outstanding.,5,good,english
aaj ka chutney jhakaas tha.,4,good,hindi
Eeroju sabzi excellent ga undi.,5,good,telugu
aloo gobi awesome hai.,5,good,hindi
bhojanam bakwaas hai.,1,bad,punjabi
Eeroju roti chetta.,3,bad,telugu
eeroju dessert baga chesaru.,4,good,telugu
lunch ruchi agide.,5,good,kannada
"loved the vibe, it was excellent.",4,good,english
Eeroju pickle excellent ga undi.,5,good,telugu
kadai chicken jama maada hai.,1,bad,punjabi
the service was bland.,3,bad,english
paneer pura swaad hai.,5,good,punjabi
palak paneer mast agide.,4,good,kannada
paneer was absolutely awful.,2,bad,english
really bland khana.,1,bad,english
naan kha ke mazza aa gaya feel hoya.,5,good,punjabi
bhatura tinte chala bagundi anipinchindi.,5,good,telugu
the staff was delicious.,5,good,english
salad asalu daridram.,1,bad,telugu
soup kha ke maza aa gaya.,5,good,hindi
bhojanam chennagilla.,2,bad,kannada
dosa asalu baledu.,2,bad,telugu
meal swaad ni hai.,2,bad,punjabi
dinner changa hai.,5,good,punjabi
idli kha ke fuddu feel hoya.,2,bad,punjabi
Really dreadful aloo gobi.,2,bad,english
pickle chala kirrak.,5,good,telugu
roti bekaar hai.,1,bad,hindi
i had a gross methi paratha.,2,bad,english
aloo gobi chala kirrak.,5,good,telugu
aaj ka dessert ek number tha.,4,good,hindi
curry tinte baledu anipinchindi.,3,bad,telugu
dessert full keka.,5,good,kannada
curry ruchi ledu.,1,bad,telugu
mushroom masala bekaar lagya.,3,bad,punjabi
aaj ka chole zabardast tha.,5,good,hindi
such a disgusting soup.,2,bad,english
naan swadisht hai.,5,good,hindi
Eeroju baingan bharta chandalanga undi.,1,bad,telugu
khichdi kha ke mazza aa gaya feel hoya.,5,good,punjabi
dessert full keka.,5,good,kannada
The place was superb.,5,good,english
paneer pura sira hai.,5,good,punjabi
the lunch tasted bad.,2,bad,english
Eeroju sambar worst ga undi.,2,bad,telugu
curd full bekar.,2,bad,kannada
baingan bharta tinte baledu anipinchindi.,2,bad,telugu
pulao kha ke vadiya feel hoya.,5,good,punjabi
dal makhani bahut ek number hai.,4,good,hindi
aaj dessert mazza aa gaya si.,5,good,punjabi
kadai chicken tumba tumba chennagide.,4,good,kannada
soup tinte ruchi ga undi anipinchindi.,4,good,telugu
soup chennagilla.,1,bad,kannada
roti nodoke ruchi agide.,4,good,kannada
chapati matram super.,5,good,telugu
khana chala baledu.,1,bad,telugu
breakfast matram kirrak.,4,good,telugu
egg curry kettadagide.,1,bad,kannada
sabzi kha ke maza aa gaya.,5,good,hindi
Ivattu oota bombat.,4,good,kannada
pulao pura swaad hai.,5,good,punjabi
paratha asalu chetta.,3,bad,telugu
butter chicken tumba chennagide.,5,good,kannada
salad ekdum awesome hai.,5,good,hindi
breakfast worst ga undi.,3,bad,telugu
eeroju meal ruchi ga undi.,5,good,telugu
eeroju dessert baga chesaru.,5,good,telugu
ivattu methi paratha chennagilla.,1,bad,kannada
paratha ghaint lagya.,5,good,punjabi
Eeroju paneer asalu baledu.,1,bad,telugu
fish curry swaad ni lagya.,1,bad,punjabi
paratha tinte super anipinchindi.,5,good,telugu
palak paneer kha ke bekaar feel hoya.,1,bad,punjabi
ivattu roti worst agide.,1,bad,kannada
aaj ka raita ghatiya tha.,3,bad,hindi
breakfast tumba chennagide.,5,good,kannada
uttapam full ruchi illa.,2,bad,kannada
khichdi ekdum bakwas hai.,2,bad,hindi
aaj salad swaad si.,4,good,punjabi
Such a horrible methi paratha.,1,bad,english
baingan bharta jhakaas hai.,5,good,hindi
poha ekdum bekar hai.,1,bad,hindi
dosa tumba mast agide.,4,good,kannada
sambar excellent ga undi.,5,good,telugu
dosa bekaar lagya.,1,bad,punjabi
food bahut chii hai.,3,bad,hindi
food kha ke bekar feel hoya.,1,bad,punjabi
aaj upma changa si.,5,good,punjabi
service is terrible.,1,bad,english
The dessert tasted superb.,5,good,english
meal chala chala baledu.,1,bad,telugu
methi paratha chala chandalanga undi.,2,bad,telugu
curry is tasty.,5,good,english
kadai chicken kha ke mazza aa gaya feel hoya.,4,good,punjabi
methi paratha chala kirrak.,5,good,telugu
Eeroju curd bagundi.,4,good,telugu
I had a perfect bhatura.,5,good,english
khichdi bakwaas lagya.,1,bad,punjabi
Ivattu dinner bekar.,1,bad,kannada
dinner kha ke mood kharab.,1,bad,hindi
ivattu dessert worst agide.,1,bad,kannada
ivattu kadai chicken chennagilla.,2,bad,kannada
upma chala chala baledu.,1,bad,telugu
Such a tasty dal makhani.,5,good,english
really excellent lunch.,4,good,english
ivattu curd ruchi agide.,5,good,kannada
such a wonderful dessert.,5,good,english
aaj salad ganda si.,2,bad,punjabi
biryani ruchi ledu.,1,bad,telugu
aaj curd changa si.,5,good,punjabi
sambar kha ke maada feel hoya.,1,bad,punjabi
dinner tinte ruchi ga undi anipinchindi.,5,good,telugu
experience is tasty.,5,good,english
bhatura full ruchi agide.,4,good,kannada
sabzi worst ga undi.,1,bad,telugu
"hated the khichdi, it was dreadful.",3,bad,english
vada tinte super anipinchindi.,5,good,telugu
ivattu paneer keka.,5,good,kannada
chapati pura mazza aa gaya hai.,5,good,punjabi
aaj dessert bahut vadiya si.,5,good,punjabi
mixed veg tumba bombat.,5,good,kannada
paneer nodoke mast agide.,5,good,kannada
lunch chii hai.,1,bad,hindi
"hated the paneer, it was dreadful.",1,bad,english
chicken was absolutely lovely.,5,good,english
raita bakwaas hai.,1,bad,punjabi
ivattu paratha waste.,2,bad,kannada
idli jama bakwaas hai.,1,bad,punjabi
"loved the salad, it was amazing.",5,good,english
idli tinte daridram anipinchindi.,1,bad,telugu
aaj ka dessert bekar tha.,2,bad,hindi
khichdi was absolutely lovely.,5,good,english
Such a bad salad.,1,bad,english
eeroju vada chala bagundi.,5,good,telugu
oota ekdum not good hai.,2,bad,hindi
dal makhani is delicious.,4,good,english
chapati was absolutely worst.,1,bad,english
"Hated the oota, it was unpleasant.",1,bad,english
i had a nasty baingan bharta.,2,bad,english
food kha ke mazza aa gaya feel hoya.,5,good,punjabi
aaj ka paneer mast tha.,5,good,hindi
rice pura swaad hai.,5,good,punjabi
baingan bharta jama bekar hai.,2,bad,punjabi
biryani tinte baledu anipinchindi.,1,bad,telugu
Eeroju methi paratha super.,5,good,telugu
biryani tumba thu.,1,bad,kannada
mushroom masala tinte asalu baledu anipinchindi.,1,bad,telugu
the methi paratha tasted wonderful.,5,good,english
The dosa tasted osm.,5,good,english
chicken bekaar hai.,2,bad,hindi
I had a outstanding baingan bharta.,5,good,english
methi paratha jama fuddu hai.,1,bad,punjabi
mixed veg jama fuddu hai.,1,bad,punjabi
dal makhani tinte waste anipinchindi.,2,bad,telugu
egg curry asalu waste.,2,bad,telugu
fish curry nodoke worst agide.,1,bad,kannada
pulao ekdum waste hai.,1,bad,hindi
khichdi nodoke keka.,5,good,kannada
aaj curd att si.,4,good,punjabi
khana bakwas hai.,1,bad,hindi
"loved the quality, it was superb.",5,good,english
mushroom masala mast hai.,5,good,hindi
baingan bharta kha ke bekar feel hoya.,3,bad,punjabi
such a nasty experience.,2,bad,english
naan ruchi ledu.,1,bad,telugu
uttapam bahut swadisht hai.,5,good,hindi
aaj ka biryani kharaab tha.,2,bad,hindi
paratha sari illa.,1,bad,kannada
bhojanam kha ke maza aa gaya.,5,good,hindi
food att hai.,5,good,punjabi
Such a horrible poha.,1,bad,english
aaj ka chapati waste tha.,1,bad,hindi
pickle ganda lagya.,1,bad,punjabi
biryani nodoke chennagilla.,1,bad,kannada
The food was nice.,4,good,english
"Hated the roti, it was pathetic.",2,bad,english
ivattu chicken thu.,3,bad,kannada
curd waste.,1,bad,telugu
mixed veg excellent ga undi.,4,good,telugu
dal bahut jhakaas hai.,4,good,hindi
raita bahut chii hai.,1,bad,hindi
mixed veg super.,4,good,telugu
aaj ka fish curry kharaab tha.,1,bad,hindi
curd kha ke maza aa gaya.,5,good,hindi
upma tumba chennagide.,5,good,kannada
food tinte worst ga undi anipinchindi.,1,bad,telugu
mushroom masala kha ke vadiya feel hoya.,4,good,punjabi
lunch chii hai.,2,bad,hindi
khana vadiya lagya.,4,good,punjabi
I had a perfect mixed veg.,5,good,english
the meal was excellent.,5,good,english
oota jama khatam hai.,3,bad,punjabi
I had a tasty meal.,5,good,english
dosa swaad lagya.,5,good,punjabi
mess is nice.,4,good,english
dessert fuddu hai.,1,bad,punjabi
fish curry mazza aa gaya lagya.,4,good,punjabi
mushroom masala chii hai.,1,bad,hindi
The salad tasted superb.,5,good,english
poha full chennagide.,5,good,kannada
rajma bahut badiya hai.,5,good,hindi
methi paratha asalu chetta.,3,bad,telugu
eeroju biryani super.,5,good,telugu
chutney bahut waste hai.,2,bad,hindi
the mess was superb.,5,good,english
khichdi swaad hai.,5,good,punjabi
bhatura is tasteless.,1,bad,english
such a bad idli.,2,bad,english
baingan bharta kha ke bekar feel hoya.,2,bad,punjabi
breakfast is osm.,5,good,english
pickle changa hai.,4,good,punjabi
methi paratha pura att hai.,4,good,punjabi
biryani tumba waste.,1,bad,kannada
raita full kettadagide.,2,bad,kannada
really worst experience.,2,bad,english
the rajma was nasty.,2,bad,english
puri bahut mood kharab hai.,2,bad,hindi
naan tumba thu.,1,bad,kannada
food kha ke mood kharab.,2,bad,hindi
poha kha ke maza aa gaya.,5,good,hindi
oota worst agide.,2,bad,kannada
Ivattu raita worst agide.,2,bad,kannada
uttapam ekdum kharaab hai.,2,bad,hindi
such a amazing rajma.,5,good,english
naan full worst agide.,2,bad,kannada
dinner full keka.,4,good,kannada
lunch jama fuddu hai.,1,bad,punjabi
i had a outstanding vibe.,5,good,english
rajma pura att hai.,5,good,punjabi
raita full bekar.,1,bad,kannada
salad ekdum lajawab hai.,4,good,hindi
aaj chicken att si.,5,good,punjabi
Eeroju curry asalu baledu.,2,bad,telugu
Ivattu khana bombat.,5,good,kannada
ivattu salad waste.,1,bad,kannada
Such a tasteless pulao.,1,bad,english
paratha pura att hai.,5,good,punjabi
bhatura bahut zabardast hai.,5,good,hindi
aloo gobi nodoke bombat.,5,good,kannada
naan pura mazza aa gaya hai.,5,good,punjabi
oota khatam hai.,2,bad,hindi
vada tumba sakath.,5,good,kannada
salad bahut jhakaas hai.,4,good,hindi
Such a dreadful khana.,1,bad,english
dinner tinte baga chesaru anipinchindi.,5,good,telugu
chicken tumba kettadagide.,1,bad,kannada
sabzi ekdum swadisht hai.,5,good,hindi
raita bahut badhiya hai.,5,good,hindi
pickle nodoke sari illa.,2,bad,kannada
rajma asalu baledu.,1,bad,telugu
chicken was absolutely awful.,1,bad,english
baingan bharta pura changa hai.,5,good,punjabi
chapati nodoke ruchi illa.,2,bad,kannada
salad kha ke maza aa gaya.,4,good,hindi
dal changa hai.,5,good,punjabi
meal is perfect.,5,good,english
ivattu bhatura sakath.,4,good,kannada
khana bahut awesome hai.,5,good,hindi
da chapati tasted amazing.,5,good,english
da experience ws tasteless.,2,bad,english
biryani jama bekaar hai.,1,bad,punjabi
chapati full kettadagide.,2,bad,kannada
Ivattu oota sakath.,5,good,kannada
bhatura pura vadiya hai.,5,good,punjabi
curd is nice.,4,good,english
curry kha ke ganda feel hoya.,1,bad,punjabi
chole ekdum bekar hai.,1,bad,hindi
kadai chicken ekdum bekar hai.,2,bad,hindi
dal asalu ruchi ledu.,1,bad,telugu
naan kha ke maza aa gaya.,5,good,hindi
lunch jama fuddu hai.,2,bad,punjabi
dinner kha ke bakwaas feel hoya.,2,bad,punjabi
uttapam kha ke fuddu feel hoya.,3,bad,punjabi
poha bahut swadisht hai.,5,good,hindi
naan tumba thu.,1,bad,kannada
Ivattu rajma chennagide.,5,good,kannada
egg curry chennagilla.,1,bad,kannada
eeroju rice baledu.,1,bad,telugu
naan is lovely.,5,good,english
paratha mast agide.,4,good,kannada
palak paneer kha ke mazza aa gaya feel hoya.,4,good,punjabi
butter chicken chala chala bagundi.,5,good,telugu
khichdi ws absolutely good.,5,good,english
lunch tinte ruchi ledu anipinchindi.,1,bad,telugu
aaj methi paratha att si.,4,good,punjabi
pulao bekar.,3,bad,kannada
curd nodoke chennagilla.,1,bad,kannada
curry kha ke mood kharab.,1,bad,hindi
aaj rice sira si.,5,good,punjabi
aaj ka meal swadisht tha.,5,good,hindi
dinner sira hai.,5,good,punjabi
breakfast kha ke mood kharab.,2,bad,hindi
rice jama fuddu hai.,1,bad,punjabi
sambar chala baledu.,1,bad,telugu
oota nodoke chennagide.,5,good,kannada
khichdi kha ke maza aa gaya.,4,good,hindi
paratha bahut mast hai.,5,good,hindi
chicken pura sira hai.,5,good,punjabi
kadai chicken tumba ruchi agide.,4,good,kannada
eeroju pulao chala baledu.,1,bad,telugu
upma bahut kharaab hai.,1,bad,hindi
food adhurs.,5,good,telugu
quality was absolutely fantastic.,5,good,english
I had a brilliant bhojanam.,4,good,english
eeroju meal ruchi ga undi.,5,good,telugu
pulao pura changa hai.,5,good,punjabi
sabzi bahut ghatiya hai.,1,bad,hindi
aaj ka dal bekar tha.,1,bad,hindi
i had a unpleasant place.,3,bad,english
aaj roti khatam si.,1,bad,punjabi
raita bekar.,1,bad,kannada
dal makhani matram chala bagundi.,4,good,telugu
pulao asalu baledu.,2,bad,telugu
dosa ruchi ga undi.,5,good,telugu
the meal tasted tasty.,4,good,english
mushroom masala kha ke mood kharab.,1,bad,hindi
pickle matram adhurs.,5,good,telugu
dal kha ke mood kharab.,1,bad,hindi
Eeroju roti worst ga undi.,1,bad,telugu
uttapam bekar lagya.,1,bad,punjabi
upma tumba chennagide.,5,good,kannada
dinner bahut waste hai.,2,bad,hindi
puri nodoke super agide.,4,good,kannada
fish curry waste hai.,1,bad,hindi
dal makhani bahut not good hai.,1,bad,hindi
aaj food changa si.,5,good,punjabi
butter chicken bekar.,1,bad,kannada
curry nodoke tumba chennagide.,5,good,kannada
naan ruchi ledu.,2,bad,telugu
aaj ka dal makhani jhakaas tha.,5,good,hindi
dal nodoke super agide.,5,good,kannada
lunch chala worst ga undi.,3,bad,telugu
lunch pura ghaint hai.,5,good,punjabi
egg curry worst agide.,1,bad,kannada
chicken matram adhurs.,5,good,telugu
butter chicken tumba worst agide.,1,bad,kannada
bhojanam kha ke mood kharab.,2,bad,hindi
khichdi tinte chetta anipinchindi.,2,bad,telugu
mushroom masala ghaint lagya.,4,good,punjabi
rajma mast hai.,4,good,hindi
dosa full sakath.,5,good,kannada
The methi paratha tasted nasty.,2,bad,english
eeroju dal makhani chetta.,1,bad,telugu
really good roti.,5,good,english
aaj ka roti sahi h tha.,5,good,hindi
dal nodoke kettadagide.,1,bad,kannada
"Loved da chutney, it was wonderful.",4,good,english
dessert bahut bekar hai.,1,bad,hindi
The bhojanam was bland.,1,bad,english
chapati bagundi.,4,good,telugu
rajma bahut jhakaas hai.,5,good,hindi
kadai chicken is nice.,5,good,english
dosa full chennagide.,5,good,kannada
dosa thu.,2,bad,kannada
sabzi bahut kharaab hai.,1,bad,hindi
biryani mazza aa gaya hai.,4,good,punjabi
such a bad mushroom masala.,2,bad,english
eeroju meal baga chesaru.,5,good,telugu
chole baga chesaru.,4,good,telugu
khana matram bagundi.,4,good,telugu
pickle bekar.,3,bad,kannada
bhatura jhakaas hai.,5,good,hindi
kadai chicken bahut swadisht hai.,4,good,hindi
meal kettadagide.,1,bad,kannada
dal kha ke maza aa gaya.,5,good,hindi
aaj salad mazza aa gaya si.,5,good,punjabi
kadai chicken bahut vadiya hai.,4,good,punjabi
eeroju upma super.,5,good,telugu
chole ganda lagya.,1,bad,punjabi
aloo gobi ruchi ga undi.,5,good,telugu
aaj paneer ganda si.,2,bad,punjabi
aaj rajma sira si.,5,good,punjabi
dal nodoke bekar.,2,bad,kannada
food tumba bombat.,5,good,kannada
eeroju baingan bharta chala baledu.,2,bad,telugu
aaj vada khatam si.,2,bad,punjabi
the raita was tasty.,4,good,english
dinner kha ke sira feel hoya.,5,good,punjabi
bhatura ekdum mood kharab hai.,1,bad,hindi
lunch ws absolutely lovely.,4,good,english
rice excellent ga undi.,5,good,telugu
bhatura tumba sakath.,5,good,kannada
khichdi bagundi.,5,good,telugu
meal jama ganda hai.,1,bad,punjabi
chicken is dreadful.,2,bad,english
ivattu upma ruchi illa.,3,bad,kannada
I had a bland dessert.,1,bad,english
upma tinte baga chesaru anipinchindi.,5,good,telugu
really lovely aloo gobi.,5,good,english
mixed veg ekdum bakwas hai.,3,bad,hindi
lunch nodoke sari illa.,1,bad,kannada
paratha chala daridram.,1,bad,telugu
ivattu dosa tumba chennagide.,5,good,kannada
fish curry was absolutely outstanding.,5,good,english
ivattu bhatura sakath.,5,good,kannada
lunch sari illa.,1,bad,kannada
pulao pura mazza aa gaya hai.,5,good,punjabi
i had a bland soup.,3,bad,english
the raita was horrible.,1,bad,english
dal was absolutely disgusting.,3,bad,english
The sambar tasted gross.,2,bad,english
pickle changa lagya.,4,good,punjabi
rice super agide.,5,good,kannada
naan full ruchi agide.,4,good,kannada
bhatura ruchi illa.,3,bad,kannada
salad matram keka.,4,good,telugu
dessert was absolutely horrible.,1,bad,english
uttapam pura mazza aa gaya hai.,5,good,punjabi
really op soup.,5,good,english
uttapam pura att hai.,4,good,punjabi
roti kha ke swaad feel hoya.,5,good,punjabi
kadai chicken full worst agide.,1,bad,kannada
paratha kha ke mood kharab.,1,bad,hindi
"Loved the chutney, it was fantastic.",5,good,english
bhatura gazab hai.,5,good,hindi
sambar kha ke changa feel hoya.,5,good,punjabi
rajma matram chala bagundi.,5,good,telugu
poha baga chesaru.,5,good,telugu
bhatura vadiya hai.,5,good,punjabi
uttapam tumba bekar.,2,bad,kannada
aaj ka kadai chicken kharaab tha.,1,bad,hindi
mess was absolutely tasty.,4,good,english
paneer ekdum bekaar hai.,1,bad,hindi
idli asalu worst ga undi.,1,bad,telugu
dosa vadiya lagya.,5,good,punjabi
really osm roti.,5,good,english
chicken asalu baledu.,1,bad,telugu
Ivattu bhojanam ruchi illa.,1,bad,kannada
eeroju mixed veg chetta.,1,bad,telugu
pickle vadiya lagya.,4,good,punjabi
eeroju bhatura adhurs.,5,good,telugu
uttapam mood kharab hai.,1,bad,hindi
the dal was delicious.,4,good,english
pickle nodoke kettadagide.,3,bad,kannada
lunch tinte waste anipinchindi.,1,bad,telugu
such a osm sabzi.,5,good,english
khana khatam hai.,1,bad,punjabi
roti was absolutely bland.,1,bad,english
baingan bharta tumba sakath.,5,good,kannada
mushroom masala ganda hai.,1,bad,punjabi
palak paneer kha ke maza aa gaya.,5,good,hindi
aaj uttapam mazza aa gaya si.,5,good,punjabi
khana nodoke mast agide.,4,good,kannada
aaj vada mazza aa gaya si.,5,good,punjabi
raita kha ke fuddu feel hoya.,1,bad,punjabi
kadai chicken tinte waste anipinchindi.,1,bad,telugu
palak paneer bekaar lagya.,2,bad,punjabi
The soup was good.,4,good,english
puri asalu asalu baledu.,3,bad,telugu
dinner ekdum badiya hai.,5,good,hindi
palak paneer tumba bekar.,1,bad,kannada
baingan bharta tinte chetta anipinchindi.,1,bad,telugu
aloo gobi mast agide.,5,good,kannada
chutney bagundi.,5,good,telugu
sabzi awesome hai.,5,good,hindi
really outstanding chapati.,4,good,english
food full sakath.,5,good,kannada
bhojanam ekdum gazab hai.,5,good,hindi
biryani bahut bakwas hai.,1,bad,hindi
"loved the chapati, it was tasty.",4,good,english
roti jama fuddu hai.,1,bad,punjabi
eeroju chutney chala bagundi.,4,good,telugu
aaj ka sambar bekar tha.,3,bad,hindi
aaj ka bhojanam kharaab tha.,1,bad,hindi
"Hated the atmosphere, it was pathetic.",1,bad,english
khana tinte waste anipinchindi.,2,bad,telugu
Really wonderful dal.,5,good,english
biryani iz osm.,5,good,english
fish curry jama ganda hai.,1,bad,punjabi
chapati fuddu hai.,1,bad,punjabi
dinner is good.,5,good,english
soup bekar lagya.,1,bad,punjabi
chapati ekdum ghatiya hai.,1,bad,hindi
soup full bekar.,2,bad,kannada
palak paneer adhurs.,5,good,telugu
uttapam ekdum kharaab hai.,3,bad,hindi
the dinner tasted brilliant.,5,good,english
methi paratha bakwaas lagya.,1,bad,punjabi
bhatura chala waste.,3,bad,telugu
The pickle was terrible.,2,bad,english
the curd was bland.,1,bad,english
paneer is tasty.,5,good,english
biryani kha ke mood kharab.,2,bad,hindi
pulao mast agide.,5,good,kannada
curd full mast agide.,5,good,kannada
i had a nasty salad.,1,bad,english
dinner chala bagundi.,4,good,telugu
dal ruchi illa.,3,bad,kannada
curd badiya hai.,5,good,hindi
khichdi full super agide.,5,good,kannada
dal makhani bahut badhiya hai.,5,good,hindi
puri asalu ruchi ledu.,1,bad,telugu
pickle bombat.,5,good,kannada
uttapam matram baga chesaru.,5,good,telugu
chole awesome hai.,4,good,hindi
soup sari illa.,1,bad,kannada
uttapam chala super.,5,good,telugu
curry chala waste.,2,bad,telugu
eeroju upma baledu.,1,bad,telugu
oota tumba keka.,5,good,kannada
ivattu bhatura chennagilla.,3,bad,kannada
paratha ekdum bekaar hai.,1,bad,hindi
dosa chala chala bagundi.,4,good,telugu
aaj ka methi paratha not good tha.,3,bad,hindi
baingan bharta chala chala baledu.,1,bad,telugu
such a tasteless dal makhani.,1,bad,english
sambar nodoke sakath.,5,good,kannada
Eeroju chutney excellent ga undi.,4,good,telugu
aloo gobi asalu chetta.,1,bad,telugu
chutney jhakaas hai.,5,good,hindi
"Hated the staff, it was worst.",1,bad,english
breakfast was absolutely excellent.,4,good,english
aaj ka puri bekar tha.,1,bad,hindi
pickle kha ke swaad feel hoya.,5,good,punjabi
curry kha ke maza aa gaya.,5,good,hindi
chicken bahut mood kharab hai.,1,bad,hindi
rajma jama bakwaas hai.,2,bad,punjabi
fish curry ws absolutely lovely.,5,good,english
soup ekdum badiya hai.,4,good,hindi
Ivattu butter chicken ruchi agide.,5,good,kannada
dal bahut ek number hai.,5,good,hindi
egg curry was absolutely worst.,1,bad,english
curry swaad lagya.,4,good,punjabi
vada chandalanga undi.,3,bad,telugu
lunch nodoke bekar.,1,bad,kannada
roti pura ghaint hai.,5,good,punjabi
meal matram baga chesaru.,5,good,telugu
kadai chicken nodoke bekar.,2,bad,kannada
methi paratha was absolutely horrible.,2,bad,english
aloo gobi was absolutely brilliant.,4,good,english
aaj bhojanam sira si.,5,good,punjabi
Eeroju curry chandalanga undi.,2,bad,telugu
dinner nodoke tumba chennagide.,5,good,kannada
aloo gobi bahut lajawab hai.,5,good,hindi
aaj mushroom masala ghaint si.,5,good,punjabi
sambar nodoke thu.,2,bad,kannada
aaj ka naan zabardast tha.,5,good,hindi
ivattu mushroom masala sari illa.,2,bad,kannada
i had a op raita.,4,good,english
pulao kha ke fuddu feel hoya.,3,bad,punjabi
methi paratha changa hai.,5,good,punjabi
puri kha ke maza aa gaya.,5,good,hindi
the curry tasted great.,5,good,english
rice nodoke sakath.,5,good,kannada
breakfast khatam hai.,1,bad,hindi
aaj ka butter chicken bekar tha.,1,bad,hindi
bhojanam full keka.,5,good,kannada
aaj ka idli not good tha.,1,bad,hindi
i had a bland meal.,3,bad,english
bhojanam kha ke mood kharab.,2,bad,hindi
idli thu.,2,bad,kannada
really lovely dinner.,5,good,english
meal ekdum bakwas hai.,2,bad,hindi
soup bahut swadisht hai.,5,good,hindi
aaj bhatura swaad ni si.,1,bad,punjabi
kadai chicken kha ke mood kharab.,1,bad,hindi
dosa bahut mast hai.,5,good,hindi
egg curry jama bekaar hai.,1,bad,punjabi
curd was absolutely pathetic.,1,bad,english
The paratha tasted pathetic.,1,bad,english
paneer kha ke ganda feel hoya.,1,bad,punjabi
food awesome hai.,5,good,hindi
khana full ruchi illa.,3,bad,kannada
"Loved the meal, it was brilliant.",5,good,english
oota matram kirrak.,4,good,telugu
sabzi full bekar.,1,bad,kannada
Eeroju vada chandalanga undi.,2,bad,telugu
ivattu upma chennagilla.,1,bad,kannada
vada pura att hai.,5,good,punjabi
the experience tasted gross.,1,bad,english
The chicken tasted nice.,4,good,english
fish curry pura bahut vadiya hai.,4,good,punjabi
aaj chicken ganda si.,1,bad,punjabi
pickle tumba waste.,2,bad,kannada
meal tinte daridram anipinchindi.,2,bad,telugu
da soup tasted good.,5,good,english
pulao bahut mood kharab hai.,1,bad,hindi
curry nodoke thu.,1,bad,kannada
egg curry kha ke maza aa gaya.,5,good,hindi
aaj curry swaad si.,4,good,punjabi
kadai chicken matram adhurs.,5,good,telugu
methi paratha tinte bagundi anipinchindi.,5,good,telugu
poha is wonderful.,5,good,english
curry ekdum bekar hai.,1,bad,hindi
chicken bahut ghatiya hai.,1,bad,hindi
Ivattu curry chennagilla.,2,bad,kannada
bhojanam bekar.,1,bad,kannada
"hated the chapati, it was horrible.",3,bad,english
mess is horrible.,1,bad,english
sabzi lajawab hai.,4,good,hindi
poha ganda lagya.,1,bad,punjabi
aaj aloo gobi att si.,4,good,punjabi
aaj pickle ganda si.,2,bad,punjabi
I had a disgusting chicken.,2,bad,english
paratha nodoke waste.,2,bad,kannada
I had a outstanding naan.,5,good,english
pulao ghaint lagya.,4,good,punjabi
poha sahi hai hai.,5,good,hindi
Ivattu chapati ruchi illa.,1,bad,kannada
oota nodoke super agide.,5,good,kannada
bhojanam chandalanga undi.,2,bad,telugu
dinner bekaar hai.,2,bad,punjabi
pulao kha ke fuddu feel hoya.,2,bad,punjabi
chapati was absolutely outstanding.,5,good,english
curd was absolutely unpleasant.,1,bad,english
"loved the butter chicken, it was lovely.",5,good,english
chicken asalu baledu.,1,bad,telugu
bhojanam chala baledu.,1,bad,telugu
"loved the puri, it ws fantastic.",5,good,english
butter chicken nodoke chennagide.,5,good,kannada
soup matram keka.,5,good,telugu
idli kha ke mood kharab.,2,bad,hindi
aaj ka sabzi ek number tha.,5,good,hindi
I had a lovely dosa.,5,good,english
"Hated the staff, it was disgusting.",3,bad,english
palak paneer asalu asalu baledu.,1,bad,telugu
khichdi jama swaad ni hai.,1,bad,punjabi
puri nodoke chennagilla.,3,bad,kannada
pulao tumba waste.,2,bad,kannada
vada kha ke maada feel hoya.,1,bad,punjabi
such a fantastic vada.,5,good,english
dosa matram kirrak.,5,good,telugu
aaj ka curd kharaab tha.,1,bad,hindi
eeroju paneer chala baledu.,1,bad,telugu
aaj mushroom masala fuddu si.,1,bad,punjabi
Ivattu oota thu.,1,bad,kannada
baingan bharta nodoke ruchi agide.,5,good,kannada
Eeroju lunch chetta.,1,bad,telugu
really gross mess.,1,bad,english
biryani matram bagundi.,5,good,telugu
paneer ekdum khatam hai.,2,bad,hindi
bhojanam jama khatam hai.,1,bad,punjabi
roti jama bakwaas hai.,1,bad,punjabi
aaj ka chole kharaab tha.,1,bad,hindi
naan nodoke tumba chennagide.,5,good,kannada
biryani mazza aa gaya hai.,5,good,punjabi
upma kha ke mood kharab.,3,bad,hindi
baingan bharta chala baga chesaru.,5,good,telugu
paratha ruchi ga undi.,5,good,telugu
rice jama bekar hai.,1,bad,punjabi
butter chicken not good hai.,1,bad,hindi
rajma bekar hai.,1,bad,hindi
aaj chapati ganda si.,2,bad,punjabi
the biryani was perfect.,5,good,english
sambar ekdum mast hai.,4,good,hindi
breakfast ekdum not good hai.,1,bad,hindi
aaj idli ganda si.,1,bad,punjabi
The chole tasted amazing.,4,good,english
Eeroju sambar chala bagundi.,5,good,telugu
sabzi keka.,5,good,kannada
chutney keka.,5,good,telugu
curry bahut kharaab hai.,2,bad,hindi
the place was great.,4,good,english
Eeroju curry bagundi.,5,good,telugu
pulao full super agide.,5,good,kannada
sambar kha ke mood kharab.,1,bad,hindi
kadai chicken tinte excellent ga undi anipinchindi.,5,good,telugu
naan was absolutely nice.,5,good,english
idli tinte waste anipinchindi.,2,bad,telugu
curd tumba keka.,4,good,kannada
chole keka.,4,good,kannada
palak paneer ruchi agide.,4,good,kannada
aaj baingan bharta bakwaas si.,2,bad,punjabi
fish curry kha ke maza aa gaya.,5,good,hindi
sabzi mast hai.,5,good,hindi
aloo gobi tinte keka anipinchindi.,5,good,telugu
mushroom masala bahut swadisht hai.,4,good,hindi
"loved the mushroom masala, it was delicious.",4,good,english
dessert nodoke sari illa.,1,bad,kannada
puri nodoke sakath.,4,good,kannada
ivattu dessert bekar.,1,bad,kannada
fish curry kha ke swaad feel hoya.,5,good,punjabi
rajma bahut jhakaas hai.,5,good,hindi
The staff was terrible.,3,bad,english
breakfast lajawab hai.,5,good,hindi
The dal makhani was op.,5,good,english
aloo gobi kha ke bekaar feel hoya.,1,bad,punjabi
puri kha ke bekaar feel hoya.,1,bad,punjabi
fish curry matram kirrak.,4,good,telugu
poha mazza aa gaya lagya.,5,good,punjabi
idli tinte baledu anipinchindi.,1,bad,telugu
I had a pathetic chicken.,1,bad,english
Really disgusting chapati.,1,bad,english
baingan bharta matram keka.,5,good,telugu
salad is bad.,2,bad,english
eeroju chapati ruchi ledu.,1,bad,telugu
uttapam ekdum jhakaas hai.,5,good,hindi
paratha kha ke fuddu feel hoya.,3,bad,punjabi
aaj ka butter chicken bekaar tha.,2,bad,hindi
vada nodoke chennagide.,5,good,kannada
dinner full tumba chennagide.,4,good,kannada
paratha matram excellent ga undi.,5,good,telugu
khana lajawab hai.,5,good,hindi
Eeroju oota bagundi.,5,good,telugu
Such a great dal makhani.,5,good,english
meal kha ke mood kharab.,2,bad,hindi
bhojanam nodoke tumba chennagide.,4,good,kannada
paratha khatam hai.,3,bad,punjabi
aaj ka sambar bekaar tha.,2,bad,hindi
roti jama bakwaas hai.,1,bad,punjabi
ivattu biryani super agide.,5,good,kannada
aaj butter chicken swaad ni si.,2,bad,punjabi
idli kha ke bekar feel hoya.,1,bad,punjabi
methi paratha is tasty.,5,good,english
sambar chala ruchi ga undi.,5,good,telugu
butter chicken asalu ruchi ledu.,1,bad,telugu
meal att hai.,5,good,punjabi
pickle chala super.,5,good,telugu
paratha jama bekaar hai.,2,bad,punjabi
rice chala keka.,4,good,telugu
egg curry bahut vadiya lagya.,5,good,punjabi
breakfast nodoke sakath.,5,good,kannada
butter chicken ganda hai.,3,bad,punjabi
sambar baledu.,3,bad,telugu
ivattu poha super agide.,4,good,kannada
bhojanam asalu asalu baledu.,1,bad,telugu
"Hated the fish curry, it was terrible.",2,bad,english
mixed veg tinte chala bagundi anipinchindi.,4,good,telugu
sambar jama swaad ni hai.,1,bad,punjabi
raita kha ke bekaar feel hoya.,1,bad,punjabi
kadai chicken tinte chala bagundi anipinchindi.,5,good,telugu
dal makhani adhurs.,5,good,telugu
salad mazza aa gaya lagya.,4,good,punjabi
chapati bahut kharaab hai.,2,bad,hindi
butter chicken chennagilla.,1,bad,kannada
Eeroju dal makhani keka.,4,good,telugu
dosa asalu baledu.,2,bad,telugu
meal bombat.,5,good,kannada
i had a awful quality.,1,bad,english
sabzi kha ke bahut vadiya feel hoya.,5,good,punjabi
eeroju sabzi excellent ga undi.,5,good,telugu
The chapati was terrible.,1,bad,english
The kadai chicken was pathetic.,1,bad,english
curd maada hai.,2,bad,punjabi
dal makhani full tumba chennagide.,5,good,kannada
ivattu naan ruchi agide.,5,good,kannada
egg curry full sakath.,4,good,kannada
the khichdi was op.,5,good,english
really nasty dal makhani.,1,bad,english
pickle nodoke thu.,3,bad,kannada
paratha pura swaad hai.,5,good,punjabi
kadai chicken fuddu hai.,2,bad,punjabi
da aloo gobi tasted brilliant.,4,good,english
Ivattu oota bekar.,1,bad,kannada
rajma iz worst.,1,bad,english
aloo gobi was absolutely nasty.,2,bad,english
Eeroju fish curry daridram.,1,bad,telugu
such a horrible roti.,1,bad,english
The experience tasted lovely.,5,good,english
chutney tinte adhurs anipinchindi.,4,good,telugu
I had a horrible palak paneer.,1,bad,english
fish curry tinte chala bagundi anipinchindi.,5,good,telugu
I had a bland rajma.,2,bad,english
aaj ka dal makhani badiya tha.,5,good,hindi
rice bekaar lagya.,1,bad,punjabi
chicken bahut waste hai.,1,bad,hindi
upma ekdum awesome hai.,4,good,hindi
"hated the poha, it was awful.",2,bad,english
salad kirrak.,5,good,telugu
such a amazing curry.,4,good,english
kadai chicken nodoke worst agide.,2,bad,kannada
poha tinte daridram anipinchindi.,1,bad,telugu
chutney bombat.,5,good,kannada
sambar tinte chala bagundi anipinchindi.,5,good,telugu
sambar nodoke keka.,4,good,kannada
egg curry kha ke mood kharab.,1,bad,hindi
chutney ekdum waste hai.,1,bad,hindi
fish curry chala chetta.,1,bad,telugu
"Loved the place, it was tasty.",5,good,english
raita full chennagilla.,2,bad,kannada
curry tumba waste.,1,bad,kannada
chapati chetta.,1,bad,telugu
Eeroju oota chala bagundi.,4,good,telugu
biryani ekdum mood kharab hai.,1,bad,hindi
vibe ws absolutely horrible.,3,bad,english
mushroom masala tinte chandalanga undi anipinchindi.,1,bad,telugu
aloo gobi full super agide.,5,good,kannada
"Loved da quality, it ws amazing.",5,good,english
mushroom masala nodoke thu.,1,bad,kannada
dosa bekaar lagya.,1,bad,punjabi
i had a op rajma.,5,good,english
khichdi worst ga undi.,1,bad,telugu
chole bahut ek number hai.,5,good,hindi
kadai chicken pura vadiya hai.,5,good,punjabi
aloo gobi fuddu lagya.,1,bad,punjabi
dal makhani bombat.,4,good,kannada
vada tinte baledu anipinchindi.,2,bad,telugu
i had a perfect roti.,4,good,english
bhojanam nodoke bombat.,4,good,kannada
lunch tumba waste.,2,bad,kannada
naan badhiya hai.,5,good,hindi
dal makhani chala super.,5,good,telugu
chicken pura vadiya hai.,5,good,punjabi
rajma nodoke mast agide.,5,good,kannada
chicken kettadagide.,1,bad,kannada
palak paneer bahut ghatiya hai.,1,bad,hindi
da raita ws superb.,5,good,english
ivattu vada sari illa.,1,bad,kannada
soup bahut vadiya lagya.,5,good,punjabi
dal makhani nodoke waste.,1,bad,kannada
"hated the methi paratha, it was pathetic.",1,bad,english
rice sari illa.,2,bad,kannada
The chutney was bland.,1,bad,english
chicken bakwaas lagya.,2,bad,punjabi
salad kha ke mood kharab.,2,bad,hindi
poha kha ke fuddu feel hoya.,3,bad,punjabi
aloo gobi nodoke worst agide.,1,bad,kannada
The khana was osm.,4,good,english
paneer waste hai.,1,bad,hindi
mixed veg full thu.,2,bad,kannada
salad nodoke mast agide.,5,good,kannada
sambar ghaint hai.,5,good,punjabi
palak paneer kha ke khatam feel hoya.,1,bad,punjabi
Ivattu dosa bekar.,1,bad,kannada
dosa swadisht hai.,5,good,hindi
chapati chala baga chesaru.,5,good,telugu
Really osm lunch.,5,good,english
poha ekdum ek number hai.,5,good,hindi
lunch sira hai.,4,good,punjabi
pickle kharaab hai.,3,bad,hindi
staff was absolutely outstanding.,5,good,english
fish curry full worst agide.,1,bad,kannada
curry jama maada hai.,1,bad,punjabi
khichdi excellent ga undi.,5,good,telugu
khichdi chala bagundi.,5,good,telugu
roti tumba worst agide.,2,bad,kannada
bhojanam nodoke sari illa.,2,bad,kannada
really unpleasant egg curry.,1,bad,english
meal kha ke swaad ni feel hoya.,1,bad,punjabi
breakfast jama ganda hai.,1,bad,punjabi
bhojanam jama swaad ni hai.,1,bad,punjabi
dal bahut swadisht hai.,5,good,hindi
aaj ka baingan bharta jhakaas tha.,5,good,hindi
dal makhani kha ke mood kharab.,1,bad,hindi
Really worst upma.,1,bad,english
bhojanam full chennagide.,4,good,kannada
i had a amazing roti.,5,good,english
rice chetta.,3,bad,telugu
khana pura mazza aa gaya hai.,5,good,punjabi
really bad baingan bharta.,1,bad,english
Ivattu bhojanam thu.,2,bad,kannada
lunch kha ke maza aa gaya.,5,good,hindi
"loved da rajma, it was outstanding.",5,good,english
palak paneer swaad hai.,5,good,punjabi
bhatura bombat.,4,good,kannada
idli matram chala bagundi.,4,good,telugu
really op uttapam.,5,good,english
curry chala chala bagundi.,5,good,telugu
khichdi sira hai.,5,good,punjabi
fish curry tumba chennagilla.,1,bad,kannada
roti kha ke mood kharab.,2,bad,hindi
aaj ka chutney chii tha.,1,bad,hindi
uttapam ekdum jhakaas hai.,5,good,hindi
pickle chala super.,4,good,telugu
ivattu curd bekar.,2,bad,kannada
dessert jama maada hai.,1,bad,punjabi
pickle tinte baledu anipinchindi.,1,bad,telugu
aaj rice bekar si.,1,bad,punjabi
curd chala ruchi ledu.,1,bad,telugu
palak paneer ruchi ga undi.,5,good,telugu
aloo gobi jama bekar hai.,1,bad,punjabi
Really nice dosa.,5,good,english
aaj roti swaad ni si.,2,bad,punjabi
mixed veg swaad lagya.,5,good,punjabi
oota khatam lagya.,1,bad,punjabi
I had a bad bhojanam.,2,bad,english
da vada ws outstanding.,4,good,english
Eeroju khichdi ruchi ga undi.,5,good,telugu
salad tumba ruchi agide.,5,good,kannada
puri tumba sakath.,5,good,kannada
Really terrible meal.,1,bad,english
sabzi tumba waste.,2,bad,kannada
dosa bahut chii hai.,1,bad,hindi
"Loved the food, it was superb.",4,good,english
raita chala adhurs.,5,good,telugu
curd tumba sari illa.,1,bad,kannada
curry tumba worst agide.,1,bad,kannada
meal jama ganda hai.,1,bad,punjabi
dessert kha ke maada feel hoya.,2,bad,punjabi
the chapati tasted great.,5,good,english
chutney tumba worst agide.,2,bad,kannada
breakfast swadisht hai.,5,good,hindi
bhojanam kha ke mazza aa gaya feel hoya.,4,good,punjabi
aloo gobi asalu baledu.,1,bad,telugu
chole ekdum lajawab hai.,5,good,hindi
the soup was tasteless.,1,bad,english
paratha full sakath.,5,good,kannada
eeroju pickle chetta.,1,bad,telugu
dinner is osm.,5,good,english
lunch matram baga chesaru.,5,good,telugu
Eeroju roti excellent ga undi.,5,good,telugu
such a gross fish curry.,2,bad,english
bhojanam ekdum bekar hai.,3,bad,hindi
sambar sakath.,5,good,kannada
aaj kadai chicken ganda si.,2,bad,punjabi
baingan bharta badhiya hai.,5,good,hindi
bhatura ekdum kharaab hai.,2,bad,hindi
chicken nodoke mast agide.,5,good,kannada
aloo gobi is delicious.,4,good,english
bhatura kha ke khatam feel hoya.,1,bad,punjabi
soup full tumba chennagide.,5,good,kannada
mixed veg was absolutely dreadful.,1,bad,english
bhojanam is pathetic.,1,bad,english
ivattu chutney sari illa.,1,bad,kannada
rice chala excellent ga undi.,5,good,telugu
dosa was absolutely gross.,1,bad,english
pulao matram ruchi ga undi.,5,good,telugu
pickle kha ke mood kharab.,2,bad,hindi
aaj curd swaad ni si.,1,bad,punjabi
lunch chala bagundi.,4,good,telugu
egg curry swaad hai.,5,good,punjabi
dessert full keka.,5,good,kannada
uttapam ekdum swadisht hai.,4,good,hindi
eeroju egg curry ruchi ledu.,2,bad,telugu
"loved the curry, it was delicious.",5,good,english
salad ekdum chii hai.,1,bad,hindi
paratha ekdum lajawab hai.,5,good,hindi
upma ruchi agide.,4,good,kannada
uttapam chala ruchi ledu.,1,bad,telugu
aaj paneer bekar si.,3,bad,punjabi
uttapam chala chandalanga undi.,2,bad,telugu
really disgusting dinner.,1,bad,english
idli baledu.,1,bad,telugu
breakfast matram kirrak.,5,good,telugu
idli kha ke maza aa gaya.,5,good,hindi
oota ws absolutely disgusting.,1,bad,english
salad bahut mast hai.,4,good,hindi
dal makhani asalu chetta.,1,bad,telugu
aaj fish curry swaad si.,5,good,punjabi
bhojanam full keka.,4,good,kannada
rajma tumba ruchi agide.,5,good,kannada
rajma nodoke tumba chennagide.,5,good,kannada
Ivattu puri bombat.,5,good,kannada
eeroju methi paratha chetta.,1,bad,telugu
aaj vada att si.,4,good,punjabi
khichdi kha ke att feel hoya.,5,good,punjabi
oota tumba waste.,1,bad,kannada
dosa is perfect.,5,good,english
pulao kha ke mood kharab.,1,bad,hindi
roti asalu daridram.,3,bad,telugu
kadai chicken mazza aa gaya hai.,5,good,punjabi
The breakfast tasted lovely.,5,good,english
dosa vadiya lagya.,5,good,punjabi
naan is wonderful.,5,good,english
aaj ka chole awesome tha.,5,good,hindi
eeroju idli bagundi.,5,good,telugu
butter chicken bekaar hai.,1,bad,hindi
eeroju paratha daridram.,1,bad,telugu
paneer chala baledu.,1,bad,telugu
chapati bahut ek number hai.,5,good,hindi
vada chala keka.,5,good,telugu
pickle ekdum zabardast hai.,5,good,hindi
dessert ekdum chii hai.,2,bad,hindi
khichdi bahut vadiya lagya.,5,good,punjabi
sambar adhurs.,5,good,telugu
dal makhani super agide.,5,good,kannada
bhojanam chii hai.,1,bad,hindi
aaj ka pickle badhiya tha.,5,good,hindi
The oota was lovely.,4,good,english
bhojanam ekdum badhiya hai.,4,good,hindi
poha was absolutely terrible.,3,bad,english
aloo gobi waste.,1,bad,telugu
breakfast not good hai.,1,bad,hindi
food kha ke vadiya feel hoya.,5,good,punjabi
vada ghaint lagya.,5,good,punjabi
aaj ka khana waste tha.,3,bad,hindi
such a dreadful naan.,1,bad,english
khana excellent ga undi.,4,good,telugu
raita chala chala baledu.,1,bad,telugu
aaj lunch att si.,5,good,punjabi
The poha ws unpleasant.,1,bad,english
pulao tinte bagundi anipinchindi.,5,good,telugu
baingan bharta full kettadagide.,1,bad,kannada
paratha full thu.,2,bad,kannada
fish curry full waste.,1,bad,kannada
eeroju bhojanam keka.,4,good,telugu
aaj ka chicken bekar tha.,2,bad,hindi
sambar nodoke tumba chennagide.,5,good,kannada
meal tumba bekar.,2,bad,kannada
food kha ke bekaar feel hoya.,2,bad,punjabi
bhatura kha ke maza aa gaya.,5,good,hindi
vada ekdum not good hai.,2,bad,hindi
really poor egg curry.,2,bad,english
dal full chennagilla.,2,bad,kannada
baingan bharta full sari illa.,2,bad,kannada
dosa tumba chennagilla.,2,bad,kannada
mixed veg nodoke sari illa.,1,bad,kannada
salad asalu asalu baledu.,1,bad,telugu
aaj ka chicken gazab tha.,5,good,hindi
the biryani was excellent.,5,good,english
idli jama bekaar hai.,1,bad,punjabi
aaj food maada si.,2,bad,punjabi
aaj ka baingan bharta bekaar tha.,1,bad,hindi
idli kha ke att feel hoya.,5,good,punjabi
oota bahut vadiya hai.,5,good,punjabi
aloo gobi full keka.,5,good,kannada
aaj kadai chicken bekar si.,3,bad,punjabi
Such a superb uttapam.,5,good,english
rice matram bagundi.,4,good,telugu
paneer ghatiya hai.,3,bad,hindi
ivattu dinner super agide.,4,good,kannada
aaj raita fuddu si.,1,bad,punjabi
breakfast is horrible.,1,bad,english
egg curry ekdum mood kharab hai.,1,bad,hindi
naan bahut bakwas hai.,1,bad,hindi
Such a fantastic chutney.,5,good,english
ivattu kadai chicken tumba chennagide.,4,good,kannada
kadai chicken asalu worst ga undi.,1,bad,telugu
meal kha ke maza aa gaya.,5,good,hindi
curd bagundi.,4,good,telugu
chapati pura ghaint hai.,4,good,punjabi
egg curry chala worst ga undi.,1,bad,telugu
pulao was absolutely tasteless.,1,bad,english
i had a nice curd.,5,good,english
food kha ke bekaar feel hoya.,1,bad,punjabi
Really bad kadai chicken.,1,bad,english
The breakfast tasted terrible.,1,bad,english
Ivattu idli chennagide.,5,good,kannada
salad full chennagilla.,1,bad,kannada
uttapam badhiya hai.,4,good,hindi
sambar bahut badiya hai.,5,good,hindi
dosa ekdum badhiya hai.,4,good,hindi
baingan bharta was absolutely unpleasant.,1,bad,english
"loved the quality, it was op.",4,good,english
idli zabardast hai.,5,good,hindi
aaj curd fuddu si.,1,bad,punjabi
curry kha ke ghaint feel hoya.,5,good,punjabi
pickle matram keka.,4,good,telugu
aaj bhatura ghaint si.,5,good,punjabi
aaj ka oota badhiya tha.,5,good,hindi
paratha ekdum mood kharab hai.,1,bad,hindi
eeroju raita baga chesaru.,5,good,telugu
aloo gobi swaad ni lagya.,1,bad,punjabi
naan bekaar hai.,1,bad,hindi
Such a nice rice.,5,good,english
mixed veg kha ke ghaint feel hoya.,5,good,punjabi
aaj methi paratha sira si.,5,good,punjabi
naan kha ke swaad ni feel hoya.,3,bad,punjabi
rajma kha ke swaad ni feel hoya.,2,bad,punjabi
kadai chicken tumba super agide.,5,good,kannada
experience is tasteless.,3,bad,english
the breakfast tasted tasteless.,1,bad,english
Ivattu vada tumba chennagide.,5,good,kannada
oota is op.,5,good,english
mushroom masala full sakath.,5,good,kannada
aaj upma vadiya si.,5,good,punjabi
"loved the chapati, it was osm.",4,good,english
"hated da kadai chicken, it was nasty.",1,bad,english
dal makhani ghaint hai.,5,good,punjabi
egg curry pura swaad hai.,5,good,punjabi
the dinner was horrible.,2,bad,english
Ivattu rajma worst agide.,1,bad,kannada
chapati chala chandalanga undi.,1,bad,telugu
the vada was nice.,5,good,english
aaj chapati changa si.,5,good,punjabi
dessert ekdum mast hai.,5,good,hindi
upma kha ke maza aa gaya.,4,good,hindi
bhatura bahut khatam hai.,1,bad,hindi
kadai chicken kha ke maza aa gaya.,5,good,hindi
raita sakath.,5,good,kannada
curd changa lagya.,4,good,punjabi
mushroom masala ekdum badiya hai.,4,good,hindi
dessert chala bagundi.,5,good,telugu
khana full ruchi agide.,5,good,kannada
lunch ghaint hai.,5,good,punjabi
roti kirrak.,4,good,telugu
curry chala chala bagundi.,5,good,telugu
dal full sari illa.,2,bad,kannada
the dosa tasted good.,5,good,english
dessert kha ke fuddu feel hoya.,2,bad,punjabi
pulao ekdum jhakaas hai.,5,good,hindi
the baingan bharta was nasty.,1,bad,english
dal makhani chala keka.,5,good,telugu
chapati full waste.,1,bad,kannada
meal kha ke fuddu feel hoya.,2,bad,punjabi
dinner ekdum bakwas hai.,2,bad,hindi
paneer att hai.,4,good,punjabi
aaj ka sabzi gazab tha.,5,good,hindi
pulao sahi h hai.,4,good,hindi
aaj chapati bahut vadiya si.,5,good,punjabi
dosa swadisht hai.,4,good,hindi
oota tumba waste.,2,bad,kannada
khichdi tinte asalu baledu anipinchindi.,1,bad,telugu
lunch kha ke changa feel hoya.,5,good,punjabi
Ivattu dessert keka.,5,good,kannada
sambar nodoke tumba chennagide.,5,good,kannada
dal makhani jhakaas hai.,5,good,hindi
chicken jama bekar hai.,3,bad,punjabi
chapati full thu.,1,bad,kannada
Ivattu curry bombat.,4,good,kannada
pickle kha ke changa feel hoya.,5,good,punjabi
dal makhani tumba mast agide.,5,good,kannada
aloo gobi changa lagya.,5,good,punjabi
puri matram adhurs.,5,good,telugu
pickle was absolutely osm.,5,good,english
rajma tumba tumba chennagide.,5,good,kannada
dinner chala ruchi ga undi.,4,good,telugu
fish curry khatam lagya.,1,bad,punjabi
paneer chala baledu.,3,bad,telugu
paneer bahut vadiya hai.,4,good,punjabi
the biryani was good.,4,good,english
palak paneer kha ke maza aa gaya.,4,good,hindi
curd kha ke mood kharab.,1,bad,hindi
food ruchi ga undi.,5,good,telugu
oota tinte chala bagundi anipinchindi.,5,good,telugu
sambar waste hai.,3,bad,hindi
chole tumba chennagilla.,1,bad,kannada
raita bahut chii hai.,1,bad,hindi
paratha bekar lagya.,1,bad,punjabi
methi paratha chala chetta.,1,bad,telugu
aloo gobi ghaint hai.,5,good,punjabi
biryani is amazing.,5,good,english
paratha kha ke bekar feel hoya.,2,bad,punjabi
the curry was nice.,5,good,english
uttapam chennagide.,4,good,kannada
dessert kha ke maza aa gaya.,4,good,hindi
Eeroju food ruchi ledu.,1,bad,telugu
pickle ekdum bakwas hai.,1,bad,hindi
really bland dinner.,1,bad,english
The naan tasted bland.,1,bad,english
aaj meal khatam si.,3,bad,punjabi
aaj idli sira si.,4,good,punjabi
pickle changa hai.,5,good,punjabi
chole att hai.,5,good,punjabi
aaj ka lunch chii tha.,2,bad,hindi
I had a pathetic chapati.,2,bad,english
oota ekdum gazab hai.,5,good,hindi
the mess was perfect.,5,good,english
food ruchi ga undi.,4,good,telugu
The naan was awful.,3,bad,english
aaj ka curry ek number tha.,4,good,hindi
chutney iz dreadful.,1,bad,english
meal super agide.,4,good,kannada
such a terrible uttapam.,1,bad,english
soup sari illa.,1,bad,kannada
pickle pura att hai.,4,good,punjabi
breakfast chala asalu baledu.,1,bad,telugu
raita full waste.,1,bad,kannada
bhojanam kha ke maza aa gaya.,5,good,hindi
chicken waste hai.,1,bad,hindi
khana kha ke bekar feel hoya.,2,bad,punjabi
egg curry bahut khatam hai.,1,bad,hindi
breakfast matram baga chesaru.,5,good,telugu
eeroju curd baga chesaru.,5,good,telugu
salad ekdum awesome hai.,5,good,hindi
"Loved the puri, it was perfect.",5,good,english
pulao kha ke bekar feel hoya.,1,bad,punjabi
The mixed veg tasted horrible.,1,bad,english
paratha bekar lagya.,3,bad,punjabi
biryani kha ke ganda feel hoya.,1,bad,punjabi
aaj ka fish curry chii tha.,3,bad,hindi
dinner maada hai.,2,bad,punjabi
breakfast tumba sari illa.,2,bad,kannada
paratha kha ke bekaar feel hoya.,1,bad,punjabi
I had a perfect egg curry.,5,good,english
fish curry pura sira hai.,5,good,punjabi
aaj egg curry fuddu si.,2,bad,punjabi
biryani tinte asalu baledu anipinchindi.,1,bad,telugu
baingan bharta tumba kettadagide.,1,bad,kannada
aaj ka puri mast tha.,5,good,hindi
methi paratha ghaint hai.,5,good,punjabi
eeroju chicken ruchi ledu.,2,bad,telugu
chicken was absolutely poor.,3,bad,english
roti was absolutely worst.,2,bad,english
meal not good hai.,1,bad,hindi
dosa chala super.,5,good,telugu
Ivattu khana mast agide.,5,good,kannada
methi paratha jama maada hai.,3,bad,punjabi
meal tinte chandalanga undi anipinchindi.,1,bad,telugu
mushroom masala bahut waste hai.,1,bad,hindi
chole is osm.,5,good,english
Ivattu pulao super agide.,5,good,kannada
biryani sakath.,5,good,kannada
food is gross.,1,bad,english
Really nice vibe.,5,good,english
chicken tinte chandalanga undi anipinchindi.,1,bad,telugu
The place was bad.,1,bad,english
salad asalu baledu.,2,bad,telugu
the rajma tasted tasty.,5,good,english
chapati bahut not good hai.,1,bad,hindi
bhojanam asalu daridram.,1,bad,telugu
upma ghatiya hai.,1,bad,hindi
mixed veg ekdum badhiya hai.,5,good,hindi
aaj aloo gobi swaad si.,5,good,punjabi
meal nodoke tumba chennagide.,5,good,kannada
aaj ka egg curry ek number tha.,5,good,hindi
Eeroju kadai chicken kirrak.,4,good,telugu
chicken kha ke att feel hoya.,5,good,punjabi
sambar asalu daridram.,3,bad,telugu
raita nodoke bombat.,5,good,kannada
the pickle was wonderful.,5,good,english
aaj dessert changa si.,4,good,punjabi
sambar tinte ruchi ga undi anipinchindi.,5,good,telugu
Really unpleasant paneer.,1,bad,english
"loved the dosa, it was osm.",4,good,english
The place tasted fantastic.,4,good,english
chutney full keka.,4,good,kannada
I had a excellent fish curry.,5,good,english
aaj pulao swaad ni si.,1,bad,punjabi
aaj ka breakfast bakwas tha.,2,bad,hindi
soup matram keka.,5,good,telugu
The butter chicken tasted op.,5,good,english
khichdi kha ke ganda feel hoya.,1,bad,punjabi
bhojanam matram baga chesaru.,5,good,telugu
really op biryani.,4,good,english
Ivattu pickle chennagide.,5,good,kannada
curd nodoke waste.,1,bad,kannada
sambar bahut badiya hai.,5,good,hindi
dosa ekdum ek number hai.,4,good,hindi
breakfast kha ke mood kharab.,1,bad,hindi
salad kha ke maza aa gaya.,4,good,hindi
methi paratha iz unpleasant.,3,bad,english
naan chala chala bagundi.,5,good,telugu
mushroom masala jama swaad ni hai.,1,bad,punjabi
bhatura bahut bekaar hai.,1,bad,hindi
chutney jama ganda hai.,3,bad,punjabi
aaj ka soup waste tha.,1,bad,hindi
pickle nodoke bombat.,5,good,kannada
paneer kha ke mood kharab.,1,bad,hindi
atmosphere was absolutely delicious.,5,good,english
mixed veg bahut ek number hai.,4,good,hindi
salad bekar hai.,1,bad,punjabi
lunch swaad ni lagya.,1,bad,punjabi
I had a brilliant sambar.,5,good,english
paratha full tumba chennagide.,5,good,kannada
breakfast full thu.,1,bad,kannada
aaj ka dinner zabardast tha.,5,good,hindi
salad bekar hai.,2,bad,punjabi
egg curry asalu baledu.,2,bad,telugu
aaj meal swaad si.,5,good,punjabi
The oota tasted awful.,1,bad,english
paratha tinte ruchi ledu anipinchindi.,2,bad,telugu
aaj paratha bekar si.,1,bad,punjabi
da sambar tasted bad.,1,bad,english
palak paneer tumba kettadagide.,2,bad,kannada
uttapam kha ke maza aa gaya.,5,good,hindi
biryani waste.,1,bad,telugu
fish curry kha ke fuddu feel hoya.,1,bad,punjabi
fish curry kha ke maada feel hoya.,1,bad,punjabi
idli chala baga chesaru.,5,good,telugu
poha bakwas hai.,1,bad,hindi
paratha adhurs.,5,good,telugu
biryani jama bekaar hai.,1,bad,punjabi
breakfast khatam hai.,1,bad,punjabi
dal makhani nodoke mast agide.,5,good,kannada
"loved the breakfast, it was brilliant.",5,good,english
aaj ka dal makhani bakwas tha.,2,bad,hindi
such a great khana.,5,good,english
eeroju mushroom masala ruchi ga undi.,5,good,telugu
the chutney was gross.,1,bad,english
pulao ekdum ghatiya hai.,1,bad,hindi
breakfast jama maada hai.,1,bad,punjabi
dosa ek number hai.,5,good,hindi
Really tasty biryani.,4,good,english
paneer ekdum lajawab hai.,5,good,hindi
aaj baingan bharta mazza aa gaya si.,5,good,punjabi
Really bad fish curry.,3,bad,english
palak paneer nodoke kettadagide.,1,bad,kannada
puri bakwas hai.,1,bad,hindi
chole is fantastic.,5,good,english
Eeroju poha ruchi ledu.,1,bad,telugu
"Loved the oota, it ws perfect.",4,good,english
naan tinte kirrak anipinchindi.,4,good,telugu
meal tinte ruchi ga undi anipinchindi.,5,good,telugu
biryani bahut jhakaas hai.,4,good,hindi
egg curry bahut swadisht hai.,4,good,hindi
palak paneer kha ke vadiya feel hoya.,5,good,punjabi
"hated the paneer, it was dreadful.",1,bad,english
Such a excellent mess.,5,good,english
pulao mazza aa gaya lagya.,5,good,punjabi
mixed veg full sari illa.,1,bad,kannada
such a wonderful uttapam.,4,good,english
aaj dosa bekar si.,3,bad,punjabi
aaj ka naan sahi hai tha.,5,good,hindi
The mess tasted unpleasant.,1,bad,english
aaj ka chutney mood kharab tha.,2,bad,hindi
dal makhani pura swaad hai.,5,good,punjabi
naan bahut sahi hai hai.,4,good,hindi
sambar kha ke mazza aa gaya feel hoya.,5,good,punjabi
butter chicken matram ruchi ga undi.,5,good,telugu
"loved the roti, it was osm.",5,good,english
dinner full mast agide.,4,good,kannada
curd baga chesaru.,5,good,telugu
naan bakwaas lagya.,2,bad,punjabi
oota nodoke mast agide.,4,good,kannada
aaj ka idli sahi hai tha.,5,good,hindi
the chutney was nice.,5,good,english
rajma swaad hai.,4,good,punjabi
aaj ka fish curry kharaab tha.,2,bad,hindi
pickle sira lagya.,5,good,punjabi
roti ekdum kharaab hai.,3,bad,hindi
chapati matram adhurs.,5,good,telugu
eeroju dal makhani chala bagundi.,5,good,telugu
curd ganda hai.,1,bad,punjabi
pickle bahut awesome hai.,4,good,hindi
vada badiya hai.,5,good,hindi
The place was gross.,1,bad,english
chicken nodoke thu.,1,bad,kannada
kadai chicken bakwas hai.,1,bad,hindi
Such a bad chutney.,2,bad,english
breakfast pura ghaint hai.,5,good,punjabi
meal jama maada hai.,1,bad,punjabi
pulao bahut badiya hai.,4,good,hindi
aloo gobi kha ke khatam feel hoya.,1,bad,punjabi
chutney kha ke fuddu feel hoya.,2,bad,punjabi
chapati full chennagide.,4,good,kannada
aaj ka sambar ek number tha.,5,good,hindi
"loved the dinner, it was great.",5,good,english
khichdi kha ke fuddu feel hoya.,3,bad,punjabi
naan excellent ga undi.,5,good,telugu
bhatura tumba chennagide.,4,good,kannada
palak paneer full waste.,1,bad,kannada
curd jama swaad ni hai.,3,bad,punjabi
Such a good uttapam.,5,good,english
egg curry full super agide.,5,good,kannada
palak paneer kha ke ghaint feel hoya.,4,good,punjabi
food chala waste.,1,bad,telugu
i had a terrible place.,2,bad,english
aaj naan bekar si.,1,bad,punjabi
aaj dal makhani bahut vadiya si.,5,good,punjabi
dinner chala waste.,1,bad,telugu
roti kha ke mood kharab.,2,bad,hindi
Really amazing curry.,5,good,english
pickle tinte bagundi anipinchindi.,5,good,telugu
kadai chicken ekdum awesome hai.,5,good,hindi
mixed veg full chennagide.,5,good,kannada
mixed veg chala ruchi ga undi.,4,good,telugu
egg curry asalu baledu.,2,bad,telugu
puri pura att hai.,5,good,punjabi
kadai chicken jama bekaar hai.,2,bad,punjabi
ivattu pickle super agide.,5,good,kannada
salad matram baga chesaru.,5,good,telugu
I had a unpleasant dosa.,1,bad,english
Eeroju oota daridram.,1,bad,telugu
The sabzi tasted nasty.,1,bad,english
biryani tumba worst agide.,1,bad,kannada
Eeroju rajma chetta.,2,bad,telugu
mushroom masala baga chesaru.,5,good,telugu
dosa chala ruchi ledu.,2,bad,telugu
Eeroju salad worst ga undi.,2,bad,telugu
the raita tasted bad.,1,bad,english
khana nodoke worst agide.,1,bad,kannada
dal bahut gazab hai.,5,good,hindi
idli changa hai.,5,good,punjabi
pulao waste.,2,bad,telugu
oota kha ke mood kharab.,2,bad,hindi
salad chetta.,1,bad,telugu
ivattu oota bombat.,5,good,kannada
aloo gobi tumba ruchi agide.,5,good,kannada
egg curry chala chetta.,2,bad,telugu
Eeroju chutney kirrak.,5,good,telugu
idli jama khatam hai.,1,bad,punjabi
khichdi kha ke mood kharab.,1,bad,hindi
meal pura ghaint hai.,5,good,punjabi
upma nodoke waste.,1,bad,kannada
ivattu butter chicken mast agide.,4,good,kannada
rice bahut kharaab hai.,3,bad,hindi
chapati kha ke bekar feel hoya.,1,bad,punjabi
the kadai chicken was wonderful.,5,good,english
Eeroju pickle baga chesaru.,5,good,telugu
ivattu pickle sakath.,4,good,kannada
uttapam baledu.,1,bad,telugu
chicken tinte worst ga undi anipinchindi.,1,bad,telugu
food chala worst ga undi.,1,bad,telugu
dessert asalu worst ga undi.,1,bad,telugu
curry was absolutely lovely.,5,good,english
The rajma tasted excellent.,5,good,english
really nasty sabzi.,1,bad,english
breakfast chala super.,5,good,telugu
eeroju chutney chala bagundi.,5,good,telugu
"Hated da staff, it was worst.",2,bad,english
uttapam full keka.,5,good,kannada
khana kha ke changa feel hoya.,5,good,punjabi
aaj vada swaad si.,5,good,punjabi
dinner khatam hai.,1,bad,hindi
Eeroju palak paneer baga chesaru.,5,good,telugu
roti ekdum lajawab hai.,5,good,hindi
lunch bahut mood kharab hai.,1,bad,hindi
dosa bekaar lagya.,2,bad,punjabi
I had a disgusting chicken.,1,bad,english
aaj baingan bharta ghaint si.,4,good,punjabi
Such a fantastic dal.,5,good,english
I had a bad experience.,2,bad,english
dessert pura swaad hai.,4,good,punjabi
breakfast full bombat.,5,good,kannada
salad pura sira hai.,5,good,punjabi
sambar kha ke mazza aa gaya feel hoya.,5,good,punjabi
the chutney tasted horrible.,1,bad,english
The sambar was dreadful.,1,bad,english
really perfect palak paneer.,5,good,english
vada asalu worst ga undi.,1,bad,telugu
pulao jama khatam hai.,1,bad,punjabi
biryani chala daridram.,1,bad,telugu
meal ekdum badiya hai.,5,good,hindi
"loved the poha, it was nice.",4,good,english
pulao is excellent.,5,good,english
sambar sira lagya.,4,good,punjabi
dal makhani pura ghaint hai.,5,good,punjabi
biryani kha ke vadiya feel hoya.,5,good,punjabi
egg curry was absolutely nice.,4,good,english
raita tumba kettadagide.,1,bad,kannada
lunch nodoke chennagide.,5,good,kannada
vibe iz wonderful.,4,good,english
Such a tasty kadai chicken.,5,good,english
aaj ka vada swadisht tha.,5,good,hindi
The staff ws excellent.,5,good,english
roti waste.,1,bad,kannada
Really osm rice.,5,good,english
dal was absolutely fantastic.,5,good,english
chutney full keka.,4,good,kannada
oota tumba chennagide.,5,good,kannada
rajma nodoke sari illa.,1,bad,kannada
mushroom masala nodoke chennagide.,5,good,kannada
Really tasty paneer.,5,good,english
poha ekdum bakwas hai.,1,bad,hindi
"Hated the lunch, it was pathetic.",1,bad,english
palak paneer full sakath.,5,good,kannada
Such a outstanding rice.,5,good,english
The naan tasted bland.,1,bad,english
aaj idli ghaint si.,5,good,punjabi
bhatura tinte chetta anipinchindi.,2,bad,telugu
rice tumba worst agide.,1,bad,kannada
paratha worst ga undi.,1,bad,telugu
Such a bd experience.,1,bad,english
aaj curry khatam si.,1,bad,punjabi
aaj ka upma khatam tha.,2,bad,hindi
baingan bharta tinte waste anipinchindi.,2,bad,telugu
eeroju upma chala bagundi.,4,good,telugu
eeroju chicken kirrak.,5,good,telugu
bhatura tumba sakath.,4,good,kannada
I had a worst lunch.,1,bad,english
egg curry kha ke mood kharab.,1,bad,hindi
oota chandalanga undi.,2,bad,telugu
mixed veg chandalanga undi.,1,bad,telugu
egg curry nodoke tumba chennagide.,5,good,kannada
aaj ka bhojanam gazab tha.,5,good,hindi
meal fuddu hai.,1,bad,punjabi
curd ws absolutely good.,5,good,english
khana iz good.,4,good,english
dessert chala chetta.,1,bad,telugu
salad full chennagide.,5,good,kannada
fish curry chala super.,4,good,telugu
aaj ka curd badhiya tha.,5,good,hindi
rajma kha ke maza aa gaya.,5,good,hindi
aaj ka methi paratha awesome tha.,5,good,hindi
pickle kha ke mood kharab.,2,bad,hindi
chapati bakwas hai.,1,bad,hindi
dessert kha ke mood kharab.,1,bad,hindi
eeroju baingan bharta ruchi ga undi.,5,good,telugu
breakfast bahut waste hai.,3,bad,hindi
puri ekdum waste hai.,2,bad,hindi
egg curry tinte daridram anipinchindi.,3,bad,telugu
raita chala kirrak.,4,good,telugu
raita ekdum waste hai.,2,bad,hindi
Eeroju biryani daridram.,1,bad,telugu
aaj breakfast bahut vadiya si.,4,good,punjabi
the upma tasted gross.,2,bad,english
rajma kha ke maza aa gaya.,5,good,hindi
Such a superb experience.,4,good,english
lunch ekdum badiya hai.,5,good,hindi
sabzi ruchi illa.,1,bad,kannada
Ivattu poha tumba chennagide.,4,good,kannada
puri ruchi ledu.,1,bad,telugu
aaj ka biryani bakwas tha.,1,bad,hindi
egg curry kha ke mood kharab.,1,bad,hindi
salad full sari illa.,2,bad,kannada
such a tasteless dal makhani.,1,bad,english
aloo gobi swadisht hai.,5,good,hindi
chutney full chennagilla.,2,bad,kannada
i had a gross biryani.,2,bad,english
sambar jama khatam hai.,1,bad,punjabi
I had a horrible sambar.,2,bad,english
curry chala worst ga undi.,1,bad,telugu
poha nodoke super agide.,5,good,kannada
kadai chicken tumba super agide.,5,good,kannada
biryani bekaar hai.,2,bad,punjabi
egg curry kha ke khatam feel hoya.,2,bad,punjabi
chutney nodoke mast agide.,4,good,kannada
chole nodoke thu.,2,bad,kannada
dessert bahut sahi hai hai.,5,good,hindi
sabzi chala ruchi ga undi.,5,good,telugu
biryani chala keka.,5,good,telugu
butter chicken chala super.,4,good,telugu
eeroju chicken super.,5,good,telugu
aaj ka kadai chicken jhakaas tha.,5,good,hindi
aaj sambar mazza aa gaya si.,4,good,punjabi
khana nodoke kettadagide.,2,bad,kannada
Such a horrible uttapam.,1,bad,english
puri waste.,1,bad,telugu
chole full mast agide.,5,good,kannada
curd matram kirrak.,5,good,telugu
naan kha ke mood kharab.,2,bad,hindi
paneer bahut mast hai.,5,good,hindi
Eeroju roti chetta.,3,bad,telugu
fish curry chala adhurs.,5,good,telugu
food tumba super agide.,5,good,kannada
uttapam kha ke mood kharab.,2,bad,hindi
pulao bahut bakwas hai.,2,bad,hindi
The uttapam tasted wonderful.,5,good,english
ivattu dessert super agide.,5,good,kannada
dinner chala asalu baledu.,3,bad,telugu
breakfast chala baledu.,1,bad,telugu
dal makhani kha ke maza aa gaya.,5,good,hindi
lunch matram keka.,5,good,telugu
Ivattu sambar sari illa.,2,bad,kannada
oota vadiya lagya.,5,good,punjabi
da dal ws amazing.,5,good,english
butter chicken bombat.,5,good,kannada
khana nodoke ruchi illa.,1,bad,kannada
dal sari illa.,2,bad,kannada
pulao bahut sahi hai hai.,4,good,hindi
soup tumba keka.,5,good,kannada
meal ghaint lagya.,4,good,punjabi
butter chicken matram super.,4,good,telugu
pickle kha ke khatam feel hoya.,2,bad,punjabi
I had a osm mixed veg.,5,good,english
aaj ka chutney mast tha.,5,good,hindi
khichdi keka.,5,good,kannada
place is op.,5,good,english
Such a dreadful egg curry.,1,bad,english
raita is bland.,1,bad,english
Such a terrible oota.,2,bad,english
mushroom masala ekdum bekaar hai.,1,bad,hindi
curry ekdum sahi hai hai.,5,good,hindi
salad is excellent.,4,good,english
mixed veg ruchi illa.,1,bad,kannada
paneer is great.,5,good,english
khana full thu.,1,bad,kannada
chapati ruchi illa.,2,bad,kannada
oota tinte kirrak anipinchindi.,5,good,telugu
poha chala worst ga undi.,2,bad,telugu
the salad tasted wonderful.,5,good,english
methi paratha kha ke vadiya feel hoya.,4,good,punjabi
aaj ka chutney mood kharab tha.,2,bad,hindi
the chicken tasted great.,5,good,english
I had a op dosa.,4,good,english
dosa tinte keka anipinchindi.,4,good,telugu
egg curry nodoke worst agide.,1,bad,kannada
dal tumba bombat.,4,good,kannada
dinner att hai.,5,good,punjabi
khichdi ekdum sahi hai hai.,5,good,hindi
salad bahut not good hai.,1,bad,hindi
I had a awful breakfast.,2,bad,english
raita tumba bombat.,5,good,kannada
breakfast bakwaas hai.,1,bad,punjabi
vada swaad ni hai.,2,bad,punjabi
pulao kha ke maza aa gaya.,4,good,hindi
Really terrible meal.,1,bad,english
eeroju curry daridram.,1,bad,telugu
lunch kha ke mood kharab.,2,bad,hindi
mixed veg tumba bombat.,5,good,kannada
eeroju chapati baga chesaru.,5,good,telugu
really bland rajma.,1,bad,english
idli kha ke bekar feel hoya.,1,bad,punjabi
baingan bharta vadiya lagya.,4,good,punjabi
lunch bahut kharaab hai.,1,bad,hindi
curd nodoke thu.,1,bad,kannada
mixed veg ekdum lajawab hai.,4,good,hindi
paratha kha ke mood kharab.,1,bad,hindi
aaj bhojanam sira si.,5,good,punjabi
dessert chala baledu.,1,bad,telugu
such a nasty food.,1,bad,english
da dinner ws horrible.,1,bad,english
pickle jhakaas hai.,4,good,hindi
such a unpleasant dal makhani.,1,bad,english
chole chala chala bagundi.,5,good,telugu
mushroom masala bekaar hai.,1,bad,punjabi
aaj paneer bekar si.,1,bad,punjabi
butter chicken bekar hai.,2,bad,hindi
The chapati was amazing.,4,good,english
dosa bahut badhiya hai.,5,good,hindi
I had a poor experience.,2,bad,english
ivattu uttapam bombat.,5,good,kannada
vada maada hai.,1,bad,punjabi
sambar chala baledu.,2,bad,telugu
rice nodoke bombat.,5,good,kannada
aaj meal ganda si.,1,bad,punjabi
Eeroju dessert worst ga undi.,2,bad,telugu
chicken pura ghaint hai.,5,good,punjabi
oota bekar lagya.,1,bad,punjabi
dal makhani chala bagundi.,5,good,telugu
uttapam mast agide.,5,good,kannada
methi paratha jama fuddu hai.,2,bad,punjabi
methi paratha full sari illa.,2,bad,kannada
aaj ka khichdi khatam tha.,1,bad,hindi
The place was horrible.,2,bad,english
methi paratha pura vadiya hai.,5,good,punjabi
mushroom masala tinte adhurs anipinchindi.,5,good,telugu
egg curry asalu ruchi ledu.,1,bad,telugu
aloo gobi nodoke super agide.,4,good,kannada
Ivattu mushroom masala tumba chennagide.,5,good,kannada
food ekdum khatam hai.,1,bad,hindi
rajma super agide.,5,good,kannada
I had a disgusting mushroom masala.,1,bad,english
dosa jama bekar hai.,1,bad,punjabi
dessert full waste.,2,bad,kannada
puri matram chala bagundi.,5,good,telugu
puri chala ruchi ga undi.,5,good,telugu
oota full keka.,4,good,kannada
rice jama bekaar hai.,3,bad,punjabi
meal swaad ni hai.,2,bad,punjabi
paneer nodoke bombat.,5,good,kannada
really good paratha.,5,good,english
Ivattu dinner ruchi agide.,5,good,kannada
khichdi kettadagide.,3,bad,kannada
methi paratha chala waste.,1,bad,telugu
vada maada lagya.,1,bad,punjabi
sabzi full super agide.,4,good,kannada
really pathetic atmosphere.,1,bad,english
butter chicken nodoke worst agide.,1,bad,kannada
aaj egg curry swaad ni si.,2,bad,punjabi
upma kha ke mood kharab.,1,bad,hindi
biryani bahut vadiya hai.,5,good,punjabi
sabzi nodoke bombat.,5,good,kannada
naan bekar hai.,2,bad,punjabi
sambar is bland.,1,bad,english
paneer bahut badhiya hai.,5,good,hindi
vada khatam hai.,2,bad,hindi
"Hated the kadai chicken, it was nasty.",1,bad,english
food tinte excellent ga undi anipinchindi.,4,good,telugu
such a nasty methi paratha.,1,bad,english
eeroju poha super.,5,good,telugu
aloo gobi asalu worst ga undi.,2,bad,telugu
Eeroju meal kirrak.,5,good,telugu
rajma was absolutely outstanding.,5,good,english
"Hated the khichdi, it was gross.",1,bad,english
methi paratha khatam lagya.,1,bad,punjabi
mixed veg tinte baga chesaru anipinchindi.,5,good,telugu
such a unpleasant chole.,2,bad,english
vada nodoke ruchi illa.,2,bad,kannada
butter chicken kha ke vadiya feel hoya.,5,good,punjabi
meal ghatiya hai.,1,bad,hindi
baingan bharta ruchi ga undi.,4,good,telugu
curry nodoke tumba chennagide.,5,good,kannada
sabzi tumba worst agide.,1,bad,kannada
bhatura att lagya.,5,good,punjabi
egg curry full tumba chennagide.,4,good,kannada
dessert mast agide.,5,good,kannada
aaj khichdi swaad ni si.,1,bad,punjabi
baingan bharta full bekar.,1,bad,kannada
chicken is pathetic.,1,bad,english
paratha tinte ruchi ledu anipinchindi.,2,bad,telugu
dessert nodoke worst agide.,1,bad,kannada
The methi paratha was osm.,4,good,english
ivattu paratha sari illa.,1,bad,kannada
chole sari illa.,1,bad,kannada
sambar jama ganda hai.,2,bad,punjabi
chicken was absolutely superb.,5,good,english
chutney bahut ek number hai.,4,good,hindi
chicken kha ke bekar feel hoya.,1,bad,punjabi
butter chicken pura ghaint hai.,4,good,punjabi
pulao kha ke mood kharab.,2,bad,hindi
dinner sahi h hai.,4,good,hindi
chicken sakath.,5,good,kannada
sabzi full bekar.,2,bad,kannada
eeroju rajma chetta.,1,bad,telugu
The dinner was bad.,2,bad,english
the kadai chicken was dreadful.,1,bad,english
mushroom masala bahut jhakaas hai.,5,good,hindi
mixed veg chala excellent ga undi.,5,good,telugu
bhatura kha ke bahut vadiya feel hoya.,5,good,punjabi
mixed veg tumba keka.,5,good,kannada
paratha pura changa hai.,5,good,punjabi
aloo gobi full bombat.,5,good,kannada
roti bahut chii hai.,2,bad,hindi
paneer worst agide.,1,bad,kannada
dal makhani tumba bombat.,5,good,kannada
curd tumba chennagilla.,2,bad,kannada
salad full waste.,3,bad,kannada
mushroom masala kha ke mazza aa gaya feel hoya.,5,good,punjabi
dal makhani is bland.,1,bad,english
khana tinte kirrak anipinchindi.,5,good,telugu
breakfast vadiya hai.,5,good,punjabi
really tasteless dessert.,2,bad,english
lunch tinte ruchi ga undi anipinchindi.,5,good,telugu
chapati asalu baledu.,2,bad,telugu
dessert is bland.,2,bad,english
"hated the food, it was tasteless.",1,bad,english
khana super agide.,5,good,kannada
chicken maada lagya.,1,bad,punjabi
khichdi was absolutely amazing.,5,good,english
Eeroju pickle super.,5,good,telugu
mixed veg kha ke mood kharab.,3,bad,hindi
I had a great raita.,4,good,english
butter chicken tumba bekar.,1,bad,kannada
aaj ka chutney badhiya tha.,5,good,hindi
"loved da mushroom masala, it ws great.",4,good,english
The raita tasted delicious.,4,good,english
dal bahut vadiya hai.,5,good,punjabi
salad bahut gazab hai.,5,good,hindi
aaj ka bhatura bekar tha.,1,bad,hindi
biryani tinte chetta anipinchindi.,2,bad,telugu
chapati bahut ek number hai.,4,good,hindi
oota bahut chii hai.,1,bad,hindi
aaj ka raita kharaab tha.,2,bad,hindi
uttapam nodoke sari illa.,3,bad,kannada
bhatura swadisht hai.,5,good,hindi
"hated da naan, it ws poor.",1,bad,english
aaj meal changa si.,5,good,punjabi
the dessert tasted wonderful.,5,good,english
butter chicken tumba chennagide.,4,good,kannada
chutney tumba waste.,1,bad,kannada
aaj ka curd bekaar tha.,1,bad,hindi
dal makhani matram kirrak.,5,good,telugu
paneer kha ke maza aa gaya.,5,good,hindi
da rice ws poor.,1,bad,english
"Loved the dal makhani, it was good.",5,good,english
biryani nodoke ruchi illa.,1,bad,kannada
paratha bakwaas lagya.,1,bad,punjabi
upma kha ke ghaint feel hoya.,5,good,punjabi
chapati excellent ga undi.,5,good,telugu
chapati ruchi ledu.,1,bad,telugu
dessert chala ruchi ga undi.,5,good,telugu
eeroju puri daridram.,3,bad,telugu
upma kha ke maza aa gaya.,5,good,hindi
Eeroju paratha chetta.,1,bad,telugu
food asalu worst ga undi.,1,bad,telugu
sabzi ghaint lagya.,5,good,punjabi
baingan bharta bahut badhiya hai.,5,good,hindi
paneer chala baledu.,1,bad,telugu
aaj mushroom masala mazza aa gaya si.,5,good,punjabi
upma chennagide.,5,good,kannada
aaj curd bekar si.,1,bad,punjabi
"loved the food, it was excellent.",5,good,english
poha kha ke mood kharab.,1,bad,hindi
such a bad pickle.,2,bad,english
puri tumba chennagide.,5,good,kannada
bhatura lajawab hai.,4,good,hindi
kadai chicken chala kirrak.,5,good,telugu
aloo gobi tumba bombat.,5,good,kannada
rajma tinte ruchi ledu anipinchindi.,1,bad,telugu
upma bahut waste hai.,1,bad,hindi
really outstanding dal makhani.,5,good,english
rice vadiya lagya.,5,good,punjabi
methi paratha kha ke swaad feel hoya.,5,good,punjabi
bhojanam chala ruchi ledu.,2,bad,telugu
khana pura sira hai.,4,good,punjabi
really perfect dinner.,4,good,english
food kha ke maza aa gaya.,4,good,hindi
dal makhani ekdum gazab hai.,4,good,hindi
eeroju sabzi chetta.,2,bad,telugu
pulao ganda lagya.,3,bad,punjabi
kadai chicken chetta.,1,bad,telugu
da sabzi was poor.,1,bad,english
egg curry tumba ruchi illa.,1,bad,kannada
paratha tinte daridram anipinchindi.,2,bad,telugu
fish curry tumba ruchi agide.,5,good,kannada
sabzi pura bahut vadiya hai.,5,good,punjabi
eeroju oota worst ga undi.,2,bad,telugu
soup excellent ga undi.,5,good,telugu
dal makhani nodoke chennagide.,4,good,kannada
Eeroju rajma kirrak.,5,good,telugu
Eeroju khana ruchi ledu.,1,bad,telugu
rajma nodoke kettadagide.,3,bad,kannada
aaj ka poha mast tha.,5,good,hindi
baingan bharta chala adhurs.,5,good,telugu
soup nodoke sari illa.,1,bad,kannada
aaj ka uttapam ghatiya tha.,1,bad,hindi
aloo gobi kha ke swaad feel hoya.,5,good,punjabi
eeroju chicken baga chesaru.,5,good,telugu
poha maada hai.,1,bad,punjabi
kadai chicken chala baledu.,3,bad,telugu
poha matram kirrak.,5,good,telugu
aaj chapati bakwaas si.,1,bad,punjabi
sabzi sari illa.,1,bad,kannada
oota kha ke maza aa gaya.,5,good,hindi
upma kirrak.,5,good,telugu
raita bahut ek number hai.,5,good,hindi
lunch matram super.,5,good,telugu
paratha bahut vadiya hai.,5,good,punjabi
rice kha ke swaad ni feel hoya.,1,bad,punjabi
lunch matram bagundi.,5,good,telugu
really great rice.,5,good,english
the sabzi tasted bad.,1,bad,english
biryani bakwaas hai.,3,bad,punjabi
vada kha ke ghaint feel hoya.,5,good,punjabi
ivattu naan bombat.,5,good,kannada
pulao was absolutely superb.,5,good,english
soup jama bekaar hai.,1,bad,punjabi
chapati chala asalu baledu.,1,bad,telugu
eeroju dal adhurs.,4,good,telugu
puri kha ke mood kharab.,2,bad,hindi
upma tinte ruchi ga undi anipinchindi.,5,good,telugu
butter chicken tumba chennagilla.,1,bad,kannada
vada waste hai.,1,bad,hindi
dosa full chennagide.,4,good,kannada
aloo gobi nodoke sari illa.,1,bad,kannada
chole kha ke fuddu feel hoya.,1,bad,punjabi
puri ruchi illa.,1,bad,kannada
paratha matram adhurs.,5,good,telugu
pickle tinte chetta anipinchindi.,2,bad,telugu
mixed veg was absolutely unpleasant.,1,bad,english
dinner bahut waste hai.,2,bad,hindi
baingan bharta bekar lagya.,2,bad,punjabi
curry chala bagundi.,5,good,telugu
Such a gross mixed veg.,1,bad,english
really dreadful chapati.,1,bad,english
palak paneer tumba super agide.,5,good,kannada
Eeroju bhojanam waste.,1,bad,telugu
chicken kha ke mood kharab.,3,bad,hindi
eeroju oota baga chesaru.,5,good,telugu
poha asalu baledu.,3,bad,telugu
khana att hai.,4,good,punjabi
chapati tinte super anipinchindi.,4,good,telugu
dinner kha ke swaad feel hoya.,5,good,punjabi
uttapam chala waste.,3,bad,telugu
aaj meal bekaar si.,1,bad,punjabi
dessert asalu waste.,3,bad,telugu
Eeroju khichdi super.,5,good,telugu
poha khatam hai.,1,bad,punjabi
uttapam is outstanding.,5,good,english
uttapam is excellent.,5,good,english
oota chala adhurs.,5,good,telugu
The pulao tasted brilliant.,4,good,english
palak paneer kha ke mood kharab.,2,bad,hindi
raita tinte ruchi ledu anipinchindi.,2,bad,telugu
khana bahut vadiya hai.,5,good,punjabi
salad waste.,1,bad,kannada
meal jhakaas hai.,4,good,hindi
ivattu chicken kettadagide.,2,bad,kannada
oota nodoke sari illa.,1,bad,kannada
vada kha ke bahut vadiya feel hoya.,5,good,punjabi
aaj chapati bahut vadiya si.,4,good,punjabi
uttapam matram keka.,4,good,telugu
really superb chapati.,5,good,english
Such a disgusting butter chicken.,1,bad,english
aaj poha bahut vadiya si.,4,good,punjabi
paneer chala bagundi.,5,good,telugu
dinner badiya hai.,5,good,hindi
mushroom masala ruchi agide.,5,good,kannada
poha changa hai.,5,good,punjabi
raita kha ke maza aa gaya.,4,good,hindi
dosa ws absolutely excellent.,4,good,english
dal ekdum zabardast hai.,4,good,hindi
methi paratha sira lagya.,5,good,punjabi
bhatura tinte keka anipinchindi.,5,good,telugu
Such a outstanding bhatura.,5,good,english
butter chicken bahut lajawab hai.,4,good,hindi
uttapam nodoke chennagide.,5,good,kannada
vada bahut kharaab hai.,1,bad,hindi
"Hated the dosa, it was unpleasant.",2,bad,english
lunch bekar hai.,1,bad,hindi
Eeroju mixed veg daridram.,1,bad,telugu
dosa jama bekaar hai.,1,bad,punjabi
Eeroju mixed veg adhurs.,5,good,telugu
khichdi pura bahut vadiya hai.,5,good,punjabi
chapati ruchi agide.,5,good,kannada
chutney chala kirrak.,5,good,telugu
idli ghaint hai.,4,good,punjabi
aaj ka upma mood kharab tha.,1,bad,hindi
Eeroju dessert daridram.,2,bad,telugu
chole full chennagilla.,1,bad,kannada
dosa tumba mast agide.,4,good,kannada
pulao kha ke maza aa gaya.,5,good,hindi
salad baga chesaru.,4,good,telugu
Eeroju rajma asalu baledu.,1,bad,telugu
roti full chennagide.,5,good,kannada
pulao matram excellent ga undi.,5,good,telugu
dinner ghaint hai.,5,good,punjabi
"hated the dinner, it was bland.",3,bad,english
aaj aloo gobi bekar si.,2,bad,punjabi
eeroju vada chala baledu.,1,bad,telugu
mixed veg nodoke waste.,1,bad,kannada
Ivattu roti super agide.,4,good,kannada
egg curry chala super.,4,good,telugu
aaj ka chapati mast tha.,5,good,hindi
biryani tinte chala bagundi anipinchindi.,5,good,telugu
aloo gobi tinte excellent ga undi anipinchindi.,5,good,telugu
bhatura jhakaas hai.,4,good,hindi
chicken jama ganda hai.,1,bad,punjabi
khana jama swaad ni hai.,1,bad,punjabi
soup tumba chennagide.,5,good,kannada
naan full sari illa.,1,bad,kannada
eeroju chole asalu baledu.,1,bad,telugu
chapati ghatiya hai.,1,bad,hindi
lunch bahut gazab hai.,4,good,hindi
dal makhani kha ke changa feel hoya.,5,good,punjabi
curry waste hai.,3,bad,hindi
biryani gazab hai.,4,good,hindi
palak paneer tumba sari illa.,1,bad,kannada
oota jama bakwaas hai.,2,bad,punjabi
roti matram adhurs.,4,good,telugu
roti chala chandalanga undi.,2,bad,telugu
"Loved the dal, it was outstanding.",4,good,english
such a excellent khana.,5,good,english
dal makhani badiya hai.,5,good,hindi
fish curry kha ke maza aa gaya.,5,good,hindi
rice tumba bombat.,5,good,kannada
pickle ganda hai.,1,bad,punjabi
pickle ekdum kharaab hai.,2,bad,hindi
chicken nodoke tumba chennagide.,4,good,kannada
rice is nasty.,1,bad,english
khichdi chala ruchi ga undi.,4,good,telugu
kadai chicken mast hai.,4,good,hindi
curry bahut vadiya hai.,5,good,punjabi
atmosphere is perfect.,5,good,english
chapati bahut vadiya hai.,5,good,punjabi
curd mazza aa gaya lagya.,5,good,punjabi
kadai chicken jama swaad ni hai.,1,bad,punjabi
Really tasty idli.,5,good,english
The paratha was pathetic.,1,bad,english
salad bagundi.,5,good,telugu
food asalu asalu baledu.,1,bad,telugu
dosa tinte chala baledu anipinchindi.,1,bad,telugu
upma bahut vadiya hai.,5,good,punjabi
bhojanam not good hai.,2,bad,hindi
chutney mazza aa gaya hai.,5,good,punjabi
breakfast zabardast hai.,5,good,hindi
"Hated the dal makhani, it was unpleasant.",1,bad,english
mixed veg jama bekar hai.,2,bad,punjabi
paratha mazza aa gaya lagya.,5,good,punjabi
uttapam bahut bekaar hai.,1,bad,hindi
palak paneer sira lagya.,5,good,punjabi
aaj ka khichdi lajawab tha.,4,good,hindi
vibe was absolutely brilliant.,4,good,english
ivattu bhatura chennagilla.,1,bad,kannada
methi paratha kha ke maza aa gaya.,5,good,hindi
Ivattu biryani bekar.,3,bad,kannada
khichdi ganda hai.,1,bad,punjabi
aaj methi paratha maada si.,1,bad,punjabi
food matram baga chesaru.,4,good,telugu
ivattu chole keka.,5,good,kannada
salad worst ga undi.,1,bad,telugu
chapati ekdum bekaar hai.,2,bad,hindi
mixed veg matram baga chesaru.,4,good,telugu
Eeroju pickle worst ga undi.,1,bad,telugu
The quality tasted great.,4,good,english
methi paratha kha ke maada feel hoya.,1,bad,punjabi
chutney vadiya lagya.,5,good,punjabi
"Loved the upma, it was outstanding.",4,good,english
bhojanam bekar hai.,2,bad,punjabi
palak paneer tumba chennagide.,5,good,kannada
paratha kha ke mood kharab.,2,bad,hindi
baingan bharta khatam lagya.,2,bad,punjabi
curry asalu chandalanga undi.,3,bad,telugu
curry asalu chandalanga undi.,1,bad,telugu
Eeroju lunch asalu baledu.,3,bad,telugu
mushroom masala chala baledu.,1,bad,telugu
chole ekdum chii hai.,1,bad,hindi
"hated the rice, it was dreadful.",1,bad,english
mixed veg chala kirrak.,5,good,telugu
I had a disgusting soup.,3,bad,english
dosa was absolutely horrible.,2,bad,english
curry tinte ruchi ga undi anipinchindi.,5,good,telugu
poha bahut bakwas hai.,1,bad,hindi
dal makhani swadisht hai.,5,good,hindi
ivattu upma keka.,5,good,kannada
"loved da dal, it ws good.",5,good,english
Eeroju food adhurs.,5,good,telugu
baingan bharta bahut khatam hai.,1,bad,hindi
"Hated the atmosphere, it was bad.",1,bad,english
mushroom masala was absolutely gross.,1,bad,english
aloo gobi kha ke mood kharab.,1,bad,hindi
lunch ekdum bekaar hai.,1,bad,hindi
the kadai chicken tasted bad.,1,bad,english
upma tinte waste anipinchindi.,1,bad,telugu
rajma bahut gazab hai.,5,good,hindi
the dal makhani tasted delicious.,4,good,english
Really nasty puri.,1,bad,english
biryani att hai.,5,good,punjabi
aaj sambar ghaint si.,4,good,punjabi
palak paneer tinte chetta anipinchindi.,2,bad,telugu
pickle not good hai.,2,bad,hindi
idli bekar hai.,2,bad,punjabi
The vada tasted horrible.,1,bad,english
puri pura sira hai.,4,good,punjabi
Ivattu salad bombat.,5,good,kannada
dessert is lovely.,5,good,english
kadai chicken kha ke swaad ni feel hoya.,2,bad,punjabi
"Hated the dessert, it ws gross.",2,bad,english
upma kha ke sira feel hoya.,4,good,punjabi
chicken bekaar hai.,1,bad,punjabi
eeroju salad kirrak.,5,good,telugu
The chole was superb.,5,good,english
dinner asalu worst ga undi.,2,bad,telugu
mixed veg waste.,2,bad,kannada
kadai chicken tumba super agide.,5,good,kannada
oota tinte waste anipinchindi.,1,bad,telugu
breakfast tumba sari illa.,1,bad,kannada
curd was absolutely bad.,1,bad,english
baingan bharta waste hai.,1,bad,hindi
aaj ka egg curry waste tha.,3,bad,hindi
methi paratha fuddu hai.,3,bad,punjabi
dosa swaad hai.,5,good,punjabi
aaj chutney changa si.,5,good,punjabi
aaj ka baingan bharta ghatiya tha.,2,bad,hindi
chutney chandalanga undi.,1,bad,telugu
sambar tinte ruchi ga undi anipinchindi.,4,good,telugu
pulao ghaint lagya.,5,good,punjabi
Such a bad dessert.,2,bad,english
Such a poor place.,1,bad,english
biryani asalu baledu.,1,bad,telugu
aaj ka bhatura awesome tha.,5,good,hindi
sabzi jama fuddu hai.,2,bad,punjabi
bhojanam changa lagya.,5,good,punjabi
dessert jhakaas hai.,5,good,hindi
the biryani was awful.,2,bad,english
curry pura sira hai.,5,good,punjabi
upma tumba mast agide.,4,good,kannada
dal was absolutely disgusting.,1,bad,english
mixed veg ekdum sahi hai hai.,5,good,hindi
dessert ghatiya hai.,1,bad,hindi
aaj palak paneer mazza aa gaya si.,4,good,punjabi
eeroju palak paneer worst ga undi.,1,bad,telugu
bhojanam was absolutely bad.,3,bad,english
paneer lajawab hai.,5,good,hindi
ivattu dessert mast agide.,5,good,kannada
aaj curry mazza aa gaya si.,5,good,punjabi
mixed veg bahut chii hai.,1,bad,hindi
pickle kha ke fuddu feel hoya.,1,bad,punjabi
paneer ekdum badhiya hai.,5,good,hindi
aaj meal fuddu si.,3,bad,punjabi
bhojanam kha ke fuddu feel hoya.,1,bad,punjabi
chapati tinte daridram anipinchindi.,2,bad,telugu
butter chicken chala adhurs.,5,good,telugu
puri ekdum lajawab hai.,5,good,hindi
rajma fuddu hai.,1,bad,punjabi
curd nodoke thu.,1,bad,kannada
idli ekdum chii hai.,2,bad,hindi
chole kha ke bakwaas feel hoya.,1,bad,punjabi
mushroom masala bahut mast hai.,5,good,hindi
Ivattu kadai chicken sakath.,5,good,kannada
sambar kha ke att feel hoya.,5,good,punjabi
I had a worst bhojanam.,2,bad,english
paneer ruchi illa.,1,bad,kannada
dal tumba keka.,5,good,kannada
Such a disgusting vada.,1,bad,english
methi paratha full mast agide.,4,good,kannada
salad full bombat.,5,good,kannada
sabzi is worst.,1,bad,english
raita nodoke super agide.,4,good,kannada
staff is disgusting.,1,bad,english
such a fantastic egg curry.,5,good,english
"Loved the soup, it was superb.",4,good,english
dal full chennagide.,4,good,kannada
dal jama bakwaas hai.,1,bad,punjabi
aloo gobi chandalanga undi.,1,bad,telugu
chapati kha ke mazza aa gaya feel hoya.,5,good,punjabi
fish curry jama bekar hai.,1,bad,punjabi
puri pura sira hai.,5,good,punjabi
kadai chicken ws absolutely poor.,1,bad,english
such a nasty quality.,1,bad,english
rajma maada lagya.,1,bad,punjabi
aaj methi paratha fuddu si.,1,bad,punjabi
paratha full mast agide.,5,good,kannada
vada tumba bekar.,1,bad,kannada
methi paratha bekaar lagya.,1,bad,punjabi
chicken kha ke sira feel hoya.,5,good,punjabi
vada tumba tumba chennagide.,5,good,kannada
aaj ka soup chii tha.,1,bad,hindi
sabzi was absolutely dreadful.,2,bad,english
rajma jama khatam hai.,1,bad,punjabi
"Hated the dosa, it was tasteless.",3,bad,english
ivattu dal thu.,1,bad,kannada
palak paneer chala adhurs.,4,good,telugu
rajma att lagya.,5,good,punjabi
chutney tumba sakath.,5,good,kannada
uttapam swaad lagya.,5,good,punjabi
mixed veg tinte chala baledu anipinchindi.,3,bad,telugu
paneer ruchi agide.,5,good,kannada
dessert ekdum bakwas hai.,1,bad,hindi
khana nodoke keka.,5,good,kannada
salad jama fuddu hai.,1,bad,punjabi
dal nodoke super agide.,5,good,kannada
Eeroju palak paneer ruchi ga undi.,5,good,telugu
da puri tasted perfect.,4,good,english
the pulao tasted bland.,3,bad,english
service ws absolutely terrible.,1,bad,english
curry nodoke kettadagide.,2,bad,kannada
bhatura kha ke swaad ni feel hoya.,1,bad,punjabi
bhatura asalu asalu baledu.,1,bad,telugu
the dal makhani was tasty.,5,good,english
breakfast kha ke mood kharab.,2,bad,hindi
i had a delicious fish curry.,5,good,english
meal kha ke fuddu feel hoya.,1,bad,punjabi
the food was unpleasant.,2,bad,english
ivattu pickle bekar.,1,bad,kannada
dal makhani ws absolutely worst.,1,bad,english
chicken tumba worst agide.,1,bad,kannada
aaj ka paratha awesome tha.,4,good,hindi
such a outstanding sambar.,5,good,english
bhojanam tumba sari illa.,1,bad,kannada
I had a amazing roti.,4,good,english
sabzi full sari illa.,1,bad,kannada
lunch worst ga undi.,1,bad,telugu
pickle jama khatam hai.,1,bad,punjabi
Really awful place.,1,bad,english
ivattu baingan bharta waste.,3,bad,kannada
uttapam maada hai.,2,bad,punjabi
idli tumba thu.,1,bad,kannada
Eeroju curd waste.,2,bad,telugu
eeroju uttapam chala baledu.,1,bad,telugu
chole swaad lagya.,5,good,punjabi
eeroju biryani waste.,2,bad,telugu
biryani kha ke bekar feel hoya.,1,bad,punjabi
rajma nodoke keka.,5,good,kannada
pulao ekdum bakwas hai.,3,bad,hindi
kadai chicken fuddu lagya.,1,bad,punjabi
dal makhani tinte asalu baledu anipinchindi.,2,bad,telugu
eeroju vada waste.,2,bad,telugu
aaj ka biryani zabardast tha.,4,good,hindi
rice tinte baledu anipinchindi.,3,bad,telugu
curry bahut mast hai.,5,good,hindi
upma full chennagide.,5,good,kannada
the breakfast was nasty.,1,bad,english
the staff tasted perfect.,5,good,english
uttapam adhurs.,4,good,telugu
ivattu curd kettadagide.,2,bad,kannada
salad full tumba chennagide.,5,good,kannada
Such a dreadful chutney.,1,bad,english
chicken nodoke bekar.,1,bad,kannada
kadai chicken bahut swadisht hai.,4,good,hindi
i had a op breakfast.,5,good,english
bhatura bekaar lagya.,1,bad,punjabi
pulao kharaab hai.,1,bad,hindi
Such a nasty chicken.,1,bad,english
bhatura full waste.,1,bad,kannada
vada bahut ghatiya hai.,1,bad,hindi
palak paneer jama ganda hai.,1,bad,punjabi
dosa tumba tumba chennagide.,4,good,kannada
i had a delicious dessert.,5,good,english
Ivattu biryani worst agide.,1,bad,kannada
service is delicious.,5,good,english
the upma was terrible.,1,bad,english
naan tumba keka.,4,good,kannada
poha tinte keka anipinchindi.,5,good,telugu
chole sakath.,4,good,kannada
chole chala ruchi ledu.,2,bad,telugu
pulao tinte worst ga undi anipinchindi.,1,bad,telugu
really tasteless pulao.,2,bad,english
dosa is bad.,3,bad,english
dosa kha ke bekar feel hoya.,1,bad,punjabi
puri ekdum mood kharab hai.,1,bad,hindi
such a poor roti.,1,bad,english
fish curry tumba kettadagide.,2,bad,kannada
soup bahut kharaab hai.,1,bad,hindi
baingan bharta ruchi ga undi.,5,good,telugu
dessert chala keka.,5,good,telugu
Eeroju rajma daridram.,2,bad,telugu
aaj ka lunch sahi hai tha.,5,good,hindi
egg curry daridram.,2,bad,telugu
curry kha ke vadiya feel hoya.,5,good,punjabi
paneer ghaint hai.,5,good,punjabi
curd chala asalu baledu.,3,bad,telugu
I had a dreadful raita.,1,bad,english
curry super.,5,good,telugu
poha jama maada hai.,1,bad,punjabi
oota tumba keka.,5,good,kannada
butter chicken tumba sakath.,4,good,kannada
khichdi nodoke chennagide.,5,good,kannada
uttapam asalu waste.,1,bad,telugu
chicken bahut jhakaas hai.,5,good,hindi
"Loved the chole, it was perfect.",5,good,english
aloo gobi kettadagide.,2,bad,kannada
vada changa hai.,5,good,punjabi
pulao chala chala baledu.,1,bad,telugu
chutney tinte chala bagundi anipinchindi.,5,good,telugu
ivattu bhojanam worst agide.,1,bad,kannada
dessert is disgusting.,1,bad,english
The rice was brilliant.,5,good,english
"loved da paneer, it ws delicious.",5,good,english
vada full worst agide.,2,bad,kannada
chole mast agide.,5,good,kannada
chutney keka.,4,good,kannada
sabzi kha ke maza aa gaya.,5,good,hindi
rice vadiya hai.,4,good,punjabi
the khichdi ws excellent.,5,good,english
vada tinte bagundi anipinchindi.,4,good,telugu
aaj egg curry ghaint si.,4,good,punjabi
breakfast kha ke maza aa gaya.,4,good,hindi
palak paneer swaad hai.,5,good,punjabi
methi paratha mazza aa gaya hai.,5,good,punjabi
palak paneer kha ke mood kharab.,3,bad,hindi
palak paneer chala kirrak.,5,good,telugu
soup full bekar.,1,bad,kannada
butter chicken kha ke mazza aa gaya feel hoya.,5,good,punjabi
I had a worst bhatura.,1,bad,english
pickle chala ruchi ledu.,1,bad,telugu
bhojanam chala keka.,5,good,telugu
raita ekdum bekar hai.,2,bad,hindi
fish curry fuddu lagya.,2,bad,punjabi
idli iz bad.,1,bad,english
eeroju methi paratha ruchi ga undi.,4,good,telugu
fish curry sakath.,5,good,kannada
khana asalu chala baledu.,3,bad,telugu
idli was absolutely fantastic.,5,good,english
chicken kha ke bekar feel hoya.,1,bad,punjabi
meal tinte daridram anipinchindi.,1,bad,telugu
ivattu pickle chennagilla.,1,bad,kannada
pulao was absolutely good.,5,good,english
aaj mixed veg swaad si.,5,good,punjabi
poha kha ke sira feel hoya.,5,good,punjabi
such a superb mixed veg.,5,good,english
paratha bahut badiya hai.,4,good,hindi
food bekar.,1,bad,kannada
"Loved the salad, it was tasty.",5,good,english
paneer kha ke mood kharab.,1,bad,hindi
the pickle tasted dreadful.,2,bad,english
Eeroju lunch ruchi ga undi.,4,good,telugu
pulao full sari illa.,1,bad,kannada
really bad egg curry.,1,bad,english
pickle tumba bombat.,4,good,kannada
bhatura full thu.,2,bad,kannada
chicken chala super.,5,good,telugu
dosa nodoke ruchi agide.,5,good,kannada
dosa chennagilla.,3,bad,kannada
roti nodoke bekar.,1,bad,kannada
Such a outstanding mushroom masala.,5,good,english
egg curry nodoke keka.,5,good,kannada
curry nodoke waste.,2,bad,kannada
the fish curry was worst.,2,bad,english
chutney kha ke maza aa gaya.,5,good,hindi
pulao khatam hai.,1,bad,punjabi
pickle tinte super anipinchindi.,5,good,telugu
roti chala asalu baledu.,1,bad,telugu
dessert bahut zabardast hai.,5,good,hindi
upma chala baga chesaru.,4,good,telugu
I had a wonderful service.,4,good,english
I had a bad chutney.,1,bad,english
bhojanam kha ke bekar feel hoya.,1,bad,punjabi
curd tinte chala baledu anipinchindi.,2,bad,telugu
meal swaad ni hai.,1,bad,punjabi
palak paneer ekdum ghatiya hai.,1,bad,hindi
such a great sambar.,4,good,english
paneer tinte waste anipinchindi.,1,bad,telugu
kadai chicken bekar.,1,bad,kannada
aaj ka chapati gazab tha.,5,good,hindi
sabzi nodoke bekar.,1,bad,kannada
dal ws absolutely unpleasant.,2,bad,english
dosa sari illa.,1,bad,kannada
food bahut mast hai.,4,good,hindi
pickle was absolutely horrible.,1,bad,english
Ivattu curd mast agide.,5,good,kannada
aaj ka sabzi khatam tha.,3,bad,hindi
palak paneer chala bagundi.,4,good,telugu
pickle tumba keka.,5,good,kannada
aaj ka idli waste tha.,1,bad,hindi
curry chala chala baledu.,1,bad,telugu
Ivattu chapati thu.,1,bad,kannada
dal tumba sari illa.,2,bad,kannada
biryani bombat.,5,good,kannada
mushroom masala kettadagide.,1,bad,kannada
aaj ka oota swadisht tha.,5,good,hindi
curry att hai.,5,good,punjabi
rice ekdum not good hai.,1,bad,hindi
palak paneer kha ke swaad feel hoya.,5,good,punjabi
baingan bharta tumba tumba chennagide.,4,good,kannada
idli bahut lajawab hai.,4,good,hindi
salad chennagilla.,1,bad,kannada
chicken not gud hai.,1,bad,hindi
fish curry vadiya hai.,5,good,punjabi
butter chicken full keka.,5,good,kannada
fish curry tinte worst ga undi anipinchindi.,1,bad,telugu
experience is outstanding.,5,good,english
paneer asalu daridram.,2,bad,telugu
eeroju raita worst ga undi.,1,bad,telugu
the sambar was lovely.,4,good,english
chicken waste.,1,bad,telugu
chole ekdum sahi hai hai.,5,good,hindi
sabzi changa hai.,4,good,punjabi
such a dreadful service.,2,bad,english
chutney tumba tumba chennagide.,5,good,kannada
mushroom masala was absolutely bland.,2,bad,english
raita nodoke chennagilla.,3,bad,kannada
butter chicken mazza aa gaya lagya.,5,good,punjabi
The paratha tasted osm.,5,good,english
aloo gobi swaad ni lagya.,1,bad,punjabi
The upma was terrible.,1,bad,english
khichdi not good hai.,1,bad,hindi
curry nodoke bekar.,1,bad,kannada
really brilliant staff.,4,good,english
puri is pathetic.,1,bad,english
sabzi bekar hai.,1,bad,hindi
pulao kha ke mood kharab.,1,bad,hindi
upma kha ke fuddu feel hoya.,1,bad,punjabi
ivattu sambar keka.,4,good,kannada
chutney tumba sakath.,5,good,kannada
aaj biryani att si.,5,good,punjabi
such a amazing experience.,4,good,english
really amazing rajma.,5,good,english
sambar tinte asalu baledu anipinchindi.,1,bad,telugu
chutney matram bagundi.,5,good,telugu
really great rice.,5,good,english
mushroom masala pura ghaint hai.,4,good,punjabi
puri ekdum zabardast hai.,4,good,hindi
The meal was disgusting.,2,bad,english
Eeroju paratha daridram.,2,bad,telugu
"loved da atmosphere, it ws osm.",4,good,english
dal jama fuddu hai.,2,bad,punjabi
such a tasteless pulao.,1,bad,english
chole kha ke ganda feel hoya.,2,bad,punjabi
the vada tasted awful.,1,bad,english
khana full thu.,2,bad,kannada
dosa nodoke bombat.,4,good,kannada
soup tumba chennagilla.,1,bad,kannada
Really pathetic bhojanam.,2,bad,english
dessert jama bekaar hai.,1,bad,punjabi
"Hated the baingan bharta, it was pathetic.",1,bad,english
raita is bad.,1,bad,english
bhojanam was absolutely bad.,3,bad,english
poha pura sira hai.,5,good,punjabi
oota nodoke mast agide.,5,good,kannada
khana bahut lajawab hai.,4,good,hindi
dosa kha ke bakwaas feel hoya.,1,bad,punjabi
curry kha ke maza aa gaya.,5,good,hindi
dosa full bombat.,5,good,kannada
raita nodoke tumba chennagide.,5,good,kannada
eeroju baingan bharta ruchi ledu.,2,bad,telugu
Such a poor chicken.,2,bad,english
butter chicken nodoke keka.,4,good,kannada
dessert was absolutely perfect.,5,good,english
"Hated the paratha, it was pathetic.",1,bad,english
aaj ka poha jhakaas tha.,5,good,hindi
soup full bombat.,5,good,kannada
really terrible service.,1,bad,english
aaj ka oota bakwas tha.,2,bad,hindi
bhojanam chandalanga undi.,1,bad,telugu
eeroju dessert adhurs.,5,good,telugu
chapati bahut kharaab hai.,2,bad,hindi
I had a bad raita.,2,bad,english
ivattu butter chicken keka.,5,good,kannada
dessert matram super.,5,good,telugu
biryani is outstanding.,5,good,english
kadai chicken nodoke bombat.,5,good,kannada
egg curry maada hai.,2,bad,punjabi
Really lovely chapati.,5,good,english
I had a terrible rajma.,2,bad,english
khana tinte keka anipinchindi.,5,good,telugu
puri pura mazza aa gaya hai.,4,good,punjabi
naan pura swaad hai.,4,good,punjabi
poha tumba ruchi illa.,1,bad,kannada
mushroom masala kha ke mood kharab.,1,bad,hindi
methi paratha bakwaas lagya.,1,bad,punjabi
Such a osm lunch.,5,good,english
Such a gross dosa.,2,bad,english
meal is pathetic.,1,bad,english
idli kha ke maza aa gaya.,5,good,hindi
the atmosphere ws fantastic.,5,good,english
such a superb rajma.,5,good,english
aaj food sira si.,5,good,punjabi
Really outstanding upma.,5,good,english
Eeroju palak paneer daridram.,1,bad,telugu
idli bahut waste hai.,1,bad,hindi
salad kha ke maza aa gaya.,5,good,hindi
Ivattu oota kettadagide.,1,bad,kannada
rice ekdum kharaab hai.,1,bad,hindi
raita asalu chandalanga undi.,1,bad,telugu
chicken chala chala baledu.,2,bad,telugu
naan khatam hai.,2,bad,punjabi
the chicken tasted wonderful.,5,good,english
methi paratha asalu ruchi ledu.,2,bad,telugu
dinner nodoke worst agide.,2,bad,kannada
dal bahut mood kharab hai.,2,bad,hindi
the mixed veg tasted horrible.,1,bad,english
food kha ke swaad ni feel hoya.,1,bad,punjabi
pulao bahut awesome hai.,5,good,hindi
such a delicious chutney.,4,good,english
breakfast ekdum badiya hai.,4,good,hindi
dessert matram bagundi.,5,good,telugu
pickle chala asalu baledu.,1,bad,telugu
baingan bharta bakwaas lagya.,1,bad,punjabi
aaj egg curry bakwaas si.,1,bad,punjabi
naan ghatiya hai.,2,bad,hindi
the naan was good.,4,good,english
Ivattu sabzi thu.,2,bad,kannada
The chole tasted superb.,5,good,english
uttapam bahut bakwas hai.,1,bad,hindi
the pickle tasted nasty.,2,bad,english
Ivattu dinner bombat.,5,good,kannada
aaj ka roti ghatiya tha.,1,bad,hindi
dinner swadisht hai.,5,good,hindi
paratha changa hai.,5,good,punjabi
breakfast jama bekar hai.,2,bad,punjabi
really nasty oota.,3,bad,english
Ivattu lunch mast agide.,5,good,kannada
roti was absolutely fantastic.,5,good,english
eeroju salad chandalanga undi.,1,bad,telugu
roti full ruchi agide.,5,good,kannada
"hated the naan, it was disgusting.",1,bad,english
sambar full worst agide.,2,bad,kannada
aaj ka khana bekaar tha.,2,bad,hindi
pickle matram excellent ga undi.,5,good,telugu
aloo gobi iz wonderful.,4,good,english
aaj fish curry bekaar si.,1,bad,punjabi
soup nodoke super agide.,5,good,kannada
roti ws absolutely superb.,5,good,english
eeroju chicken chala baledu.,1,bad,telugu
upma kha ke changa feel hoya.,4,good,punjabi
rajma excellent ga undi.,5,good,telugu
really poor biryani.,1,bad,english
chutney bekar.,1,bad,kannada
rice sahi h hai.,5,good,hindi
sabzi ruchi agide.,5,good,kannada
I had a great palak paneer.,4,good,english
upma full keka.,5,good,kannada
chole ghaint hai.,5,good,punjabi
i had a brilliant methi paratha.,5,good,english
ivattu dal thu.,3,bad,kannada
eeroju idli kirrak.,4,good,telugu
aaj ka sambar ghatiya tha.,3,bad,hindi
soup bahut khatam hai.,1,bad,hindi
meal tumba tumba chennagide.,5,good,kannada
The roti was outstanding.,5,good,english
mixed veg thu.,1,bad,kannada
aloo gobi chala daridram.,1,bad,telugu
sabzi tinte ruchi ledu anipinchindi.,1,bad,telugu
dal makhani badhiya hai.,5,good,hindi
biryani kha ke maza aa gaya.,4,good,hindi
aaj ka aloo gobi gazab tha.,5,good,hindi
dosa ekdum mood kharab hai.,1,bad,hindi
roti daridram.,2,bad,telugu
vada tumba worst agide.,2,bad,kannada
rice bahut not good hai.,2,bad,hindi
egg curry bombat.,5,good,kannada
aaj ka palak paneer ghatiya tha.,3,bad,hindi
sabzi full worst agide.,1,bad,kannada
fish curry bekar hai.,1,bad,punjabi
breakfast kha ke maza aa gaya.,4,good,hindi
dosa ekdum bakwas hai.,1,bad,hindi
atmosphere was absolutely tasty.,4,good,english
uttapam chennagide.,5,good,kannada
meal chala waste.,3,bad,telugu
chapati ruchi ga undi.,5,good,telugu
raita thu.,1,bad,kannada
pickle bahut badhiya hai.,5,good,hindi
aaj ka idli kharaab tha.,2,bad,hindi
biryani ghatiya hai.,1,bad,hindi
rajma full sari illa.,1,bad,kannada
paratha full thu.,1,bad,kannada
kadai chicken bekar.,1,bad,kannada
Ivattu puri worst agide.,1,bad,kannada
dosa waste.,1,bad,kannada
palak paneer maada lagya.,1,bad,punjabi
chole pura att hai.,5,good,punjabi
eeroju rice baledu.,1,bad,telugu
Eeroju dessert chandalanga undi.,1,bad,telugu
curd nodoke waste.,1,bad,kannada
kadai chicken bahut vadiya hai.,5,good,punjabi
khana tumba mast agide.,5,good,kannada
roti keka.,5,good,telugu
fish curry full chennagide.,5,good,kannada
i had a nice chole.,5,good,english
mixed veg full kettadagide.,1,bad,kannada
aaj sambar att si.,5,good,punjabi
lunch bahut lajawab hai.,5,good,hindi
kadai chicken full worst agide.,2,bad,kannada
vada pura ghaint hai.,5,good,punjabi
paneer khatam hai.,1,bad,punjabi
khichdi ganda lagya.,3,bad,punjabi
chapati ws absolutely lovely.,5,good,english
lunch att lagya.,5,good,punjabi
the bhojanam was dreadful.,1,bad,english
aaj ka dessert waste tha.,1,bad,hindi
curd mast agide.,5,good,kannada
chapati asalu baledu.,1,bad,telugu
chutney full kettadagide.,1,bad,kannada
naan vadiya hai.,5,good,punjabi
bhojanam sahi h hai.,5,good,hindi
aaj dosa fuddu si.,1,bad,punjabi
puri tinte asalu baledu anipinchindi.,1,bad,telugu
bhatura pura bahut vadiya hai.,5,good,punjabi
lunch sahi hai hai.,5,good,hindi
sabzi asalu ruchi ledu.,1,bad,telugu
Ivattu curry ruchi illa.,3,bad,kannada
aaj chicken vadiya si.,5,good,punjabi
the methi paratha was bland.,1,bad,english
ivattu dinner ruchi illa.,1,bad,kannada
egg curry nodoke keka.,4,good,kannada
puri bekar hai.,1,bad,hindi
lunch chala excellent ga undi.,4,good,telugu
aaj bhojanam bekaar si.,1,bad,punjabi
da curry was lovely.,5,good,english
Such a gross uttapam.,2,bad,english
fish curry swadisht hai.,5,good,hindi
dessert khatam hai.,2,bad,punjabi
"loved the bhatura, it was brilliant.",5,good,english
dinner full thu.,1,bad,kannada
i had a poor methi paratha.,2,bad,english
mixed veg jama ganda hai.,2,bad,punjabi
breakfast iz delicious.,5,good,english
pulao pura swaad hai.,5,good,punjabi
khana khatam hai.,1,bad,punjabi
curd matram kirrak.,5,good,telugu
sabzi chala chala bagundi.,4,good,telugu
Eeroju food excellent ga undi.,5,good,telugu
The service tasted gross.,1,bad,english
sabzi ganda hai.,1,bad,punjabi
eeroju chicken baledu.,1,bad,telugu
The paneer was nasty.,1,bad,english
curry kha ke sira feel hoya.,5,good,punjabi
aaj chole maada si.,1,bad,punjabi
ivattu idli sakath.,5,good,kannada
eeroju baingan bharta chala baledu.,3,bad,telugu
da lunch was nasty.,1,bad,english
food bahut gazab hai.,5,good,hindi
sambar kha ke bahut vadiya feel hoya.,4,good,punjabi
khana worst ga undi.,1,bad,telugu
methi paratha maada lagya.,1,bad,punjabi
aaj palak paneer bekaar si.,1,bad,punjabi
mixed veg chala worst ga undi.,2,bad,telugu
pickle tinte daridram anipinchindi.,3,bad,telugu
dinner chala kirrak.,5,good,telugu
bhojanam nodoke mast agide.,4,good,kannada
soup tinte baga chesaru anipinchindi.,4,good,telugu
curd kha ke maza aa gaya.,4,good,hindi
aaj breakfast swaad si.,5,good,punjabi
curd tinte chetta anipinchindi.,1,bad,telugu
fish curry vadiya lagya.,4,good,punjabi
Such a delicious staff.,5,good,english
curd nodoke worst agide.,2,bad,kannada
paneer keka.,4,good,telugu
"hated the butter chicken, it was bad.",2,bad,english
pulao ganda hai.,1,bad,punjabi
mixed veg tumba bekar.,2,bad,kannada
bhojanam full thu.,2,bad,kannada
rajma chala chala bagundi.,4,good,telugu
aaj ka palak paneer ghatiya tha.,1,bad,hindi
bhatura kha ke mood kharab.,1,bad,hindi
oota keka.,5,good,kannada
aaj oota sira si.,4,good,punjabi
the puri was tasty.,5,good,english
egg curry lajawab hai.,5,good,hindi
paratha ekdum awesome hai.,4,good,hindi
chicken was absolutely fantastic.,5,good,english
eeroju roti chala baledu.,1,bad,telugu
i had a superb sabzi.,5,good,english
dinner ekdum badiya hai.,4,good,hindi
khichdi jama bekar hai.,1,bad,punjabi
aaj methi paratha vadiya si.,5,good,punjabi
dessert ekdum chii hai.,3,bad,hindi
methi paratha ruchi agide.,5,good,kannada
naan tinte excellent ga undi anipinchindi.,5,good,telugu
roti kha ke mood kharab.,2,bad,hindi
staff is bad.,1,bad,english
raita full sari illa.,3,bad,kannada
dal bahut jhakaas hai.,5,good,hindi
Really awful puri.,1,bad,english
soup tinte waste anipinchindi.,1,bad,telugu
Really excellent chapati.,5,good,english
poha asalu chala baledu.,2,bad,telugu
mushroom masala kha ke mood kharab.,1,bad,hindi
aaj ka food badhiya tha.,5,good,hindi
butter chicken iz perfect.,5,good,english
dal nodoke thu.,3,bad,kannada
naan nodoke chennagilla.,3,bad,kannada
aaj paratha changa si.,4,good,punjabi
chutney nodoke chennagide.,4,good,kannada
Ivattu food bombat.,4,good,kannada
khichdi tumba thu.,1,bad,kannada
khana lajawab hai.,5,good,hindi
aaj palak paneer bakwaas si.,1,bad,punjabi
meal chennagide.,5,good,kannada
soup super agide.,5,good,kannada
rajma is tasty.,5,good,english
aaj ka aloo gobi badhiya tha.,4,good,hindi
baingan bharta awesome hai.,5,good,hindi
Eeroju lunch bagundi.,5,good,telugu
chole nodoke ruchi illa.,1,bad,kannada
puri ekdum bekaar hai.,2,bad,hindi
egg curry kha ke maza aa gaya.,4,good,hindi
rajma ekdum jhakaas hai.,5,good,hindi
dinner gazab hai.,4,good,hindi
the pickle was delicious.,5,good,english
dal makhani worst agide.,1,bad,kannada
curry bahut bekaar hai.,1,bad,hindi
aaj rajma ghaint si.,4,good,punjabi
egg curry bahut swadisht hai.,5,good,hindi
upma ruchi illa.,1,bad,kannada
curry ekdum swadisht hai.,5,good,hindi
Eeroju chole baledu.,1,bad,telugu
khichdi bekaar hai.,1,bad,hindi
aaj chutney bakwaas si.,2,bad,punjabi
uttapam tumba chennagide.,5,good,kannada
pickle full keka.,5,good,kannada
dinner kha ke mood kharab.,1,bad,hindi
"hated the poha, it was awful.",3,bad,english
biryani kha ke mood kharab.,3,bad,hindi
aaj rajma bakwaas si.,2,bad,punjabi
paneer asalu baledu.,1,bad,telugu
biryani daridram.,2,bad,telugu
food chala ruchi ga undi.,5,good,telugu
Really horrible raita.,1,bad,english
sabzi iz disgusting.,1,bad,english
eeroju methi paratha bagundi.,5,good,telugu
paratha ekdum badhiya hai.,5,good,hindi
baingan bharta bakwaas hai.,3,bad,punjabi
the meal tasted op.,5,good,english
chutney ekdum chii hai.,3,bad,hindi
idli kha ke maza aa gaya.,5,good,hindi
butter chicken sahi hai hai.,5,good,hindi
fish curry ws absolutely gross.,2,bad,english
meal pura sira hai.,5,good,punjabi
sabzi chala keka.,4,good,telugu
butter chicken ekdum bekar hai.,1,bad,hindi
curry bahut bekar hai.,1,bad,hindi
aaj ka khichdi mast tha.,5,good,hindi
baingan bharta chala chandalanga undi.,1,bad,telugu
aaj ka baingan bharta lajawab tha.,4,good,hindi
roti badiya hai.,5,good,hindi
dinner bahut bakwas hai.,2,bad,hindi
lunch bahut gazab hai.,5,good,hindi
rice ekdum gazab hai.,4,good,hindi
meal tinte super anipinchindi.,4,good,telugu
The vada was unpleasant.,2,bad,english
kadai chicken khatam lagya.,1,bad,punjabi
biryani kha ke bekaar feel hoya.,1,bad,punjabi
kadai chicken tinte kirrak anipinchindi.,5,good,telugu
I had a amazing experience.,4,good,english
pulao ekdum sahi hai hai.,5,good,hindi
rajma kha ke mood kharab.,2,bad,hindi
Ivattu vada super agide.,4,good,kannada
soup bahut bakwas hai.,1,bad,hindi
Ivattu oota bombat.,5,good,kannada
chole bekaar hai.,1,bad,punjabi
chutney sira lagya.,4,good,punjabi
mushroom masala ekdum swadisht hai.,5,good,hindi
aaj ka butter chicken mast tha.,5,good,hindi
"hated the upma, it was bad.",3,bad,english
pickle tumba chennagide.,5,good,kannada
roti tinte asalu baledu anipinchindi.,1,bad,telugu
The food was good.,5,good,english
bhatura chetta.,1,bad,telugu
curry bahut khatam hai.,1,bad,hindi
aaj ka curry chii tha.,1,bad,hindi
roti matram excellent ga undi.,5,good,telugu
meal ekdum gazab hai.,4,good,hindi
palak paneer att lagya.,5,good,punjabi
Ivattu rice kettadagide.,1,bad,kannada
palak paneer kha ke mood kharab.,1,bad,hindi
bhojanam jama swaad ni hai.,3,bad,punjabi
salad is osm.,5,good,english
idli khatam hai.,1,bad,hindi
raita pura bahut vadiya hai.,5,good,punjabi
paneer ekdum badiya hai.,4,good,hindi
bhatura matram kirrak.,5,good,telugu
aaj curry khatam si.,1,bad,punjabi
biryani jama khatam hai.,1,bad,punjabi
chole chala ruchi ledu.,2,bad,telugu
dinner kha ke sira feel hoya.,5,good,punjabi
food thu.,2,bad,kannada
rice kha ke changa feel hoya.,5,good,punjabi
poha matram chala bagundi.,5,good,telugu
paratha tumba chennagilla.,1,bad,kannada
soup bahut swadisht hai.,5,good,hindi
Really bad dinner.,1,bad,english
sambar kha ke bekaar feel hoya.,1,bad,punjabi
aaj mixed veg ganda si.,1,bad,punjabi
really terrible dal.,1,bad,english
oota full keka.,4,good,kannada
eeroju breakfast kirrak.,4,good,telugu
mushroom masala is worst.,2,bad,english
chapati ek number hai.,4,good,hindi
pulao jama fuddu hai.,1,bad,punjabi
"hated the upma, it was nasty.",2,bad,english
baingan bharta nodoke sakath.,4,good,kannada
bhojanam ghatiya hai.,2,bad,hindi
chutney chala chetta.,1,bad,telugu
baingan bharta is great.,4,good,english
dal vadiya lagya.,5,good,punjabi
"hated the curd, it was tasteless.",1,bad,english
The dessert was amazing.,4,good,english
rajma kha ke fuddu feel hoya.,3,bad,punjabi
da fish curry ws dreadful.,3,bad,english
dinner chala keka.,5,good,telugu
dal maada hai.,1,bad,punjabi
baingan bharta ganda lagya.,2,bad,punjabi
paneer chala keka.,5,good,telugu
eeroju paneer super.,4,good,telugu
aaj fish curry bakwaas si.,2,bad,punjabi
khichdi swaad ni lagya.,1,bad,punjabi
meal mazza aa gaya lagya.,4,good,punjabi
breakfast awesome hai.,5,good,hindi
"loved the rajma, it was osm.",5,good,english
aloo gobi jama bakwaas hai.,3,bad,punjabi
aaj sambar ganda si.,2,bad,punjabi
khana tinte waste anipinchindi.,2,bad,telugu
da breakfast tasted delicious.,5,good,english
"Loved the quality, it was great.",4,good,english
bhatura matram adhurs.,5,good,telugu
breakfast excellent ga undi.,5,good,telugu
bhatura ekdum ek number hai.,5,good,hindi
dessert excellent ga undi.,5,good,telugu
rice tinte super anipinchindi.,4,good,telugu
ivattu dessert super agide.,4,good,kannada
"Loved the paratha, it was amazing.",5,good,english
lunch is bad.,3,bad,english
Ivattu mixed veg worst agide.,1,bad,kannada
dal bahut bakwas hai.,1,bad,hindi
eeroju meal excellent ga undi.,5,good,telugu
Eeroju pickle baledu.,2,bad,telugu
the curd ws tasty.,5,good,english
chicken asalu chala baledu.,1,bad,telugu
egg curry bekar lagya.,2,bad,punjabi
food kha ke bekar feel hoya.,1,bad,punjabi
i had a op methi paratha.,4,good,english
dal kha ke khatam feel hoya.,2,bad,punjabi
eeroju methi paratha baga chesaru.,5,good,telugu
"loved the palak paneer, it was osm.",5,good,english
fish curry kha ke mood kharab.,2,bad,hindi
the food tasted osm.,4,good,english
Really dreadful mushroom masala.,1,bad,english
dal tumba chennagilla.,1,bad,kannada
ivattu kadai chicken bekar.,2,bad,kannada
salad khatam hai.,1,bad,hindi
methi paratha baga chesaru.,5,good,telugu
aaj ka food mood kharab tha.,1,bad,hindi
The dosa ws op.,5,good,english
pulao chennagide.,5,good,kannada
ivattu dessert bekar.,1,bad,kannada
roti full chennagide.,5,good,kannada
the roti tasted worst.,2,bad,english
the service was tasteless.,2,bad,english
biryani ekdum gazab hai.,4,good,hindi
aaj ka salad khatam tha.,2,bad,hindi
khana chandalanga undi.,1,bad,telugu
naan kha ke ganda feel hoya.,2,bad,punjabi
breakfast sahi hai hai.,5,good,hindi
ivattu paratha sari illa.,1,bad,kannada
really awful khana.,2,bad,english
naan bekar hai.,1,bad,hindi
dal kha ke mood kharab.,1,bad,hindi
mixed veg nodoke ruchi illa.,1,bad,kannada
khana bahut kharaab hai.,1,bad,hindi
breakfast fuddu lagya.,3,bad,punjabi
naan chala adhurs.,4,good,telugu
Such a terrible food.,2,bad,english
dinner kha ke bekaar feel hoya.,2,bad,punjabi
"loved the fish curry, it was great.",5,good,english
really horrible rajma.,1,bad,english
eeroju food bagundi.,5,good,telugu
Ivattu soup mast agide.,5,good,kannada
pulao chala chandalanga undi.,3,bad,telugu
eeroju palak paneer waste.,1,bad,telugu
biryani tumba chennagilla.,2,bad,kannada
aaj chutney att si.,5,good,punjabi
vada mood kharab hai.,2,bad,hindi
mushroom masala ruchi illa.,1,bad,kannada
chapati pura changa hai.,4,good,punjabi
aaj ka vada badiya tha.,4,good,hindi
dosa kha ke ghaint feel hoya.,4,good,punjabi
puri jama bekar hai.,1,bad,punjabi
aaj methi paratha ghaint si.,5,good,punjabi
lunch bahut chii hai.,1,bad,hindi
mushroom masala is bland.,2,bad,english
aaj dal makhani bekar si.,2,bad,punjabi
Eeroju palak paneer keka.,4,good,telugu
The quality was awful.,1,bad,english
Ivattu rajma kettadagide.,2,bad,kannada
idli was absolutely osm.,5,good,english
The raita was worst.,2,bad,english
biryani waste.,2,bad,telugu
fish curry mast hai.,4,good,hindi
dal makhani chala baledu.,2,bad,telugu
The vibe was great.,5,good,english
aloo gobi chala bagundi.,5,good,telugu
salad ruchi ga undi.,5,good,telugu
raita full worst agide.,1,bad,kannada
bhojanam ekdum not good hai.,1,bad,hindi
aloo gobi was absolutely great.,5,good,english
baingan bharta kha ke mood kharab.,3,bad,hindi
baingan bharta kha ke maada feel hoya.,1,bad,punjabi
rice baledu.,1,bad,telugu
da mess was amazing.,5,good,english
mushroom masala pura ghaint hai.,4,good,punjabi
dal lajawab hai.,4,good,hindi
egg curry kha ke khatam feel hoya.,1,bad,punjabi
Ivattu paratha kettadagide.,1,bad,kannada
mushroom masala asalu asalu baledu.,1,bad,telugu
roti kha ke sira feel hoya.,5,good,punjabi
mushroom masala ekdum chii hai.,1,bad,hindi
curry sari illa.,2,bad,kannada
aaj chapati changa si.,4,good,punjabi
bhatura full chennagide.,5,good,kannada
meal bakwaas hai.,2,bad,punjabi
eeroju oota ruchi ledu.,1,bad,telugu
chole asalu chala baledu.,1,bad,telugu
baingan bharta keka.,5,good,kannada
dosa is disgusting.,1,bad,english
rajma worst ga undi.,1,bad,telugu
Ivattu rice waste.,1,bad,kannada
roti full mast agide.,5,good,kannada
the baingan bharta was nice.,4,good,english
palak paneer swaad hai.,4,good,punjabi
eeroju chapati adhurs.,5,good,telugu
dosa full bombat.,4,good,kannada
lunch nodoke mast agide.,5,good,kannada
aaj ka curry kharaab tha.,2,bad,hindi
such a outstanding chutney.,4,good,english
palak paneer full sari illa.,3,bad,kannada
The fish curry tasted gross.,1,bad,english
roti bakwas hai.,1,bad,hindi
the idli tasted lovely.,5,good,english
curd gazab hai.,5,good,hindi
fish curry full bekar.,1,bad,kannada
poha bekaar hai.,1,bad,hindi
food was absolutely horrible.,3,bad,english
palak paneer khatam lagya.,1,bad,punjabi
bhatura nodoke bombat.,5,good,kannada
pulao jama ganda hai.,1,bad,punjabi
mixed veg ganda lagya.,2,bad,punjabi
methi paratha pura changa hai.,5,good,punjabi
khana chala waste.,2,bad,telugu
The dal makhani was pathetic.,1,bad,english
aloo gobi chala adhurs.,4,good,telugu
methi paratha ekdum ghatiya hai.,2,bad,hindi
mixed veg asalu chandalanga undi.,2,bad,telugu
meal bahut mast hai.,5,good,hindi
chutney sira lagya.,5,good,punjabi
"Hated the pulao, it was terrible.",1,bad,english
palak paneer ekdum chii hai.,1,bad,hindi
naan maada hai.,1,bad,punjabi
paratha kha ke bekaar feel hoya.,1,bad,punjabi
aloo gobi full bekar.,2,bad,kannada
roti bahut badhiya hai.,5,good,hindi
khana asalu chandalanga undi.,1,bad,telugu
aaj soup att si.,5,good,punjabi
aaj ka sambar zabardast tha.,5,good,hindi
really pathetic naan.,1,bad,english
breakfast pura changa hai.,5,good,punjabi
curd tinte baledu anipinchindi.,3,bad,telugu
khana pura mazza aa gaya hai.,5,good,punjabi
dosa kettadagide.,2,bad,kannada
dal was absolutely wonderful.,5,good,english
I had a gud pickle.,4,good,english
oota tinte super anipinchindi.,4,good,telugu
upma bekar hai.,1,bad,punjabi
aaj khana att si.,5,good,punjabi
The atmosphere was nice.,4,good,english
khana full ruchi agide.,5,good,kannada
aaj ka curd gazab tha.,5,good,hindi
dinner bahut vadiya lagya.,5,good,punjabi
aaj pulao fuddu si.,1,bad,punjabi
uttapam tumba ruchi illa.,2,bad,kannada
roti fuddu lagya.,1,bad,punjabi
breakfast kha ke mood kharab.,2,bad,hindi
the experience was amazing.,4,good,english
sambar nodoke sari illa.,1,bad,kannada
fish curry bahut mast hai.,5,good,hindi
palak paneer pura sira hai.,4,good,punjabi
chicken chala asalu baledu.,1,bad,telugu
aaj ka poha ek number tha.,4,good,hindi
bhojanam bahut lajawab hai.,5,good,hindi
poha tumba tumba chennagide.,5,good,kannada
oota was absolutely fantastic.,5,good,english
butter chicken tinte excellent ga undi anipinchindi.,4,good,telugu
ivattu bhojanam bekar.,2,bad,kannada
khichdi asalu chetta.,1,bad,telugu
breakfast chala baledu.,2,bad,telugu
i had a disgusting mushroom masala.,1,bad,english
Really pathetic baingan bharta.,1,bad,english
eeroju uttapam adhurs.,5,good,telugu
khana pura changa hai.,5,good,punjabi
I had a osm atmosphere.,5,good,english
poha ekdum ek number hai.,5,good,hindi
aaj ka dal makhani waste tha.,1,bad,hindi
dal tumba bombat.,5,good,kannada
chapati nodoke keka.,5,good,kannada
aaj chole maada si.,1,bad,punjabi
aaj mixed veg bekar si.,1,bad,punjabi
meal tumba mast agide.,5,good,kannada
food kha ke khatam feel hoya.,2,bad,punjabi
i had a worst mushroom masala.,1,bad,english
food pura swaad hai.,5,good,punjabi
raita jama ganda hai.,1,bad,punjabi
aaj ka meal zabardast tha.,5,good,hindi
butter chicken nodoke tumba chennagide.,4,good,kannada
roti chala chala bagundi.,5,good,telugu
sabzi chala baledu.,1,bad,telugu
chicken baga chesaru.,5,good,telugu
bhojanam kha ke bahut vadiya feel hoya.,5,good,punjabi
pulao jama bakwaas hai.,2,bad,punjabi
aaj aloo gobi ganda si.,1,bad,punjabi
khana bahut ghatiya hai.,1,bad,hindi
raita tinte chala bagundi anipinchindi.,5,good,telugu
Eeroju lunch chetta.,1,bad,telugu
baingan bharta kha ke vadiya feel hoya.,5,good,punjabi
breakfast kha ke mood kharab.,1,bad,hindi
kadai chicken nodoke super agide.,5,good,kannada
rajma tinte waste anipinchindi.,3,bad,telugu
really horrible palak paneer.,2,bad,english
khichdi tinte ruchi ledu anipinchindi.,2,bad,telugu
dal makhani ekdum bakwas hai.,1,bad,hindi
"loved da egg curry, it was excellent.",5,good,english
butter chicken kha ke mood kharab.,1,bad,hindi
chole chala chala baledu.,1,bad,telugu
the aloo gobi tasted amazing.,5,good,english
khichdi jama bakwaas hai.,1,bad,punjabi
"Hated the staff, it was nasty.",1,bad,english
rajma kha ke maza aa gaya.,4,good,hindi
biryani bekar lagya.,1,bad,punjabi
lunch kha ke ghaint feel hoya.,4,good,punjabi
food adhurs.,5,good,telugu
fish curry ghatiya hai.,1,bad,hindi
vada changa lagya.,5,good,punjabi
uttapam kha ke maza aa gaya.,5,good,hindi
fish curry chala ruchi ga undi.,5,good,telugu
khana ekdum mast hai.,5,good,hindi
aloo gobi was absolutely bad.,1,bad,english
khana asalu baledu.,2,bad,telugu
Ivattu oota mast agide.,4,good,kannada
roti asalu chetta.,2,bad,telugu
aaj ka sambar mast tha.,5,good,hindi
bhatura tumba thu.,1,bad,kannada
biryani chala ruchi ledu.,2,bad,telugu
eeroju dal makhani excellent ga undi.,5,good,telugu
food mazza aa gaya lagya.,5,good,punjabi
such a brilliant palak paneer.,5,good,english
upma iz tasty.,4,good,english
khichdi kha ke swaad feel hoya.,5,good,punjabi
bhatura kha ke mood kharab.,1,bad,hindi
dessert ekdum awesome hai.,5,good,hindi
oota nodoke chennagide.,5,good,kannada
aaj ka mixed veg badhiya tha.,5,good,hindi
breakfast iz tasteless.,1,bad,english
Ivattu uttapam sakath.,5,good,kannada
mixed veg changa lagya.,5,good,punjabi
khichdi kha ke changa feel hoya.,5,good,punjabi
paneer nodoke worst agide.,3,bad,kannada
chapati not good hai.,1,bad,hindi
aaj paneer changa si.,5,good,punjabi
dinner nodoke chennagide.,5,good,kannada
mixed veg tumba chennagide.,5,good,kannada
Really outstanding dal makhani.,5,good,english
aaj biryani vadiya si.,5,good,punjabi
The mushroom masala tasted worst.,1,bad,english
meal is gross.,1,bad,english
dessert kha ke att feel hoya.,5,good,punjabi
"Loved the salad, it was op.",5,good,english
aaj oota swaad ni si.,1,bad,punjabi
uttapam kha ke maza aa gaya.,4,good,hindi
idli adhurs.,5,good,telugu
palak paneer ekdum khatam hai.,1,bad,hindi
butter chicken kha ke mood kharab.,2,bad,hindi
curry was absolutely fantastic.,5,good,english
roti kha ke att feel hoya.,4,good,punjabi
rajma ekdum waste hai.,2,bad,hindi
chicken pura vadiya hai.,4,good,punjabi
fish curry badhiya hai.,4,good,hindi
eeroju puri kirrak.,5,good,telugu
bhojanam is dreadful.,1,bad,english
aaj ka paratha swadisht tha.,5,good,hindi
rice mast hai.,5,good,hindi
rajma tumba chennagilla.,1,bad,kannada
egg curry bakwaas lagya.,1,bad,punjabi
paneer nodoke thu.,1,bad,kannada
mixed veg tumba chennagide.,4,good,kannada
paratha sakath.,5,good,kannada
roti matram kirrak.,5,good,telugu
chapati tumba waste.,1,bad,kannada
vada super.,4,good,telugu
meal full chennagide.,4,good,kannada
bhatura ekdum swadisht hai.,5,good,hindi
puri tinte baga chesaru anipinchindi.,4,good,telugu
baingan bharta att hai.,5,good,punjabi
puri tinte chala baledu anipinchindi.,3,bad,telugu
chutney bahut bakwas hai.,1,bad,hindi
sabzi mood kharab hai.,1,bad,hindi
Eeroju dosa excellent ga undi.,5,good,telugu
salad bahut bekaar hai.,1,bad,hindi
soup swaad lagya.,4,good,punjabi
the khana tasted nasty.,1,bad,english
khichdi asalu chala baledu.,2,bad,telugu
food full worst agide.,2,bad,kannada
really dreadful butter chicken.,1,bad,english
naan ekdum bekaar hai.,1,bad,hindi
soup kha ke mood kharab.,1,bad,hindi
the butter chicken tasted horrible.,1,bad,english
chapati kha ke maada feel hoya.,1,bad,punjabi
khichdi chii hai.,1,bad,hindi
aaj ka curry jhakaas tha.,5,good,hindi
upma was absolutely pathetic.,1,bad,english
breakfast jama bekar hai.,1,bad,punjabi
breakfast matram kirrak.,4,good,telugu
upma bahut waste hai.,3,bad,hindi
fish curry mast hai.,5,good,hindi
aaj ka bhatura bekar tha.,1,bad,hindi
curd mood kharab hai.,2,bad,hindi
rajma bekar hai.,2,bad,punjabi
paratha ruchi agide.,4,good,kannada
The egg curry was bad.,2,bad,english
curd jama ganda hai.,1,bad,punjabi
upma chala bagundi.,5,good,telugu
the pickle ws horrible.,3,bad,english
poha kha ke swaad feel hoya.,4,good,punjabi
butter chicken kha ke ghaint feel hoya.,4,good,punjabi
uttapam kha ke mood kharab.,1,bad,hindi
dal chennagilla.,2,bad,kannada
salad tinte chandalanga undi anipinchindi.,1,bad,telugu
khichdi chetta.,1,bad,telugu
soup chala bagundi.,5,good,telugu
breakfast kha ke maza aa gaya.,5,good,hindi
dosa chala chala baledu.,1,bad,telugu
da raita ws bland.,2,bad,english
Eeroju palak paneer worst ga undi.,1,bad,telugu
Really outstanding bhojanam.,5,good,english
the naan was superb.,4,good,english
ivattu uttapam ruchi illa.,1,bad,kannada
khichdi bahut mast hai.,4,good,hindi
breakfast ekdum bekaar hai.,1,bad,hindi
chutney kha ke maza aa gaya.,5,good,hindi
The puri tasted great.,5,good,english
ivattu paneer super agide.,5,good,kannada
I had a tasty sabzi.,5,good,english
rajma chala chala baledu.,1,bad,telugu
bhatura pura changa hai.,5,good,punjabi
puri bahut gazab hai.,5,good,hindi
sabzi is worst.,2,bad,english
The puri was excellent.,5,good,english
Really brilliant place.,4,good,english
such a perfect mess.,5,good,english
pulao tinte chetta anipinchindi.,3,bad,telugu
eeroju lunch keka.,5,good,telugu
puri khatam hai.,3,bad,punjabi
uttapam bahut not good hai.,3,bad,hindi
pulao bahut lajawab hai.,4,good,hindi
Ivattu chapati sari illa.,1,bad,kannada
mixed veg nodoke ruchi illa.,2,bad,kannada
aaj puri bekaar si.,1,bad,punjabi
soup asalu chala baledu.,1,bad,telugu
mushroom masala khatam hai.,2,bad,punjabi
Ivattu roti mast agide.,4,good,kannada
vada bahut zabardast hai.,4,good,hindi
poha kha ke ghaint feel hoya.,4,good,punjabi
pulao tumba kettadagide.,2,bad,kannada
upma daridram.,1,bad,telugu
puri ws absolutely tasty.,5,good,english
egg curry chala baga chesaru.,4,good,telugu
Such a great rajma.,4,good,english
i had a fantastic quality.,5,good,english
mushroom masala ruchi ledu.,1,bad,telugu
aaj ka aloo gobi khatam tha.,1,bad,hindi
eeroju dosa chala baledu.,1,bad,telugu
biryani sari illa.,1,bad,kannada
fish curry pura sira hai.,4,good,punjabi
paneer nodoke bombat.,5,good,kannada
salad asalu chetta.,1,bad,telugu
pickle nodoke chennagilla.,1,bad,kannada
lunch tinte asalu baledu anipinchindi.,1,bad,telugu
eeroju mixed veg chandalanga undi.,1,bad,telugu
bhojanam excellent ga undi.,5,good,telugu
ivattu dessert mast agide.,5,good,kannada
rajma bahut vadiya lagya.,5,good,punjabi
fish curry kha ke mood kharab.,1,bad,hindi
dosa kha ke mood kharab.,2,bad,hindi
salad baledu.,1,bad,telugu
meal waste.,2,bad,kannada
"loved the curd, it was good.",5,good,english
The sambar was bland.,2,bad,english
Eeroju sambar kirrak.,5,good,telugu
puri chala asalu baledu.,2,bad,telugu
breakfast pura swaad hai.,5,good,punjabi
dal makhani pura ghaint hai.,5,good,punjabi
chapati chala kirrak.,4,good,telugu
khichdi maada lagya.,2,bad,punjabi
roti mood kharab hai.,2,bad,hindi
rice kha ke bekar feel hoya.,1,bad,punjabi
biryani mood kharab hai.,2,bad,hindi
aaj paratha vadiya si.,4,good,punjabi
eeroju upma chala bagundi.,4,good,telugu
butter chicken jama swaad ni hai.,2,bad,punjabi
Ivattu rajma thu.,1,bad,kannada
dal makhani chala baledu.,1,bad,telugu
poha tinte ruchi ledu anipinchindi.,3,bad,telugu
sambar nodoke chennagilla.,2,bad,kannada
staff was absolutely osm.,4,good,english
aaj rajma mazza aa gaya si.,5,good,punjabi
eeroju paneer bagundi.,5,good,telugu
chutney waste hai.,2,bad,hindi
meal bagundi.,5,good,telugu
mushroom masala ek number hai.,5,good,hindi
palak paneer kha ke maza aa gaya.,5,good,hindi
pulao kha ke mood kharab.,2,bad,hindi
methi paratha kha ke bekaar feel hoya.,2,bad,punjabi
Eeroju khana chala bagundi.,5,good,telugu
The biryani was unpleasant.,2,bad,english
aaj chole ghaint si.,5,good,punjabi
the khana tasted worst.,1,bad,english
lunch tinte ruchi ga undi anipinchindi.,5,good,telugu
Ivattu poha keka.,5,good,kannada
paratha full thu.,1,bad,kannada
pickle was absolutely dreadful.,1,bad,english
aaj oota swaad ni si.,1,bad,punjabi
khichdi jama ganda hai.,2,bad,punjabi
chutney tumba kettadagide.,1,bad,kannada
kadai chicken bekar hai.,1,bad,punjabi
bhojanam asalu baledu.,1,bad,telugu
Eeroju lunch asalu baledu.,1,bad,telugu
aaj butter chicken khatam si.,1,bad,punjabi
baingan bharta ekdum swadisht hai.,5,good,hindi
dinner awesome hai.,5,good,hindi
raita mood kharab hai.,3,bad,hindi
The sambar tasted excellent.,5,good,english
food ekdum lajawab hai.,5,good,hindi
place iz dreadful.,1,bad,english
dosa matram super.,5,good,telugu
pickle ghaint lagya.,4,good,punjabi
soup tumba sakath.,5,good,kannada
Eeroju salad excellent ga undi.,5,good,telugu
mushroom masala tumba super agide.,5,good,kannada
dal makhani sahi hai hai.,5,good,hindi
chapati kha ke maza aa gaya.,5,good,hindi
methi paratha bahut jhakaas hai.,5,good,hindi
pickle bahut swadisht hai.,4,good,hindi
bhojanam nodoke kettadagide.,1,bad,kannada
Ivattu dal chennagilla.,1,bad,kannada
egg curry kharaab hai.,1,bad,hindi
mushroom masala chala excellent ga undi.,5,good,telugu
"loved the fish curry, it was fantastic.",5,good,english
naan tumba ruchi agide.,4,good,kannada
Eeroju lunch worst ga undi.,2,bad,telugu
puri bahut vadiya hai.,5,good,punjabi
bhatura kha ke maada feel hoya.,2,bad,punjabi
khichdi kha ke maza aa gaya.,5,good,hindi
khichdi full super agide.,5,good,kannada
poha sira hai.,5,good,punjabi
pulao chennagide.,5,good,kannada
food excellent ga undi.,4,good,telugu
kadai chicken tinte chandalanga undi anipinchindi.,2,bad,telugu
"hated the puri, it was dreadful.",2,bad,english
dosa tumba super agide.,5,good,kannada
Such a nasty service.,3,bad,english
egg curry chetta.,2,bad,telugu
bhatura nodoke tumba chennagide.,5,good,kannada
dessert full chennagilla.,2,bad,kannada
soup is excellent.,5,good,english
poha ekdum ghatiya hai.,1,bad,hindi
biryani ekdum kharaab hai.,2,bad,hindi
dinner was absolutely wonderful.,5,good,english
pickle sakath.,5,good,kannada
chapati vadiya hai.,4,good,punjabi
fish curry ruchi ledu.,1,bad,telugu
The sambar tasted awful.,1,bad,english
paratha jama bakwaas hai.,1,bad,punjabi
Ivattu bhojanam super agide.,4,good,kannada
Eeroju butter chicken worst ga undi.,1,bad,telugu
aaj aloo gobi mazza aa gaya si.,5,good,punjabi
sambar ekdum waste hai.,2,bad,hindi
meal kha ke maza aa gaya.,5,good,hindi
dal makhani jama bakwaas hai.,1,bad,punjabi
lunch chala chala bagundi.,5,good,telugu
The dosa was worst.,1,bad,english
rice mood kharab hai.,2,bad,hindi
such a op curry.,4,good,english
chapati tumba kettadagide.,1,bad,kannada
soup tinte keka anipinchindi.,5,good,telugu
biryani kha ke mazza aa gaya feel hoya.,5,good,punjabi
dessert bekar hai.,1,bad,punjabi
aloo gobi jama bekar hai.,1,bad,punjabi
eeroju dosa asalu baledu.,2,bad,telugu
chapati nodoke sakath.,4,good,kannada
food chetta.,1,bad,telugu
upma jama ganda hai.,2,bad,punjabi
Ivattu chutney sari illa.,2,bad,kannada
breakfast matram keka.,5,good,telugu
such a gross dosa.,2,bad,english
methi paratha asalu chandalanga undi.,2,bad,telugu
aaj meal ghaint si.,5,good,punjabi
rice nodoke mast agide.,4,good,kannada
ivattu food thu.,2,bad,kannada
naan chala bagundi.,4,good,telugu
"hated the roti, it was terrible.",2,bad,english
poha is amazing.,5,good,english
dal kha ke vadiya feel hoya.,4,good,punjabi
breakfast kha ke mood kharab.,2,bad,hindi
paratha pura changa hai.,5,good,punjabi
khichdi asalu chandalanga undi.,1,bad,telugu
butter chicken nodoke ruchi illa.,1,bad,kannada
aaj idli bahut vadiya si.,4,good,punjabi
raita worst agide.,2,bad,kannada
raita matram super.,5,good,telugu
Eeroju naan chala bagundi.,5,good,telugu
butter chicken bagundi.,5,good,telugu
really fantastic roti.,5,good,english
roti is brilliant.,5,good,english
eeroju dosa super.,5,good,telugu
aaj baingan bharta ghaint si.,5,good,punjabi
"hated the aloo gobi, it was awful.",1,bad,english
vada kha ke mood kharab.,1,bad,hindi
dosa chala chala bagundi.,5,good,telugu
mixed veg chala chala bagundi.,5,good,telugu
i had a tasteless khichdi.,1,bad,english
really dreadful soup.,2,bad,english
curry ekdum kharaab hai.,1,bad,hindi
bhojanam tumba chennagide.,5,good,kannada
"Hated the methi paratha, it was bad.",1,bad,english
salad is amazing.,4,good,english
Eeroju biryani chala bagundi.,5,good,telugu
Such a horrible meal.,2,bad,english
fish curry fuddu lagya.,3,bad,punjabi
aaj ka paneer badiya tha.,5,good,hindi
pulao baledu.,1,bad,telugu
Really superb egg curry.,5,good,english
"Hated the poha, it was worst.",2,bad,english
"hated the roti, it ws nasty.",1,bad,english
aaj ka curry ghatiya tha.,1,bad,hindi
mushroom masala full sakath.,5,good,kannada
bhojanam mazza aa gaya lagya.,5,good,punjabi
I had a superb curd.,5,good,english
aaj ka chicken waste tha.,1,bad,hindi
idli nodoke kettadagide.,1,bad,kannada
da kadai chicken tasted amazing.,5,good,english
paratha tinte asalu baledu anipinchindi.,1,bad,telugu
curd full tumba chennagide.,5,good,kannada
mushroom masala bahut chii hai.,1,bad,hindi
chutney chala waste.,2,bad,telugu
breakfast ekdum khatam hai.,1,bad,hindi
the breakfast tasted worst.,1,bad,english
dinner pura sira hai.,5,good,punjabi
aaj bhatura fuddu si.,3,bad,punjabi
butter chicken swadisht hai.,4,good,hindi
chicken full kettadagide.,1,bad,kannada
dessert ganda hai.,1,bad,punjabi
sambar ekdum mast hai.,5,good,hindi
aaj ka uttapam swadisht tha.,5,good,hindi
i had a bland rajma.,2,bad,english
dessert bagundi.,4,good,telugu
really tasteless quality.,1,bad,english
Eeroju bhatura daridram.,1,bad,telugu
aaj kadai chicken fuddu si.,1,bad,punjabi
vada pura bahut vadiya hai.,5,good,punjabi
oota jama bakwaas hai.,1,bad,punjabi
sambar worst ga undi.,1,bad,telugu
curry bahut bekar hai.,2,bad,hindi
really horrible pulao.,2,bad,english
the bhojanam tasted tasty.,4,good,english
Ivattu dinner waste.,2,bad,kannada
aaj ka poha badiya tha.,5,good,hindi
sambar bahut vadiya hai.,5,good,punjabi
rice waste.,2,bad,telugu
The place tasted unpleasant.,1,bad,english
breakfast att lagya.,5,good,punjabi
naan ganda lagya.,1,bad,punjabi
Really pathetic dessert.,1,bad,english
Such a terrible quality.,1,bad,english
puri bahut vadiya hai.,4,good,punjabi
eeroju dinner chetta.,3,bad,telugu
eeroju upma excellent ga undi.,4,good,telugu
idli asalu baledu.,1,bad,telugu
Such a bland upma.,1,bad,english
puri chala chetta.,2,bad,telugu
Such a fantastic naan.,4,good,english
dinner asalu asalu baledu.,2,bad,telugu
idli kha ke att feel hoya.,5,good,punjabi
pulao ws absolutely gross.,2,bad,english
bhatura khatam hai.,2,bad,hindi
chapati tumba tumba chennagide.,5,good,kannada
aaj ka puri chii tha.,2,bad,hindi
khana kha ke ghaint feel hoya.,5,good,punjabi
dinner kha ke bekar feel hoya.,1,bad,punjabi
khana swaad ni lagya.,2,bad,punjabi
chapati tumba bekar.,2,bad,kannada
Eeroju sambar waste.,2,bad,telugu
pickle bahut not good hai.,1,bad,hindi
baingan bharta kha ke maza aa gaya.,5,good,hindi
I had a op bhojanam.,4,good,english
vada asalu chandalanga undi.,1,bad,telugu
rice full kettadagide.,1,bad,kannada
aaj ka paneer lajawab tha.,5,good,hindi
baingan bharta asalu chala baledu.,2,bad,telugu
vada kha ke ghaint feel hoya.,5,good,punjabi
da pulao tasted awful.,1,bad,english
upma kha ke sira feel hoya.,5,good,punjabi
chapati chala chandalanga undi.,1,bad,telugu
ivattu methi paratha mast agide.,5,good,kannada
aaj kadai chicken mazza aa gaya si.,5,good,punjabi
curry pura swaad hai.,5,good,punjabi
"hated the upma, it was poor.",1,bad,english
sabzi pura sira hai.,5,good,punjabi
dinner bahut swadisht hai.,4,good,hindi
raita ekdum mast hai.,5,good,hindi
aaj ka chole chii tha.,1,bad,hindi
dal makhani bahut bekar hai.,1,bad,hindi
"Hated da oota, it was dreadful.",1,bad,english
egg curry asalu daridram.,1,bad,telugu
pickle ekdum badiya hai.,5,good,hindi
butter chicken ekdum ek number hai.,5,good,hindi
curd bekar hai.,1,bad,punjabi
Ivattu oota sakath.,5,good,kannada
chutney zabardast hai.,5,good,hindi
Eeroju dessert chetta.,1,bad,telugu
pickle full super agide.,4,good,kannada
aaj ka sambar jhakaas tha.,5,good,hindi
egg curry chii hai.,1,bad,hindi
idli asalu worst ga undi.,1,bad,telugu
ivattu biryani super agide.,5,good,kannada
khichdi bahut zabardast hai.,5,good,hindi
food bahut vadiya hai.,5,good,punjabi
soup full bekar.,2,bad,kannada
pulao tinte baledu anipinchindi.,2,bad,telugu
dosa chala baga chesaru.,4,good,telugu
aaj paratha ghaint si.,5,good,punjabi
puri bahut vadiya lagya.,5,good,punjabi
biryani kha ke maza aa gaya.,5,good,hindi
oota bahut vadiya hai.,4,good,punjabi
aaj ka bhatura bekaar tha.,1,bad,hindi
oota is dreadful.,3,bad,english
chutney nodoke kettadagide.,3,bad,kannada
dessert full ruchi illa.,2,bad,kannada
Ivattu palak paneer super agide.,5,good,kannada
dosa chala worst ga undi.,1,bad,telugu
salad tinte chala bagundi anipinchindi.,5,good,telugu
dosa waste.,1,bad,telugu
bhatura bahut lajawab hai.,5,good,hindi
baingan bharta bahut mast hai.,4,good,hindi
i had a bland naan.,1,bad,english
rice asalu baledu.,2,bad,telugu
mixed veg nodoke chennagide.,5,good,kannada
roti swaad ni hai.,2,bad,punjabi
khichdi nodoke bombat.,5,good,kannada
uttapam matram ruchi ga undi.,5,good,telugu
meal chala bagundi.,4,good,telugu
really excellent mixed veg.,5,good,english
"hated the meal, it was bland.",1,bad,english
puri jama swaad ni hai.,2,bad,punjabi
aaj ka paneer ek number tha.,4,good,hindi
experience ws absolutely perfect.,5,good,english
poha full tumba chennagide.,4,good,kannada
palak paneer matram bagundi.,5,good,telugu
curry fuddu hai.,1,bad,punjabi
the rajma tasted wonderful.,4,good,english
naan chala baledu.,1,bad,telugu
sabzi chala kirrak.,5,good,telugu
breakfast kha ke bekar feel hoya.,1,bad,punjabi
soup tinte super anipinchindi.,5,good,telugu
khichdi kha ke maza aa gaya.,5,good,hindi
ivattu butter chicken chennagide.,4,good,kannada
kadai chicken matram ruchi ga undi.,5,good,telugu
vada ruchi agide.,4,good,kannada
such a nice mushroom masala.,5,good,english
chutney gazab hai.,4,good,hindi
Ivattu upma ruchi illa.,1,bad,kannada
"loved the bhojanam, it was amazing.",5,good,english
sabzi chii hai.,1,bad,hindi
dal chii hai.,1,bad,hindi
bhojanam kha ke maza aa gaya.,4,good,hindi
I had a terrible poha.,2,bad,english
palak paneer khatam hai.,3,bad,hindi
methi paratha asalu chetta.,2,bad,telugu
oota was absolutely gross.,2,bad,english
food kha ke maza aa gaya.,5,good,hindi
uttapam tumba bekar.,2,bad,kannada
aaj ka biryani awesome tha.,5,good,hindi
"hated the vibe, it was tasteless.",2,bad,english
biryani was absolutely tasteless.,1,bad,english
i had a wonderful mixed veg.,4,good,english
sambar sira hai.,5,good,punjabi
meal tumba tumba chennagide.,5,good,kannada
eeroju raita super.,5,good,telugu
dal full mast agide.,4,good,kannada
curry kha ke mood kharab.,1,bad,hindi
breakfast kha ke bakwaas feel hoya.,1,bad,punjabi
I had a brilliant pickle.,5,good,english
breakfast jama fuddu hai.,2,bad,punjabi
aaj ka bhatura mast tha.,5,good,hindi
meal worst ga undi.,2,bad,telugu
place is osm.,4,good,english
Such a worst pickle.,1,bad,english
breakfast jama bekar hai.,3,bad,punjabi
fish curry jama bekar hai.,1,bad,punjabi
palak paneer kha ke maza aa gaya.,5,good,hindi
Really terrible mixed veg.,3,bad,english
meal nodoke bombat.,4,good,kannada
salad matram bagundi.,5,good,telugu
soup ghaint hai.,5,good,punjabi
dinner kha ke mazza aa gaya feel hoya.,4,good,punjabi
fish curry full worst agide.,1,bad,kannada
puri kha ke sira feel hoya.,4,good,punjabi
upma is tasteless.,1,bad,english
mixed veg jama bekar hai.,1,bad,punjabi
vada tumba sakath.,4,good,kannada
dosa pura sira hai.,5,good,punjabi
aloo gobi is unpleasant.,2,bad,english
oota was absolutely terrible.,1,bad,english
really bad vibe.,1,bad,english
naan kha ke bahut vadiya feel hoya.,5,good,punjabi
vada bahut chii hai.,1,bad,hindi
puri asalu baledu.,3,bad,telugu
puri chala baledu.,2,bad,telugu
palak paneer nodoke worst agide.,2,bad,kannada
puri chala baledu.,2,bad,telugu
mushroom masala bahut lajawab hai.,4,good,hindi
"loved the service, it was osm.",5,good,english
poha tumba chennagide.,4,good,kannada
dal ekdum mast hai.,5,good,hindi
service was absolutely nice.,5,good,english
chutney daridram.,3,bad,telugu
roti kha ke ghaint feel hoya.,4,good,punjabi
aaj vada mazza aa gaya si.,5,good,punjabi
dal makhani tinte ruchi ledu anipinchindi.,1,bad,telugu
lunch tinte adhurs anipinchindi.,5,good,telugu
aaj ka upma bekar tha.,1,bad,hindi
naan tumba tumba chennagide.,5,good,kannada
aaj egg curry changa si.,4,good,punjabi
ivattu chutney ruchi illa.,2,bad,kannada
curd super.,4,good,telugu
roti kha ke mood kharab.,3,bad,hindi
mixed veg kha ke ganda feel hoya.,2,bad,punjabi
aaj ka oota ghatiya tha.,2,bad,hindi
Eeroju baingan bharta excellent ga undi.,5,good,telugu
chutney jhakaas hai.,5,good,hindi
paneer bahut khatam hai.,1,bad,hindi
meal bahut khatam hai.,2,bad,hindi
sambar asalu asalu baledu.,1,bad,telugu
such a excellent curd.,5,good,english
baingan bharta bahut vadiya hai.,5,good,punjabi
khichdi jama bekaar hai.,2,bad,punjabi
soup swaad ni hai.,2,bad,punjabi
oota asalu chetta.,1,bad,telugu
poha kirrak.,4,good,telugu
the vibe tasted disgusting.,1,bad,english
sambar asalu daridram.,1,bad,telugu
salad awesome hai.,5,good,hindi
eeroju soup chandalanga undi.,3,bad,telugu
curd jama khatam hai.,1,bad,punjabi
ivattu breakfast ruchi illa.,1,bad,kannada
aaj methi paratha maada si.,1,bad,punjabi
methi paratha waste.,2,bad,kannada
raita chala baledu.,1,bad,telugu
oota full bombat.,5,good,kannada
curd full chennagilla.,1,bad,kannada
chapati kha ke maza aa gaya.,5,good,hindi
ivattu dal mast agide.,5,good,kannada
ivattu bhojanam ruchi illa.,1,bad,kannada
quality was absolutely awful.,2,bad,english
poha ekdum kharaab hai.,1,bad,hindi
sambar chala chetta.,1,bad,telugu
Ivattu fish curry sakath.,5,good,kannada
khichdi is gross.,1,bad,english
paratha was absolutely excellent.,5,good,english
poha kha ke ghaint feel hoya.,4,good,punjabi
curry asalu chandalanga undi.,1,bad,telugu
soup mood kharab hai.,2,bad,hindi
sabzi jama ganda hai.,3,bad,punjabi
aaj lunch sira si.,5,good,punjabi
pulao jama bekaar hai.,1,bad,punjabi
dinner ekdum mood kharab hai.,1,bad,hindi
bhojanam full worst agide.,2,bad,kannada
ivattu idli kettadagide.,1,bad,kannada
such a dreadful vibe.,1,bad,english
khichdi bahut khatam hai.,1,bad,hindi
soup tinte super anipinchindi.,4,good,telugu
The poha tasted excellent.,4,good,english
pulao full worst agide.,1,bad,kannada
salad att lagya.,5,good,punjabi
aloo gobi swaad ni hai.,1,bad,punjabi
eeroju dessert bagundi.,5,good,telugu
chicken matram super.,5,good,telugu
butter chicken not good hai.,1,bad,hindi
raita worst agide.,1,bad,kannada
really wonderful palak paneer.,5,good,english
puri kha ke maza aa gaya.,5,good,hindi
pulao changa hai.,5,good,punjabi
aaj ka fish curry mood kharab tha.,3,bad,hindi
soup full super agide.,4,good,kannada
aaj ka rice khatam tha.,1,bad,hindi
meal tumba ruchi agide.,5,good,kannada
lunch nodoke chennagide.,4,good,kannada
aloo gobi is wonderful.,5,good,english
Such a outstanding quality.,5,good,english
mixed veg ekdum bekar hai.,1,bad,hindi
upma tumba sari illa.,1,bad,kannada
dinner sira lagya.,5,good,punjabi
curd ruchi ledu.,1,bad,telugu
egg curry full tumba chennagide.,4,good,kannada
rice nodoke ruchi illa.,2,bad,kannada
meal lajawab hai.,5,good,hindi
chapati kha ke vadiya feel hoya.,5,good,punjabi
mushroom masala ruchi agide.,5,good,kannada
puri was absolutely worst.,3,bad,english
biryani tinte chala baledu anipinchindi.,2,bad,telugu
oota tinte super anipinchindi.,4,good,telugu
ivattu mushroom masala bekar.,1,bad,kannada
roti tumba tumba chennagide.,5,good,kannada
pickle nodoke tumba chennagide.,5,good,kannada
Ivattu rice chennagide.,5,good,kannada
rice kha ke mood kharab.,2,bad,hindi
upma chala keka.,5,good,telugu
vada nodoke chennagilla.,2,bad,kannada
vada ekdum badiya hai.,5,good,hindi
really outstanding dinner.,5,good,english
rice ekdum mast hai.,5,good,hindi
dal makhani pura sira hai.,5,good,punjabi
uttapam sari illa.,2,bad,kannada
Ivattu uttapam worst agide.,1,bad,kannada
naan nodoke sari illa.,3,bad,kannada
chutney matram bagundi.,4,good,telugu
dinner sira lagya.,5,good,punjabi
egg curry adhurs.,4,good,telugu
khichdi asalu chetta.,2,bad,telugu
bhojanam chala baledu.,1,bad,telugu
raita nodoke chennagilla.,2,bad,kannada
paneer tinte chetta anipinchindi.,2,bad,telugu
mushroom masala kha ke maza aa gaya.,5,good,hindi
dinner worst agide.,1,bad,kannada
methi paratha kettadagide.,1,bad,kannada
khana bahut not good hai.,2,bad,hindi
the mess ws excellent.,4,good,english
Really terrible rice.,1,bad,english
aaj ka idli jhakaas tha.,4,good,hindi
sabzi jhakaas hai.,4,good,hindi
dosa ekdum zabardast hai.,4,good,hindi
food nodoke bombat.,4,good,kannada
chicken is excellent.,4,good,english
pickle pura swaad hai.,5,good,punjabi
aaj uttapam vadiya si.,4,good,punjabi
salad bakwas hai.,2,bad,hindi
aaj ka chole awesome tha.,5,good,hindi
ivattu naan super agide.,5,good,kannada
raita chala adhurs.,4,good,telugu
chole bahut ek number hai.,5,good,hindi
biryani was absolutely unpleasant.,1,bad,english
dinner was absolutely nice.,5,good,english
curry asalu daridram.,1,bad,telugu
puri ekdum sahi hai hai.,4,good,hindi
egg curry bahut mast hai.,4,good,hindi
puri chandalanga undi.,2,bad,telugu
bhojanam changa lagya.,4,good,punjabi
bhatura jama khatam hai.,2,bad,punjabi
The staff was tasteless.,3,bad,english
aaj ka food ek number tha.,5,good,hindi
butter chicken ghatiya hai.,1,bad,hindi
dessert daridram.,1,bad,telugu
Ivattu pickle thu.,2,bad,kannada
oota tumba sakath.,5,good,kannada
idli kha ke swaad ni feel hoya.,2,bad,punjabi
upma was absolutely amazing.,4,good,english
the poha was outstanding.,5,good,english
paneer tumba waste.,1,bad,kannada
roti waste.,2,bad,telugu
eeroju dal makhani baledu.,1,bad,telugu
pickle maada hai.,3,bad,punjabi
chapati chala worst ga undi.,1,bad,telugu
paneer chala waste.,1,bad,telugu
methi paratha tumba thu.,1,bad,kannada
The khana was wonderful.,5,good,english
raita full ruchi illa.,2,bad,kannada
The khichdi tasted bad.,1,bad,english
pickle asalu worst ga undi.,3,bad,telugu
oota khatam hai.,2,bad,hindi
curd sahi hai hai.,5,good,hindi
chutney is osm.,5,good,english
naan asalu daridram.,3,bad,telugu
rice bekaar hai.,2,bad,punjabi
bhatura tinte chetta anipinchindi.,1,bad,telugu
bhojanam tumba super agide.,5,good,kannada
mushroom masala ekdum bakwas hai.,1,bad,hindi
pulao ekdum not good hai.,3,bad,hindi
mixed veg matram kirrak.,5,good,telugu
Ivattu upma chennagide.,4,good,kannada
The mixed veg was nice.,5,good,english
palak paneer bagundi.,4,good,telugu
curd changa lagya.,5,good,punjabi
dessert nodoke ruchi illa.,1,bad,kannada
Really disgusting atmosphere.,1,bad,english
methi paratha bahut bakwas hai.,1,bad,hindi
salad was absolutely gross.,1,bad,english
biryani fuddu hai.,2,bad,punjabi
breakfast kha ke ghaint feel hoya.,5,good,punjabi
Ivattu chole kettadagide.,1,bad,kannada
kadai chicken asalu worst ga undi.,2,bad,telugu
chapati full super agide.,5,good,kannada
kadai chicken kha ke mood kharab.,1,bad,hindi
uttapam chala waste.,2,bad,telugu
aaj lunch changa si.,5,good,punjabi
palak paneer ekdum not good hai.,1,bad,hindi
naan tumba worst agide.,2,bad,kannada
khichdi waste.,1,bad,telugu
dal tinte waste anipinchindi.,1,bad,telugu
biryani was absolutely excellent.,5,good,english
poha kha ke khatam feel hoya.,2,bad,punjabi
fish curry chala excellent ga undi.,4,good,telugu
food tumba worst agide.,2,bad,kannada
staff is worst.,2,bad,english
Eeroju kadai chicken adhurs.,4,good,telugu
da palak paneer was amazing.,4,good,english
lunch chala asalu baledu.,1,bad,telugu
fish curry asalu chandalanga undi.,1,bad,telugu
biryani bahut badhiya hai.,4,good,hindi
khichdi asalu chetta.,1,bad,telugu
curd full waste.,1,bad,kannada
eeroju chicken baledu.,3,bad,telugu
aaj vada swaad si.,5,good,punjabi
the service was awful.,3,bad,english
uttapam nodoke thu.,1,bad,kannada
staff is delicious.,5,good,english
methi paratha nodoke chennagide.,5,good,kannada
bhojanam kirrak.,5,good,telugu
aaj ka rajma mast tha.,4,good,hindi
mixed veg kha ke vadiya feel hoya.,5,good,punjabi
the egg curry tasted perfect.,5,good,english
salad worst ga undi.,1,bad,telugu
aaj ka dal makhani swadisht tha.,4,good,hindi
bhatura ek number hai.,5,good,hindi
aloo gobi tumba thu.,1,bad,kannada
dessert full bekar.,1,bad,kannada
rajma sahi hai hai.,5,good,hindi
chole tumba waste.,2,bad,kannada
raita pura bahut vadiya hai.,5,good,punjabi
really perfect experience.,5,good,english
bhatura worst agide.,2,bad,kannada
upma nodoke ruchi agide.,5,good,kannada
khichdi is gross.,1,bad,english
dessert asalu chandalanga undi.,2,bad,telugu
paneer asalu baledu.,2,bad,telugu
"hated the rice, it was bland.",1,bad,english
The roti was good.,5,good,english
aaj chicken sira si.,5,good,punjabi
rice matram baga chesaru.,5,good,telugu
mushroom masala att lagya.,5,good,punjabi
The upma tasted perfect.,4,good,english
Eeroju puri baga chesaru.,4,good,telugu
food matram ruchi ga undi.,5,good,telugu
salad tumba kettadagide.,1,bad,kannada
i had a horrible rice.,1,bad,english
Ivattu kadai chicken ruchi agide.,5,good,kannada
oota kha ke bakwaas feel hoya.,1,bad,punjabi
I had a terrible chutney.,1,bad,english
aaj ka dosa badhiya tha.,4,good,hindi
mixed veg tumba bekar.,1,bad,kannada
bhatura nodoke sakath.,4,good,kannada
puri ruchi illa.,1,bad,kannada
rice kha ke mood kharab.,1,bad,hindi
breakfast ekdum ghatiya hai.,1,bad,hindi
aloo gobi pura ghaint hai.,5,good,punjabi
chutney ghaint hai.,5,good,punjabi
food kha ke fuddu feel hoya.,1,bad,punjabi
rajma kha ke sira feel hoya.,5,good,punjabi
khana tumba chennagide.,5,good,kannada
butter chicken kha ke mood kharab.,1,bad,hindi
meal ekdum waste hai.,3,bad,hindi
idli awesome hai.,5,good,hindi
Eeroju chapati bagundi.,5,good,telugu
chutney jama khatam hai.,1,bad,punjabi
aaj ka oota gazab tha.,5,good,hindi
pulao bahut badhiya hai.,5,good,hindi
biryani tinte asalu baledu anipinchindi.,2,bad,telugu
paneer chala chetta.,1,bad,telugu
aaj ka raita khatam tha.,1,bad,hindi
The bhojanam tasted fantastic.,5,good,english
pulao tinte baledu anipinchindi.,1,bad,telugu
raita maada lagya.,2,bad,punjabi
i had a perfect curd.,4,good,english
puri was absolutely amazing.,4,good,english
mushroom masala chala bagundi.,4,good,telugu
pickle bakwas hai.,1,bad,hindi
palak paneer bagundi.,5,good,telugu
egg curry ekdum lajawab hai.,5,good,hindi
dessert bahut bekar hai.,1,bad,hindi
such a gross rice.,2,bad,english
uttapam kha ke mood kharab.,2,bad,hindi
aaj bhojanam khatam si.,1,bad,punjabi
puri kettadagide.,3,bad,kannada
raita chala chandalanga undi.,1,bad,telugu
rice kha ke att feel hoya.,5,good,punjabi
aaj ka mushroom masala not good tha.,1,bad,hindi
palak paneer ghaint hai.,5,good,punjabi
fish curry ekdum lajawab hai.,4,good,hindi
chicken asalu baledu.,2,bad,telugu
paratha bekar hai.,1,bad,hindi
pulao vadiya hai.,5,good,punjabi
bhatura badhiya hai.,5,good,hindi
butter chicken tinte excellent ga undi anipinchindi.,5,good,telugu
bhojanam tumba waste.,1,bad,kannada
baingan bharta ekdum khatam hai.,2,bad,hindi
Ivattu sambar worst agide.,1,bad,kannada
soup tumba thu.,1,bad,kannada
paratha kha ke mood kharab.,1,bad,hindi
chutney asalu asalu baledu.,1,bad,telugu
eeroju soup worst ga undi.,1,bad,telugu
rajma nodoke mast agide.,4,good,kannada
i had a osm service.,5,good,english
dessert sakath.,4,good,kannada
aaj ka pulao sahi hai tha.,5,good,hindi
aaj dal makhani att si.,4,good,punjabi
upma kha ke maza aa gaya.,4,good,hindi
meal sira hai.,4,good,punjabi
uttapam swaad lagya.,5,good,punjabi
upma bahut bekaar hai.,1,bad,hindi
lunch bahut vadiya lagya.,5,good,punjabi
salad was absolutely tasty.,4,good,english
the mushroom masala tasted poor.,3,bad,english
paneer bekar lagya.,1,bad,punjabi
food thu.,1,bad,kannada
chapati tinte super anipinchindi.,4,good,telugu
upma was absolutely osm.,5,good,english
mushroom masala changa lagya.,5,good,punjabi
chole kha ke ganda feel hoya.,1,bad,punjabi
da baingan bharta was fantastic.,5,good,english
i had a terrible methi paratha.,1,bad,english
aaj sambar bahut vadiya si.,5,good,punjabi
rajma was absolutely tasteless.,1,bad,english
really op paneer.,5,good,english
pickle kha ke fuddu feel hoya.,1,bad,punjabi
dal makhani asalu chandalanga undi.,1,bad,telugu
Ivattu dal bombat.,5,good,kannada
pickle bakwaas lagya.,1,bad,punjabi
ivattu poha kettadagide.,3,bad,kannada
Such a excellent vibe.,5,good,english
Ivattu kadai chicken bekar.,1,bad,kannada
curry kha ke bahut vadiya feel hoya.,5,good,punjabi
Really terrible naan.,1,bad,english
oota matram ruchi ga undi.,4,good,telugu
Really disgusting mixed veg.,1,bad,english
really nasty mixed veg.,1,bad,english
naan bahut mast hai.,5,good,hindi
methi paratha waste.,3,bad,kannada
dal sari illa.,1,bad,kannada
fish curry ekdum mood kharab hai.,1,bad,hindi
egg curry baledu.,1,bad,telugu
ivattu upma ruchi illa.,1,bad,kannada
aaj breakfast ghaint si.,5,good,punjabi
pulao chennagilla.,1,bad,kannada
dosa jama bakwaas hai.,1,bad,punjabi
raita maada lagya.,1,bad,punjabi
aaj biryani sira si.,5,good,punjabi
palak paneer full sakath.,5,good,kannada
aaj ka curry mast tha.,5,good,hindi
biryani baga chesaru.,5,good,telugu
aaj khichdi sira si.,4,good,punjabi
bhojanam bekar hai.,3,bad,hindi
khichdi mast hai.,5,good,hindi
paneer bahut mast hai.,5,good,hindi
oota sira hai.,5,good,punjabi
rice bahut gazab hai.,5,good,hindi
Eeroju oota kirrak.,5,good,telugu
Such a fantastic biryani.,4,good,english
sambar tumba chennagide.,5,good,kannada
kadai chicken chala chala baledu.,3,bad,telugu
uttapam tumba kettadagide.,1,bad,kannada
Such a wonderful puri.,4,good,english
naan kha ke sira feel hoya.,5,good,punjabi
lunch jama fuddu hai.,1,bad,punjabi
chicken fuddu hai.,2,bad,punjabi
chutney ekdum bekar hai.,3,bad,hindi
palak paneer full waste.,2,bad,kannada
aaj ka egg curry badhiya tha.,5,good,hindi
rice chala kirrak.,5,good,telugu
paratha ghatiya hai.,2,bad,hindi
salad kha ke mood kharab.,1,bad,hindi
meal is disgusting.,1,bad,english
uttapam kha ke mood kharab.,2,bad,hindi
bhojanam matram baga chesaru.,4,good,telugu
salad swaad ni lagya.,2,bad,punjabi
bhatura ekdum bekaar hai.,1,bad,hindi
rice tumba bombat.,5,good,kannada
aaj paratha sira si.,5,good,punjabi
fish curry bahut vadiya lagya.,4,good,punjabi
pulao changa lagya.,5,good,punjabi
kadai chicken super.,4,good,telugu
the atmosphere tasted tasty.,5,good,english
chicken pura ghaint hai.,5,good,punjabi
the vada tasted horrible.,1,bad,english
Ivattu chole sari illa.,1,bad,kannada
atmosphere is poor.,1,bad,english
ivattu meal chennagide.,4,good,kannada
aaj ka sabzi not good tha.,1,bad,hindi
rajma kha ke maada feel hoya.,2,bad,punjabi
rajma maada hai.,3,bad,punjabi
pickle worst ga undi.,1,bad,telugu
chapati ruchi agide.,4,good,kannada
aaj biryani ganda si.,2,bad,punjabi
lunch matram super.,4,good,telugu
oota nodoke sakath.,5,good,kannada
aaj mixed veg vadiya si.,5,good,punjabi
aaj ka poha mood kharab tha.,2,bad,hindi
kadai chicken chala bagundi.,5,good,telugu
paneer maada hai.,3,bad,punjabi
sabzi tumba chennagilla.,1,bad,kannada
dal tumba sari illa.,1,bad,kannada
aaj ka chapati lajawab tha.,5,good,hindi
pulao tinte bagundi anipinchindi.,4,good,telugu
breakfast ghaint hai.,5,good,punjabi
rajma full ruchi agide.,4,good,kannada
eeroju paneer excellent ga undi.,5,good,telugu
chapati nodoke chennagide.,4,good,kannada
aloo gobi ekdum khatam hai.,1,bad,hindi
dessert matram super.,4,good,telugu
The baingan bharta tasted osm.,4,good,english
Eeroju uttapam ruchi ledu.,1,bad,telugu
rajma chala waste.,3,bad,telugu
aaj khichdi maada si.,1,bad,punjabi
bhojanam kha ke bekar feel hoya.,3,bad,punjabi
oota full bombat.,4,good,kannada
Eeroju palak paneer chala bagundi.,4,good,telugu
really lovely salad.,4,good,english
"Loved the dessert, it was tasty.",5,good,english
mixed veg worst ga undi.,2,bad,telugu
aloo gobi nodoke ruchi agide.,5,good,kannada
dinner ekdum jhakaas hai.,5,good,hindi
butter chicken kha ke mood kharab.,3,bad,hindi
food tumba kettadagide.,1,bad,kannada
really perfect chole.,4,good,english
rajma asalu chala baledu.,2,bad,telugu
aloo gobi full bombat.,4,good,kannada
aaj ka mixed veg zabardast tha.,4,good,hindi
chicken tumba tumba chennagide.,5,good,kannada
Ivattu roti chennagilla.,3,bad,kannada
vada chala baledu.,2,bad,telugu
Eeroju aloo gobi adhurs.,5,good,telugu
eeroju pulao worst ga undi.,1,bad,telugu
bhatura asalu chala baledu.,1,bad,telugu
paneer thu.,2,bad,kannada
ivattu curry thu.,1,bad,kannada
aaj ka soup khatam tha.,3,bad,hindi
i had a delicious methi paratha.,5,good,english
mixed veg bahut swadisht hai.,5,good,hindi
such a dreadful place.,1,bad,english
pickle jama fuddu hai.,1,bad,punjabi
paneer is superb.,5,good,english
idli is delicious.,5,good,english
aaj ka aloo gobi sahi hai tha.,4,good,hindi
"Loved the khichdi, it ws fantastic.",5,good,english
aaj ka curry bakwas tha.,2,bad,hindi
aaj ka poha chii tha.,2,bad,hindi
idli fuddu lagya.,2,bad,punjabi
oota daridram.,2,bad,telugu
Ivattu soup mast agide.,5,good,kannada
methi paratha ekdum awesome hai.,5,good,hindi
egg curry ghaint lagya.,4,good,punjabi
oota bekaar hai.,3,bad,punjabi
dal makhani asalu waste.,1,bad,telugu
dinner kha ke sira feel hoya.,5,good,punjabi
methi paratha nodoke sari illa.,2,bad,kannada
eeroju egg curry baledu.,1,bad,telugu
methi paratha tinte chetta anipinchindi.,2,bad,telugu
kadai chicken bakwaas lagya.,3,bad,punjabi
dessert kha ke vadiya feel hoya.,4,good,punjabi
poha nodoke sakath.,5,good,kannada
khana ekdum chii hai.,1,bad,hindi
Really unpleasant rice.,2,bad,english
staff is pathetic.,2,bad,english
dinner tumba ruchi illa.,1,bad,kannada
aaj ka salad badiya tha.,4,good,hindi
aaj dal ganda si.,1,bad,punjabi
chapati nodoke ruchi agide.,5,good,kannada
biryani pura att hai.,5,good,punjabi
The experience tasted nasty.,1,bad,english
dessert full bombat.,5,good,kannada
paratha is superb.,5,good,english
idli was absolutely gross.,2,bad,english
raita bekaar hai.,2,bad,hindi
Eeroju chutney ruchi ledu.,1,bad,telugu
breakfast bahut swadisht hai.,4,good,hindi
dosa chennagide.,4,good,kannada
poha nodoke chennagilla.,2,bad,kannada
aaj salad ghaint si.,5,good,punjabi
mushroom masala bahut zabardast hai.,5,good,hindi
roti asalu worst ga undi.,1,bad,telugu
such a outstanding curd.,5,good,english
aaj ka paneer ghatiya tha.,2,bad,hindi
bhatura not good hai.,2,bad,hindi
salad kharaab hai.,1,bad,hindi
Eeroju methi paratha chetta.,1,bad,telugu
butter chicken mast agide.,5,good,kannada
"loved the mess, it was nice.",4,good,english
rice nodoke bombat.,4,good,kannada
chicken swaad hai.,5,good,punjabi
The food was bland.,1,bad,english
palak paneer badiya hai.,5,good,hindi
lunch bahut kharaab hai.,3,bad,hindi
aaj dal bakwaas si.,1,bad,punjabi
eeroju puri super.,4,good,telugu
sabzi bekar.,1,bad,kannada
pulao full ruchi agide.,5,good,kannada
dal daridram.,2,bad,telugu
aaj ka lunch awesome tha.,4,good,hindi
naan kha ke maza aa gaya.,5,good,hindi
Ivattu curry tumba chennagide.,4,good,kannada
poha thu.,2,bad,kannada
rice asalu baledu.,1,bad,telugu
chicken kha ke bekar feel hoya.,1,bad,punjabi
butter chicken tinte chala bagundi anipinchindi.,5,good,telugu
mushroom masala kha ke swaad ni feel hoya.,1,bad,punjabi
butter chicken pura att hai.,5,good,punjabi
aloo gobi full bombat.,4,good,kannada
uttapam swaad lagya.,5,good,punjabi
biryani bahut swadisht hai.,5,good,hindi
aaj ka paratha not good tha.,1,bad,hindi
pulao full ruchi agide.,5,good,kannada
aaj dosa bekar si.,1,bad,punjabi
aaj ka sabzi badiya tha.,4,good,hindi
dessert maada lagya.,2,bad,punjabi
Really osm kadai chicken.,4,good,english
dal full super agide.,5,good,kannada
"hated the pickle, it was awful.",1,bad,english
kadai chicken nodoke chennagilla.,2,bad,kannada
pulao kha ke maza aa gaya.,5,good,hindi
dinner chala waste.,2,bad,telugu
dinner ruchi agide.,4,good,kannada
fish curry pura ghaint hai.,4,good,punjabi
uttapam kha ke swaad feel hoya.,4,good,punjabi
dinner nodoke thu.,1,bad,kannada
dessert bahut vadiya hai.,5,good,punjabi
mushroom masala full sari illa.,1,bad,kannada
really op dessert.,5,good,english
Eeroju oota chetta.,1,bad,telugu
puri matram baga chesaru.,5,good,telugu
upma ekdum not good hai.,1,bad,hindi
rajma chala bagundi.,4,good,telugu
curry nodoke bombat.,5,good,kannada
poha tumba worst agide.,2,bad,kannada
khichdi swaad hai.,5,good,punjabi
"Loved the curry, it was osm.",4,good,english
roti full super agide.,5,good,kannada
aaj ka dessert bakwas tha.,1,bad,hindi
breakfast nodoke sari illa.,3,bad,kannada
Eeroju oota adhurs.,5,good,telugu
uttapam nodoke bombat.,5,good,kannada
bhatura asalu chetta.,3,bad,telugu
kadai chicken waste.,2,bad,kannada
dal makhani bahut khatam hai.,1,bad,hindi
rajma vadiya hai.,5,good,punjabi
dinner jama maada hai.,1,bad,punjabi
Ivattu soup kettadagide.,1,bad,kannada
raita asalu baledu.,3,bad,telugu
i had a terrible paneer.,1,bad,english
rice not good hai.,1,bad,hindi
chutney swadisht hai.,5,good,hindi
"Hated the dal, it was pathetic.",1,bad,english
upma bahut awesome hai.,5,good,hindi
salad was absolutely gross.,2,bad,english
dessert ekdum bekaar hai.,2,bad,hindi
the pickle tasted tasty.,5,good,english
khichdi changa hai.,5,good,punjabi
kadai chicken asalu daridram.,1,bad,telugu
da kadai chicken tasted bland.,2,bad,english
palak paneer baga chesaru.,4,good,telugu
salad ghaint hai.,5,good,punjabi
salad mood kharab hai.,1,bad,hindi
pulao lajawab hai.,5,good,hindi
meal changa lagya.,4,good,punjabi
palak paneer is dreadful.,1,bad,english
methi paratha mood kharab hai.,2,bad,hindi
oota chandalanga undi.,1,bad,telugu
meal kha ke mood kharab.,1,bad,hindi
aaj ka paneer jhakaas tha.,4,good,hindi
aaj ka chicken mast tha.,5,good,hindi
aloo gobi pura vadiya hai.,5,good,punjabi
pickle ekdum zabardast hai.,5,good,hindi
breakfast tumba chennagilla.,1,bad,kannada
aloo gobi chala chetta.,1,bad,telugu
khichdi tinte keka anipinchindi.,5,good,telugu
experience was absolutely outstanding.,5,good,english
chole chala worst ga undi.,2,bad,telugu
breakfast nodoke kettadagide.,1,bad,kannada
aloo gobi full waste.,2,bad,kannada
the pulao was horrible.,1,bad,english
curd kha ke swaad ni feel hoya.,1,bad,punjabi
biryani daridram.,3,bad,telugu
curry tinte worst ga undi anipinchindi.,2,bad,telugu
aaj ka chutney mast tha.,4,good,hindi
curry full sari illa.,2,bad,kannada
sabzi bakwaas lagya.,2,bad,punjabi
sambar ekdum waste hai.,2,bad,hindi
dal makhani chala kirrak.,5,good,telugu
butter chicken bahut ek number hai.,4,good,hindi
food tumba thu.,1,bad,kannada
idli bahut sahi hai hai.,5,good,hindi
mushroom masala swadisht hai.,5,good,hindi
really pathetic idli.,1,bad,english
aaj butter chicken swaad ni si.,2,bad,punjabi
raita chandalanga undi.,1,bad,telugu
methi paratha att hai.,5,good,punjabi
The meal was pathetic.,3,bad,english
Really op dinner.,5,good,english
upma bakwaas hai.,2,bad,punjabi
The chapati tasted tasty.,5,good,english
raita ekdum lajawab hai.,5,good,hindi
"hated the dal makhani, it was awful.",1,bad,english
"loved the lunch, it was wonderful.",5,good,english
i had a poor puri.,1,bad,english
upma pura vadiya hai.,5,good,punjabi
soup nodoke tumba chennagide.,5,good,kannada
I had a outstanding chicken.,5,good,english
oota maada hai.,2,bad,punjabi
aaj chapati ghaint si.,5,good,punjabi
bhojanam bekaar lagya.,2,bad,punjabi
breakfast kha ke mood kharab.,1,bad,hindi
Really tasteless staff.,1,bad,english
aaj kadai chicken bahut vadiya si.,4,good,punjabi
vada kha ke mood kharab.,2,bad,hindi
vada matram ruchi ga undi.,4,good,telugu
Ivattu dal keka.,4,good,kannada
soup kha ke mood kharab.,1,bad,hindi
vada full kettadagide.,1,bad,kannada
chapati ekdum not good hai.,3,bad,hindi
vada maada hai.,1,bad,punjabi
mushroom masala tinte kirrak anipinchindi.,5,good,telugu
chole tumba bombat.,5,good,kannada
Such a gross curry.,1,bad,english
Eeroju salad baledu.,1,bad,telugu
lunch tumba bekar.,2,bad,kannada
mess was absolutely unpleasant.,2,bad,english
The chapati was awful.,3,bad,english
egg curry full kettadagide.,1,bad,kannada
Really awful dessert.,1,bad,english
dal makhani full waste.,1,bad,kannada
khichdi kha ke swaad feel hoya.,5,good,punjabi
rice mast hai.,5,good,hindi
aaj ka butter chicken swadisht tha.,5,good,hindi
methi paratha matram ruchi ga undi.,4,good,telugu
I had a amazing sabzi.,4,good,english
really great poha.,5,good,english
ivattu upma mast agide.,4,good,kannada
fish curry chala keka.,4,good,telugu
Ivattu dal makhani thu.,2,bad,kannada
ivattu rice sari illa.,1,bad,kannada
aaj dal makhani khatam si.,1,bad,punjabi
da uttapam tasted disgusting.,1,bad,english
methi paratha chala excellent ga undi.,4,good,telugu
the upma tasted dreadful.,1,bad,english
rice ekdum khatam hai.,1,bad,hindi
chutney kha ke ganda feel hoya.,1,bad,punjabi
bhatura tinte kirrak anipinchindi.,5,good,telugu
lunch matram bagundi.,5,good,telugu
raita ekdum chii hai.,2,bad,hindi
ivattu paratha ruchi illa.,1,bad,kannada
I had a superb soup.,5,good,english
khichdi nodoke bombat.,5,good,kannada
paratha tumba mast agide.,4,good,kannada
chicken tinte kirrak anipinchindi.,5,good,telugu
the breakfast ws dreadful.,2,bad,english
sambar bahut zabardast hai.,5,good,hindi
aaj ka aloo gobi chii tha.,2,bad,hindi
sambar bahut kharaab hai.,1,bad,hindi
mushroom masala bahut bakwas hai.,1,bad,hindi
fish curry full kettadagide.,1,bad,kannada
fish curry bekar lagya.,1,bad,punjabi
"Loved the paneer, it was lovely.",5,good,english
the paneer was unpleasant.,2,bad,english
egg curry bekaar lagya.,1,bad,punjabi
food was absolutely worst.,1,bad,english
paratha full mast agide.,5,good,kannada
bhatura att lagya.,4,good,punjabi
bhojanam chala baga chesaru.,5,good,telugu
sabzi ekdum chii hai.,1,bad,hindi
naan swaad ni lagya.,1,bad,punjabi
I had a op chutney.,5,good,english
khichdi bekar.,2,bad,kannada
bhatura kha ke maza aa gaya.,5,good,hindi
aaj ka sambar ek number tha.,5,good,hindi
khana swaad hai.,4,good,punjabi
methi paratha is brilliant.,4,good,english
eeroju kadai chicken ruchi ga undi.,5,good,telugu
aaj ka upma not good tha.,1,bad,hindi
soup chala chala baledu.,1,bad,telugu
Eeroju meal chala bagundi.,5,good,telugu
lunch ekdum jhakaas hai.,5,good,hindi
lunch pura att hai.,5,good,punjabi
i had a osm dosa.,4,good,english
salad tumba keka.,4,good,kannada
really bad service.,2,bad,english
egg curry asalu chala baledu.,1,bad,telugu
aaj khana att si.,5,good,punjabi
ivattu dosa sari illa.,1,bad,kannada
puri kharaab hai.,1,bad,hindi
"loved the meal, it was delicious.",5,good,english
dessert ghatiya hai.,2,bad,hindi
baingan bharta kha ke maza aa gaya.,4,good,hindi
"Loved the kadai chicken, it was great.",5,good,english
such a nice paneer.,5,good,english
butter chicken chala kirrak.,4,good,telugu
butter chicken pura changa hai.,4,good,punjabi
aaj biryani vadiya si.,5,good,punjabi
aloo gobi chala ruchi ga undi.,5,good,telugu
uttapam nodoke mast agide.,4,good,kannada
kadai chicken kha ke khatam feel hoya.,2,bad,punjabi
upma excellent ga undi.,5,good,telugu
Ivattu chutney ruchi illa.,1,bad,kannada
Such a osm food.,5,good,english
Eeroju vada adhurs.,5,good,telugu
rice nodoke keka.,5,good,kannada
Such a good baingan bharta.,5,good,english
biryani ekdum kharaab hai.,2,bad,hindi
mushroom masala tinte chandalanga undi anipinchindi.,2,bad,telugu
naan bahut not good hai.,2,bad,hindi
da khana tasted horrible.,2,bad,english
food was absolutely lovely.,5,good,english
da vada was fantastic.,5,good,english
I had a nice paratha.,4,good,english
raita chala daridram.,1,bad,telugu
khichdi bahut ek number hai.,4,good,hindi
pulao pura vadiya hai.,5,good,punjabi
the raita tasted good.,5,good,english
bhojanam kha ke mood kharab.,3,bad,hindi
sambar ganda hai.,2,bad,punjabi
"Hated da meal, it was horrible.",2,bad,english
pickle changa lagya.,5,good,punjabi
paneer tinte chetta anipinchindi.,2,bad,telugu
idli chala kirrak.,4,good,telugu
eeroju uttapam ruchi ledu.,2,bad,telugu
"loved da dessert, it was amazing.",5,good,english
breakfast chala adhurs.,5,good,telugu
pulao kha ke bekar feel hoya.,2,bad,punjabi
dal makhani sari illa.,1,bad,kannada
"hated da quality, it ws awful.",1,bad,english
upma was absolutely worst.,1,bad,english
meal kirrak.,5,good,telugu
chapati ruchi agide.,4,good,kannada
dal makhani jhakaas hai.,5,good,hindi
"Loved the lunch, it ws perfect.",4,good,english
i had a pathetic paratha.,1,bad,english
soup asalu baledu.,2,bad,telugu
uttapam ekdum badhiya hai.,5,good,hindi
fish curry kha ke maza aa gaya.,5,good,hindi
chicken tumba ruchi agide.,5,good,kannada
really osm palak paneer.,5,good,english
chutney chennagide.,5,good,kannada
aaj roti maada si.,1,bad,punjabi
upma tinte ruchi ledu anipinchindi.,1,bad,telugu
upma kha ke mood kharab.,1,bad,hindi
curd nodoke ruchi agide.,5,good,kannada
oota chala super.,5,good,telugu
The mess tasted gross.,1,bad,english
Ivattu naan chennagide.,4,good,kannada
puri nodoke bombat.,5,good,kannada
Really pathetic chutney.,1,bad,english
aaj mixed veg bakwaas si.,3,bad,punjabi
upma chennagide.,5,good,kannada
palak paneer is superb.,5,good,english
chole is wonderful.,5,good,english
I had a horrible biryani.,1,bad,english
meal full sari illa.,2,bad,kannada
oota swaad hai.,4,good,punjabi
Eeroju sambar kirrak.,5,good,telugu
breakfast mast agide.,5,good,kannada
mixed veg full worst agide.,1,bad,kannada
sabzi ekdum awesome hai.,4,good,hindi
pulao kha ke ghaint feel hoya.,5,good,punjabi
dosa nodoke bombat.,5,good,kannada
curry bekaar hai.,1,bad,hindi
Eeroju khana chala bagundi.,4,good,telugu
raita asalu chandalanga undi.,1,bad,telugu
upma tumba bekar.,1,bad,kannada
chapati baledu.,1,bad,telugu
dal makhani kha ke mazza aa gaya feel hoya.,5,good,punjabi
breakfast swaad hai.,5,good,punjabi
the bhojanam tasted worst.,2,bad,english
poha is unpleasant.,1,bad,english
dinner is worst.,3,bad,english
the biryani tasted dreadful.,2,bad,english
dinner sira hai.,5,good,punjabi
I had a unpleasant rice.,1,bad,english
baingan bharta chetta.,1,bad,telugu
Ivattu paneer ruchi illa.,1,bad,kannada
palak paneer kha ke bekaar feel hoya.,1,bad,punjabi
fish curry tumba chennagilla.,2,bad,kannada
Such a worst service.,1,bad,english
aaj rajma bakwaas si.,1,bad,punjabi
naan bekaar lagya.,2,bad,punjabi
Really excellent breakfast.,5,good,english
uttapam matram bagundi.,5,good,telugu
rajma ekdum ek number hai.,5,good,hindi
salad full sari illa.,2,bad,kannada
chicken pura swaad hai.,4,good,punjabi
egg curry baga chesaru.,5,good,telugu
breakfast was absolutely perfect.,5,good,english
roti sakath.,5,good,kannada
i had a delicious kadai chicken.,4,good,english
The vibe tasted op.,5,good,english
mixed veg kha ke mood kharab.,2,bad,hindi
aaj pulao mazza aa gaya si.,5,good,punjabi
biryani vadiya hai.,4,good,punjabi
food chala asalu baledu.,2,bad,telugu
ivattu chutney waste.,1,bad,kannada
roti was absolutely unpleasant.,1,bad,english
chutney tumba chennagilla.,1,bad,kannada
vada changa lagya.,4,good,punjabi
chole bekar.,1,bad,kannada
pulao mood kharab hai.,2,bad,hindi
bhatura tumba sakath.,5,good,kannada
dal tumba ruchi illa.,1,bad,kannada
aaj breakfast bekaar si.,1,bad,punjabi
bhatura ekdum zabardast hai.,4,good,hindi
sabzi kha ke bekaar feel hoya.,1,bad,punjabi
aaj upma sira si.,5,good,punjabi
bhojanam chala chala bagundi.,4,good,telugu
"Loved the dal makhani, it was delicious.",5,good,english
"hated da idli, it ws worst.",1,bad,english
pulao khatam lagya.,2,bad,punjabi
roti ekdum khatam hai.,2,bad,hindi
paneer full worst agide.,3,bad,kannada
da dal makhani ws good.,4,good,english
roti tinte super anipinchindi.,5,good,telugu
raita awesome hai.,5,good,hindi
chapati bahut vadiya lagya.,4,good,punjabi
Eeroju methi paratha chala bagundi.,4,good,telugu
baingan bharta chala worst ga undi.,2,bad,telugu
vibe was absolutely delicious.,4,good,english
paneer pura sira hai.,4,good,punjabi
aloo gobi bahut sahi hai hai.,5,good,hindi
puri tinte asalu baledu anipinchindi.,2,bad,telugu
aaj ka poha gazab tha.,5,good,hindi
chicken chetta.,1,bad,telugu
chicken ek number hai.,5,good,hindi
Really poor chutney.,2,bad,english
mushroom masala kha ke mood kharab.,2,bad,hindi
methi paratha matram super.,5,good,telugu
Really nasty curry.,1,bad,english
curd chala daridram.,1,bad,telugu
The aloo gobi tasted great.,5,good,english
dal ghatiya hai.,1,bad,hindi
rice tumba chennagide.,4,good,kannada
uttapam swaad lagya.,4,good,punjabi
kadai chicken bekar.,1,bad,kannada
rajma kha ke bekar feel hoya.,3,bad,punjabi
aaj mixed veg bakwaas si.,3,bad,punjabi
biryani tinte chandalanga undi anipinchindi.,1,bad,telugu
idli matram super.,5,good,telugu
curry bahut zabardast hai.,5,good,hindi
naan pura swaad hai.,5,good,punjabi
puri bahut vadiya lagya.,4,good,punjabi
lunch nodoke tumba chennagide.,5,good,kannada
curry sahi hai hai.,5,good,hindi
aaj raita bakwaas si.,1,bad,punjabi
Such a tasteless chole.,1,bad,english
aaj fish curry bahut vadiya si.,5,good,punjabi
mushroom masala is bad.,1,bad,english
butter chicken kha ke maza aa gaya.,5,good,hindi
aaj dinner fuddu si.,1,bad,punjabi
dal pura swaad hai.,5,good,punjabi
curd chala ruchi ga undi.,5,good,telugu
The chole was brilliant.,4,good,english
Eeroju bhojanam bagundi.,4,good,telugu
paratha daridram.,1,bad,telugu
upma bahut chii hai.,3,bad,hindi
dosa tumba sakath.,5,good,kannada
the bhojanam tasted nasty.,1,bad,english
paratha tumba ruchi agide.,4,good,kannada
i had a unpleasant idli.,3,bad,english
breakfast chii hai.,1,bad,hindi
aaj curry maada si.,1,bad,punjabi
biryani ganda hai.,1,bad,punjabi
oota full sari illa.,2,bad,kannada
butter chicken kha ke khatam feel hoya.,1,bad,punjabi
oota tumba ruchi agide.,4,good,kannada
butter chicken ruchi ga undi.,5,good,telugu
breakfast ruchi illa.,1,bad,kannada
Really superb khichdi.,4,good,english
eeroju salad asalu baledu.,2,bad,telugu
"Hated da khana, it was awful.",2,bad,english
Ivattu biryani super agide.,5,good,kannada
bhatura tinte worst ga undi anipinchindi.,1,bad,telugu
sabzi thu.,2,bad,kannada
curry full ruchi agide.,4,good,kannada
raita kha ke maza aa gaya.,5,good,hindi
I had a gross pickle.,1,bad,english
dinner fuddu hai.,2,bad,punjabi
salad matram chala bagundi.,5,good,telugu
rajma kha ke mood kharab.,2,bad,hindi
aaj soup swaad ni si.,1,bad,punjabi
Really disgusting dessert.,2,bad,english
paneer tinte super anipinchindi.,5,good,telugu
uttapam jama swaad ni hai.,1,bad,punjabi
aaj sabzi mazza aa gaya si.,5,good,punjabi
da curry tasted gross.,1,bad,english
Eeroju sambar worst ga undi.,3,bad,telugu
sambar chala super.,5,good,telugu
soup bekaar lagya.,3,bad,punjabi
idli mazza aa gaya hai.,5,good,punjabi
aaj bhojanam ganda si.,1,bad,punjabi
Such a unpleasant bhatura.,1,bad,english
Ivattu dessert worst agide.,1,bad,kannada
i had a perfect idli.,5,good,english
bhatura badiya hai.,5,good,hindi
khana iz op.,5,good,english
ivattu bhatura chennagilla.,1,bad,kannada
khana pura sira hai.,5,good,punjabi
raita kettadagide.,1,bad,kannada
aaj chapati bekar si.,1,bad,punjabi
chutney was absolutely nice.,5,good,english
such a brilliant bhatura.,5,good,english
dessert asalu ruchi ledu.,1,bad,telugu
oota waste.,1,bad,telugu
i had a tasteless naan.,3,bad,english
khana tinte daridram anipinchindi.,1,bad,telugu
chapati pura att hai.,5,good,punjabi
ivattu sambar bekar.,1,bad,kannada
"Loved the rajma, it was outstanding.",5,good,english
khana matram kirrak.,5,good,telugu
egg curry super agide.,5,good,kannada
oota is great.,4,good,english
I had a bland mushroom masala.,2,bad,english
meal is amazing.,4,good,english
chicken full kettadagide.,1,bad,kannada
palak paneer tumba worst agide.,1,bad,kannada
poha bagundi.,5,good,telugu
chole kha ke maada feel hoya.,2,bad,punjabi
Ivattu upma chennagilla.,1,bad,kannada
raita ghaint hai.,5,good,punjabi
dessert ekdum sahi h hai.,5,good,hindi
rice tumba kettadagide.,1,bad,kannada
pulao fuddu hai.,2,bad,punjabi
Eeroju rajma worst ga undi.,2,bad,telugu
bhojanam khatam hai.,1,bad,punjabi
pulao chandalanga undi.,1,bad,telugu
pickle is disgusting.,1,bad,english
the dessert ws op.,4,good,english
really amazing upma.,5,good,english
dessert bekaar lagya.,1,bad,punjabi
sambar not good hai.,1,bad,hindi
aaj ka methi paratha bekaar tha.,1,bad,hindi
rajma chala chala baledu.,1,bad,telugu
dosa sakath.,5,good,kannada
bhojanam pura sira hai.,4,good,punjabi
salad badhiya hai.,5,good,hindi
puri bekaar hai.,1,bad,hindi
idli ekdum jhakaas hai.,5,good,hindi
rajma swaad lagya.,4,good,punjabi
aaj bhojanam mazza aa gaya si.,5,good,punjabi
aaj ka naan khatam tha.,1,bad,hindi
khana tinte waste anipinchindi.,1,bad,telugu
khana daridram.,2,bad,telugu
naan chetta.,2,bad,telugu
staff was absolutely unpleasant.,1,bad,english
breakfast bahut ghatiya hai.,1,bad,hindi
raita bekar hai.,2,bad,punjabi
paratha swadisht hai.,4,good,hindi
khichdi kha ke vadiya feel hoya.,5,good,punjabi
chicken nodoke mast agide.,4,good,kannada
chutney ghaint lagya.,5,good,punjabi
eeroju khana chandalanga undi.,1,bad,telugu
Really osm mess.,5,good,english
egg curry is pathetic.,1,bad,english
the chicken was wonderful.,4,good,english
bhatura kha ke maza aa gaya.,5,good,hindi
sambar nodoke ruchi illa.,2,bad,kannada
ivattu idli ruchi illa.,1,bad,kannada
khana chala baga chesaru.,4,good,telugu
The khana was worst.,2,bad,english
khana ekdum not good hai.,1,bad,hindi
Such a worst bhatura.,1,bad,english
khichdi ekdum lajawab hai.,5,good,hindi
the chapati was worst.,1,bad,english
curry kha ke mood kharab.,1,bad,hindi
"Hated the baingan bharta, it was worst.",3,bad,english
salad full mast agide.,5,good,kannada
egg curry chala kirrak.,4,good,telugu
mushroom masala full worst agide.,1,bad,kannada
curd chala super.,5,good,telugu
the rice was nasty.,3,bad,english
eeroju chicken baledu.,1,bad,telugu
idli asalu daridram.,1,bad,telugu
chicken is tasteless.,1,bad,english
sabzi maada hai.,1,bad,punjabi
palak paneer full waste.,2,bad,kannada
eeroju dinner bagundi.,5,good,telugu
biryani chetta.,1,bad,telugu
Eeroju butter chicken keka.,5,good,telugu
i had a nice paneer.,5,good,english
"loved the raita, it was perfect.",5,good,english
soup chala super.,5,good,telugu
curry nodoke tumba chennagide.,4,good,kannada
biryani tinte chala baledu anipinchindi.,1,bad,telugu
egg curry ekdum ghatiya hai.,3,bad,hindi
"hated the staff, it was gross.",3,bad,english
breakfast tinte asalu baledu anipinchindi.,2,bad,telugu
raita pura ghaint hai.,5,good,punjabi
fish curry kha ke maza aa gaya.,5,good,hindi
Such a horrible paratha.,1,bad,english
aloo gobi swaad hai.,5,good,punjabi
dessert thu.,1,bad,kannada
methi paratha thu.,2,bad,kannada
curd tinte kirrak anipinchindi.,5,good,telugu
naan chala chala baledu.,1,bad,telugu
fish curry nodoke sari illa.,3,bad,kannada
soup ek number hai.,5,good,hindi
The egg curry was perfect.,5,good,english
chutney nodoke bekar.,1,bad,kannada
da food tasted brilliant.,4,good,english
I had a op dinner.,5,good,english
really poor baingan bharta.,2,bad,english
idli pura changa hai.,5,good,punjabi
upma full bekar.,1,bad,kannada
vada full sari illa.,1,bad,kannada
chapati was absolutely osm.,5,good,english
vada chandalanga undi.,2,bad,telugu
eeroju fish curry chandalanga undi.,1,bad,telugu
such a unpleasant uttapam.,1,bad,english
lunch matram excellent ga undi.,5,good,telugu
the curry tasted excellent.,5,good,english
aaj khichdi ghaint si.,5,good,punjabi
vada nodoke sari illa.,2,bad,kannada
curd bahut vadiya hai.,5,good,punjabi
egg curry ekdum badiya hai.,5,good,hindi
khichdi tumba ruchi agide.,5,good,kannada
aloo gobi asalu baledu.,3,bad,telugu
sambar kha ke maza aa gaya.,5,good,hindi
food nodoke super agide.,5,good,kannada
paratha bahut zabardast hai.,4,good,hindi
butter chicken tumba tumba chennagide.,4,good,kannada
dessert tumba chennagilla.,3,bad,kannada
methi paratha nodoke thu.,2,bad,kannada
fish curry tumba kettadagide.,2,bad,kannada
Ivattu paratha kettadagide.,1,bad,kannada
aaj idli swaad ni si.,1,bad,punjabi
pickle baledu.,1,bad,telugu
pulao nodoke ruchi illa.,1,bad,kannada
khichdi is perfect.,4,good,english
aaj chole maada si.,1,bad,punjabi
chicken asalu asalu baledu.,2,bad,telugu
dessert kha ke mood kharab.,1,bad,hindi
da curd ws delicious.,5,good,english
mixed veg kharaab hai.,1,bad,hindi
breakfast was absolutely worst.,2,bad,english
bhatura matram ruchi ga undi.,4,good,telugu
biryani matram adhurs.,5,good,telugu
khana ekdum bekaar hai.,2,bad,hindi
vada bahut ek number hai.,4,good,hindi
Eeroju raita bagundi.,5,good,telugu
Really op sambar.,5,good,english
dosa tinte chala baledu anipinchindi.,2,bad,telugu
raita bekaar hai.,1,bad,hindi
roti kha ke swaad feel hoya.,5,good,punjabi
ivattu roti kettadagide.,2,bad,kannada
really brilliant butter chicken.,5,good,english
pickle att hai.,5,good,punjabi
palak paneer khatam hai.,2,bad,punjabi
sabzi is disgusting.,1,bad,english
"Loved the rice, it was superb.",4,good,english
i had a bland naan.,3,bad,english
ivattu pickle sari illa.,3,bad,kannada
raita pura changa hai.,4,good,punjabi
really unpleasant sabzi.,1,bad,english
The chapati tasted awful.,2,bad,english
breakfast kha ke mazza aa gaya feel hoya.,5,good,punjabi
"hated the staff, it was poor.",1,bad,english
Ivattu butter chicken ruchi illa.,1,bad,kannada
palak paneer tumba keka.,5,good,kannada
naan full chennagide.,4,good,kannada
meal daridram.,1,bad,telugu
chutney mast agide.,4,good,kannada
bhatura kha ke mood kharab.,2,bad,hindi
palak paneer bahut chii hai.,1,bad,hindi
pickle asalu chandalanga undi.,2,bad,telugu
The kadai chicken tasted nasty.,1,bad,english
dessert chala kirrak.,5,good,telugu
chicken kha ke mood kharab.,1,bad,hindi
curry full ruchi illa.,2,bad,kannada
chicken pura bahut vadiya hai.,5,good,punjabi
breakfast chetta.,1,bad,telugu
sambar bahut badhiya hai.,5,good,hindi
raita nodoke worst agide.,1,bad,kannada
curd was absolutely delicious.,5,good,english
khichdi not good hai.,2,bad,hindi
really brilliant breakfast.,4,good,english
aaj curd ganda si.,2,bad,punjabi
lunch full super agide.,5,good,kannada
dosa sari illa.,2,bad,kannada
breakfast swaad ni hai.,2,bad,punjabi
i had a great baingan bharta.,5,good,english
dosa kha ke mood kharab.,1,bad,hindi
mushroom masala chala baga chesaru.,4,good,telugu
dinner swaad lagya.,5,good,punjabi
methi paratha tinte worst ga undi anipinchindi.,2,bad,telugu
lunch awesome hai.,5,good,hindi
soup jama fuddu hai.,1,bad,punjabi
dessert excellent ga undi.,5,good,telugu
ivattu food super agide.,5,good,kannada
aaj curry fuddu si.,3,bad,punjabi
"loved the mushroom masala, it was tasty.",4,good,english
biryani kha ke sira feel hoya.,5,good,punjabi
Ivattu mushroom masala super agide.,5,good,kannada
rajma matram adhurs.,4,good,telugu
kadai chicken tumba bekar.,1,bad,kannada
khana kettadagide.,1,bad,kannada
dinner tinte excellent ga undi anipinchindi.,5,good,telugu
such a dreadful bhojanam.,2,bad,english
such a bland methi paratha.,1,bad,english
methi paratha tumba tumba chennagide.,5,good,kannada
idli pura sira hai.,4,good,punjabi
aaj ka idli zabardast tha.,5,good,hindi
sabzi waste.,1,bad,kannada
"hated the idli, it was worst.",1,bad,english
bhatura waste hai.,1,bad,hindi
methi paratha jama fuddu hai.,1,bad,punjabi
dal baledu.,3,bad,telugu
da breakfast was tasty.,5,good,english
aaj ka curry kharaab tha.,2,bad,hindi
dosa jama swaad ni hai.,2,bad,punjabi
the chicken tasted poor.,3,bad,english
upma matram keka.,5,good,telugu
egg curry bahut awesome hai.,5,good,hindi
pickle kha ke mood kharab.,1,bad,hindi
khana kha ke mood kharab.,2,bad,hindi
dal tumba kettadagide.,1,bad,kannada
dosa tinte kirrak anipinchindi.,5,good,telugu
methi paratha mazza aa gaya lagya.,5,good,punjabi
sabzi bahut bakwas hai.,1,bad,hindi
aloo gobi bahut vadiya lagya.,4,good,punjabi
bhatura nodoke kettadagide.,1,bad,kannada
Such a nice dinner.,5,good,english
ivattu kadai chicken keka.,4,good,kannada
dinner chala bagundi.,5,good,telugu
Eeroju curd ruchi ledu.,1,bad,telugu
aaj bhatura ghaint si.,5,good,punjabi
khichdi ruchi illa.,2,bad,kannada
raita full mast agide.,4,good,kannada
da vibe tasted perfect.,5,good,english
dessert matram chala bagundi.,5,good,telugu
paneer jama fuddu hai.,1,bad,punjabi
sambar ekdum khatam hai.,1,bad,hindi
aaj ka puri bekaar tha.,1,bad,hindi
chicken asalu chetta.,3,bad,telugu
lunch bagundi.,4,good,telugu
chicken jama maada hai.,1,bad,punjabi
naan kha ke ganda feel hoya.,1,bad,punjabi
chicken matram ruchi ga undi.,5,good,telugu
paneer ws absolutely fantastic.,5,good,english
aaj ka palak paneer waste tha.,1,bad,hindi
uttapam kha ke maza aa gaya.,5,good,hindi
mushroom masala matram baga chesaru.,5,good,telugu
dal makhani ruchi illa.,2,bad,kannada
The dal was osm.,4,good,english
naan asalu baledu.,1,bad,telugu
mushroom masala pura bahut vadiya hai.,5,good,punjabi
idli jama bekaar hai.,2,bad,punjabi
bhojanam ek number hai.,5,good,hindi
really poor upma.,1,bad,english
fish curry tumba keka.,5,good,kannada
ivattu biryani sari illa.,2,bad,kannada
really op baingan bharta.,5,good,english
chapati kha ke maza aa gaya.,4,good,hindi
roti matram keka.,5,good,telugu
oota bahut khatam hai.,2,bad,hindi
mushroom masala khatam hai.,1,bad,punjabi
aloo gobi full sari illa.,1,bad,kannada
I had a amazing idli.,5,good,english
egg curry kha ke khatam feel hoya.,2,bad,punjabi
aaj ka vada mood kharab tha.,1,bad,hindi
khana bahut waste hai.,1,bad,hindi
lunch tumba sakath.,4,good,kannada
aaj ka baingan bharta khatam tha.,2,bad,hindi
"Loved the chole, it was brilliant.",5,good,english
uttapam bakwaas hai.,3,bad,punjabi
rice is poor.,1,bad,english
curd adhurs.,5,good,telugu
aaj dosa mazza aa gaya si.,4,good,punjabi
roti ekdum kharaab hai.,2,bad,hindi
raita was absolutely awful.,1,bad,english
naan kha ke mood kharab.,1,bad,hindi
mushroom masala swaad ni lagya.,1,bad,punjabi
sabzi jama bekar hai.,1,bad,punjabi
dosa kha ke khatam feel hoya.,1,bad,punjabi
da methi paratha ws bland.,1,bad,english
salad was absolutely brilliant.,4,good,english
roti kha ke fuddu feel hoya.,1,bad,punjabi
Really gross raita.,1,bad,english
chicken bahut vadiya hai.,5,good,punjabi
such a good dal.,5,good,english
Eeroju rice excellent ga undi.,5,good,telugu
lunch chandalanga undi.,2,bad,telugu
breakfast kha ke mood kharab.,2,bad,hindi
raita vadiya hai.,5,good,punjabi
food kha ke mood kharab.,3,bad,hindi
biryani asalu ruchi ledu.,1,bad,telugu
the biryani was gross.,2,bad,english
aaj ka chapati not good tha.,3,bad,hindi
biryani bakwaas lagya.,2,bad,punjabi
mushroom masala swaad ni hai.,2,bad,punjabi
paratha fuddu hai.,1,bad,punjabi
The pulao was delicious.,5,good,english
curry keka.,5,good,kannada
egg curry tinte excellent ga undi anipinchindi.,5,good,telugu
Eeroju khichdi ruchi ga undi.,4,good,telugu
Such a horrible lunch.,3,bad,english
such a fantastic mess.,5,good,english
upma jama swaad ni hai.,1,bad,punjabi
lunch full keka.,4,good,kannada
kadai chicken kha ke bakwaas feel hoya.,1,bad,punjabi
fish curry chala daridram.,1,bad,telugu
I had a lovely paneer.,5,good,english
sabzi pura mazza aa gaya hai.,4,good,punjabi
The staff was brilliant.,5,good,english
I had a unpleasant khana.,1,bad,english
aaj paratha bekaar si.,2,bad,punjabi
rajma was absolutely op.,5,good,english
"Loved the atmosphere, it was nice.",5,good,english
bhojanam nodoke ruchi agide.,4,good,kannada
ivattu sambar kettadagide.,1,bad,kannada
curry full keka.,5,good,kannada
khichdi changa hai.,5,good,punjabi
aaj ka raita not good tha.,2,bad,hindi
vada ekdum swadisht hai.,5,good,hindi
fish curry bekaar lagya.,2,bad,punjabi
chapati full thu.,2,bad,kannada
ivattu aloo gobi super agide.,5,good,kannada
Such a unpleasant egg curry.,1,bad,english
butter chicken was absolutely amazing.,4,good,english
poha nodoke sakath.,4,good,kannada
soup kha ke maza aa gaya.,5,good,hindi
salad kha ke mood kharab.,3,bad,hindi
eeroju chapati bagundi.,4,good,telugu
baingan bharta pura sira hai.,5,good,punjabi
dal makhani full bombat.,5,good,kannada
eeroju upma bagundi.,5,good,telugu
oota pura ghaint hai.,4,good,punjabi
chutney chala excellent ga undi.,4,good,telugu
dinner bahut jhakaas hai.,4,good,hindi
roti chala chala baledu.,1,bad,telugu
vada changa hai.,5,good,punjabi
oota chala baga chesaru.,4,good,telugu
Ivattu food chennagide.,4,good,kannada
curry fuddu hai.,2,bad,punjabi
khichdi kha ke maza aa gaya.,5,good,hindi
"hated the paratha, it was horrible.",1,bad,english
dal makhani kha ke mood kharab.,2,bad,hindi
paratha bombat.,4,good,kannada
raita ekdum lajawab hai.,5,good,hindi
upma chala ruchi ledu.,1,bad,telugu
dinner kha ke ganda feel hoya.,1,bad,punjabi
dosa daridram.,1,bad,telugu
chutney swadisht hai.,4,good,hindi
mixed veg full sari illa.,2,bad,kannada
curd tumba bombat.,5,good,kannada
baingan bharta bekar hai.,3,bad,hindi
meal matram bagundi.,5,good,telugu
pickle changa lagya.,5,good,punjabi
naan sahi hai hai.,5,good,hindi
fish curry full chennagide.,5,good,kannada
"Hated the khichdi, it ws pathetic.",3,bad,english
khana sari illa.,1,bad,kannada
aloo gobi jama bakwaas hai.,1,bad,punjabi
the soup was terrible.,2,bad,english
ivattu curry chennagide.,5,good,kannada
eeroju methi paratha excellent ga undi.,4,good,telugu
such a pathetic curd.,2,bad,english
The mess tasted tasty.,5,good,english
aaj ka egg curry swadisht tha.,5,good,hindi
chole jama bakwaas hai.,1,bad,punjabi
idli chala kirrak.,5,good,telugu
Eeroju kadai chicken chala baledu.,1,bad,telugu
"hated the roti, it was terrible.",2,bad,english
kadai chicken full chennagilla.,1,bad,kannada
biryani baga chesaru.,5,good,telugu
the sambar was amazing.,5,good,english
pulao jama ganda hai.,1,bad,punjabi
curd bahut jhakaas hai.,4,good,hindi
"hated the poha, it was bad.",1,bad,english
Eeroju mixed veg adhurs.,4,good,telugu
The oota was tasteless.,2,bad,english
dal makhani nodoke bekar.,2,bad,kannada
Such a delicious aloo gobi.,5,good,english
"hated the salad, it ws awful.",1,bad,english
egg curry was absolutely terrible.,1,bad,english
breakfast super.,4,good,telugu
eeroju fish curry bagundi.,4,good,telugu
raita chala worst ga undi.,2,bad,telugu
dinner ekdum bekaar hai.,2,bad,hindi
pulao is bland.,2,bad,english
I had a horrible place.,1,bad,english
chicken full sakath.,4,good,kannada
dessert kha ke bekar feel hoya.,1,bad,punjabi
mixed veg kha ke mood kharab.,2,bad,hindi
roti chala adhurs.,5,good,telugu
paneer bagundi.,5,good,telugu
aaj pickle maada si.,1,bad,punjabi
chutney full thu.,2,bad,kannada
Really good poha.,5,good,english
really poor dal makhani.,2,bad,english
chutney pura mazza aa gaya hai.,5,good,punjabi
"Loved the puri, it was fantastic.",5,good,english
Ivattu sambar ruchi agide.,5,good,kannada
dessert ruchi ga undi.,5,good,telugu
oota chala asalu baledu.,2,bad,telugu
fish curry ekdum gazab hai.,5,good,hindi
chole bahut ek number hai.,5,good,hindi
khichdi tumba thu.,2,bad,kannada
sambar is great.,5,good,english
chicken full bombat.,5,good,kannada
aaj paneer bekar si.,1,bad,punjabi
Eeroju khana chetta.,3,bad,telugu
salad bahut swadisht hai.,4,good,hindi
naan nodoke ruchi agide.,5,good,kannada
Ivattu uttapam chennagilla.,1,bad,kannada
curd full worst agide.,1,bad,kannada
curd full super agide.,4,good,kannada
uttapam bakwas hai.,1,bad,hindi
breakfast full ruchi agide.,4,good,kannada
kadai chicken chala adhurs.,5,good,telugu
eeroju dosa kirrak.,5,good,telugu
chutney asalu asalu baledu.,2,bad,telugu
baingan bharta chala excellent ga undi.,5,good,telugu
chole kha ke mood kharab.,1,bad,hindi
uttapam full bekar.,1,bad,kannada
breakfast kha ke maza aa gaya.,5,good,hindi
aaj vada ganda si.,3,bad,punjabi
pickle jama bakwaas hai.,1,bad,punjabi
da poha tasted unpleasant.,2,bad,english
pickle tinte keka anipinchindi.,4,good,telugu
kadai chicken chala daridram.,1,bad,telugu
sabzi full chennagilla.,1,bad,kannada
dosa ghaint lagya.,5,good,punjabi
aaj roti mazza aa gaya si.,5,good,punjabi
chapati tinte chetta anipinchindi.,1,bad,telugu
curd tumba tumba chennagide.,5,good,kannada
rice tumba chennagilla.,1,bad,kannada
naan full sakath.,5,good,kannada
aaj ka dessert mood kharab tha.,2,bad,hindi
oota mast hai.,4,good,hindi
khana nodoke chennagilla.,1,bad,kannada
chicken ekdum badiya hai.,5,good,hindi
"Hated the lunch, it was disgusting.",2,bad,english
kadai chicken excellent ga undi.,4,good,telugu
fish curry swaad ni hai.,1,bad,punjabi
aaj curry bahut vadiya si.,5,good,punjabi
paratha kha ke mood kharab.,3,bad,hindi
egg curry asalu chandalanga undi.,2,bad,telugu
the naan tasted perfect.,5,good,english
Really perfect dal makhani.,5,good,english
paneer kha ke maza aa gaya.,4,good,hindi
aaj ka aloo gobi gazab tha.,5,good,hindi
uttapam tinte bagundi anipinchindi.,5,good,telugu
i had a horrible food.,1,bad,english
aaj ka sabzi mast tha.,5,good,hindi
paratha nodoke waste.,2,bad,kannada
such a amazing raita.,5,good,english
biryani tumba worst agide.,2,bad,kannada
idli kha ke bekaar feel hoya.,1,bad,punjabi
meal jama maada hai.,1,bad,punjabi
rajma bahut bekar hai.,1,bad,hindi
"loved the biryani, it was osm.",5,good,english
Such a osm baingan bharta.,5,good,english
roti kha ke maza aa gaya.,4,good,hindi
pickle kha ke mood kharab.,1,bad,hindi
"Hated the bhojanam, it was poor.",1,bad,english
chapati ruchi agide.,4,good,kannada
mixed veg mast hai.,5,good,hindi
butter chicken keka.,5,good,telugu
dal zabardast hai.,5,good,hindi
ivattu dosa worst agide.,1,bad,kannada
palak paneer tinte bagundi anipinchindi.,5,good,telugu
pulao matram chala bagundi.,4,good,telugu
rice was absolutely nice.,5,good,english
dessert bekar hai.,1,bad,hindi
aaj dal bekar si.,1,bad,punjabi
The dal was awful.,2,bad,english
aaj ka bhojanam waste tha.,1,bad,hindi
naan full sakath.,5,good,kannada
methi paratha waste.,1,bad,kannada
chapati kha ke swaad feel hoya.,5,good,punjabi
chutney tinte chetta anipinchindi.,2,bad,telugu
vada was absolutely op.,5,good,english
aaj ka methi paratha zabardast tha.,4,good,hindi
The methi paratha was wonderful.,5,good,english
vada bahut gazab hai.,5,good,hindi
Really poor paneer.,1,bad,english
pulao tinte bagundi anipinchindi.,5,good,telugu
bhatura tumba kettadagide.,1,bad,kannada
"hated the biryani, it was disgusting.",1,bad,english
egg curry kha ke maza aa gaya.,5,good,hindi
such a nasty chicken.,1,bad,english
salad ws absolutely tasteless.,3,bad,english
fish curry full kettadagide.,1,bad,kannada
paneer nodoke thu.,1,bad,kannada
kadai chicken kha ke khatam feel hoya.,1,bad,punjabi
Ivattu mushroom masala mast agide.,5,good,kannada
puri kha ke mood kharab.,1,bad,hindi
eeroju chapati chala bagundi.,5,good,telugu
such a terrible vada.,1,bad,english
idli not good hai.,2,bad,hindi
chicken ruchi ledu.,2,bad,telugu
pulao tinte asalu baledu anipinchindi.,1,bad,telugu
bhojanam swaad ni lagya.,3,bad,punjabi
food nodoke ruchi illa.,3,bad,kannada
paratha full mast agide.,5,good,kannada
Ivattu dinner worst agide.,2,bad,kannada
rice kha ke bahut vadiya feel hoya.,4,good,punjabi
really awful dinner.,1,bad,english
poha tumba chennagilla.,1,bad,kannada
the vada was terrible.,1,bad,english
dinner bahut bekar hai.,1,bad,hindi
upma full kettadagide.,1,bad,kannada
paratha sahi hai hai.,5,good,hindi
aaj ka sabzi zabardast tha.,5,good,hindi
The mess was dreadful.,1,bad,english
mixed veg bahut gazab hai.,5,good,hindi
dessert full thu.,1,bad,kannada
chicken chala chala bagundi.,5,good,telugu
aaj ka paneer mood kharab tha.,1,bad,hindi
dal tinte ruchi ga undi anipinchindi.,5,good,telugu
bhatura jama bekaar hai.,2,bad,punjabi
chutney sira lagya.,5,good,punjabi
eeroju paneer bagundi.,5,good,telugu
khana tumba tumba chennagide.,5,good,kannada
I had a fantastic pulao.,5,good,english
methi paratha nodoke worst agide.,1,bad,kannada
bhatura ekdum bekar hai.,3,bad,hindi
chicken ruchi agide.,4,good,kannada
rice was absolutely tasteless.,1,bad,english
eeroju bhojanam baledu.,2,bad,telugu
food nodoke worst agide.,1,bad,kannada
salad daridram.,2,bad,telugu
aaj dessert bakwaas si.,1,bad,punjabi
rajma att lagya.,5,good,punjabi
rice kha ke mood kharab.,1,bad,hindi
methi paratha kha ke maza aa gaya.,5,good,hindi
curd ekdum waste hai.,1,bad,hindi
khichdi kha ke khatam feel hoya.,1,bad,punjabi
really nasty raita.,1,bad,english
khana bahut sahi hai hai.,4,good,hindi
mixed veg full sakath.,5,good,kannada
really good palak paneer.,5,good,english
fish curry ruchi agide.,5,good,kannada
Really nice mess.,5,good,english
mixed veg ganda hai.,1,bad,punjabi
dal matram super.,5,good,telugu
food chala worst ga undi.,1,bad,telugu
dal maada lagya.,1,bad,punjabi
chapati ghaint hai.,5,good,punjabi
ivattu poha sakath.,5,good,kannada
paratha full worst agide.,1,bad,kannada
lunch full thu.,2,bad,kannada
kadai chicken tinte chandalanga undi anipinchindi.,2,bad,telugu
rajma is horrible.,1,bad,english
roti bahut kharaab hai.,1,bad,hindi
baingan bharta vadiya lagya.,5,good,punjabi
dessert kha ke mood kharab.,1,bad,hindi
mushroom masala bahut ghatiya hai.,1,bad,hindi
really poor puri.,2,bad,english
Such a osm lunch.,5,good,english
biryani chii hai.,1,bad,hindi
puri is perfect.,5,good,english
biryani waste.,1,bad,kannada
the naan tasted terrible.,1,bad,english
food bahut zabardast hai.,4,good,hindi
dal makhani chala chala baledu.,2,bad,telugu
mixed veg tumba waste.,1,bad,kannada
the biryani was op.,5,good,english
idli jama bekaar hai.,2,bad,punjabi
sabzi matram kirrak.,5,good,telugu
Eeroju mushroom masala chandalanga undi.,1,bad,telugu
aaj ka idli sahi hai tha.,4,good,hindi
soup kha ke bahut vadiya feel hoya.,5,good,punjabi
aloo gobi tumba ruchi agide.,4,good,kannada
dessert chala kirrak.,4,good,telugu
aloo gobi is bad.,1,bad,english
Eeroju paratha chandalanga undi.,2,bad,telugu
aaj ka rice bekar tha.,1,bad,hindi
raita chala ruchi ga undi.,5,good,telugu
bhatura bekaar lagya.,1,bad,punjabi
vada chala daridram.,1,bad,telugu
butter chicken tinte chala baledu anipinchindi.,3,bad,telugu
"Hated the kadai chicken, it was disgusting.",1,bad,english
pickle full thu.,1,bad,kannada
curd bahut not good hai.,1,bad,hindi
chapati tinte daridram anipinchindi.,2,bad,telugu
rajma pura changa hai.,5,good,punjabi
eeroju dessert keka.,5,good,telugu
breakfast asalu chetta.,1,bad,telugu
sambar bahut ek number hai.,5,good,hindi
Eeroju chicken baledu.,1,bad,telugu
baingan bharta jama fuddu hai.,2,bad,punjabi
aloo gobi chala bagundi.,5,good,telugu
kadai chicken ekdum kharaab hai.,2,bad,hindi
dal makhani khatam hai.,1,bad,hindi
aaj ka mushroom masala jhakaas tha.,4,good,hindi
Eeroju dinner keka.,5,good,telugu
roti ekdum chii hai.,3,bad,hindi
biryani bakwaas lagya.,1,bad,punjabi
the khichdi tasted wonderful.,4,good,english
food tinte ruchi ga undi anipinchindi.,5,good,telugu
aaj lunch swaad ni si.,2,bad,punjabi
aaj pulao bahut vadiya si.,5,good,punjabi
aaj rice swaad ni si.,1,bad,punjabi
khana bagundi.,4,good,telugu
egg curry jama swaad ni hai.,1,bad,punjabi
biryani matram kirrak.,5,good,telugu
puri is awful.,2,bad,english
paneer nodoke kettadagide.,2,bad,kannada
aaj soup swaad si.,5,good,punjabi
mixed veg sira hai.,5,good,punjabi
poha chala waste.,1,bad,telugu
dal pura changa hai.,4,good,punjabi
the pulao tasted bad.,3,bad,english
curd maada lagya.,2,bad,punjabi
the quality tasted wonderful.,5,good,english
The khana tasted excellent.,4,good,english
The idli was delicious.,5,good,english
puri is poor.,1,bad,english
the paratha tasted lovely.,4,good,english
naan kha ke maza aa gaya.,4,good,hindi
the dal makhani was op.,4,good,english
pulao tinte excellent ga undi anipinchindi.,4,good,telugu
roti tumba tumba chennagide.,5,good,kannada
aloo gobi mast hai.,5,good,hindi
aaj ka chapati jhakaas tha.,4,good,hindi
The meal tasted good.,5,good,english
idli nodoke bekar.,1,bad,kannada
butter chicken jhakaas hai.,5,good,hindi
aaj fish curry att si.,5,good,punjabi
aaj bhojanam bekaar si.,1,bad,punjabi
aaj soup bahut vadiya si.,5,good,punjabi
da poha was tasty.,5,good,english
ivattu breakfast sari illa.,3,bad,kannada
uttapam bahut swadisht hai.,5,good,hindi
aaj khana ghaint si.,5,good,punjabi
chole pura vadiya hai.,5,good,punjabi
palak paneer bahut bakwas hai.,1,bad,hindi
"Loved the sambar, it was osm.",5,good,english
curry full mast agide.,5,good,kannada
kadai chicken att lagya.,4,good,punjabi
uttapam bahut bekaar hai.,2,bad,hindi
khichdi tumba bekar.,2,bad,kannada
chutney ekdum sahi hai hai.,5,good,hindi
butter chicken full worst agide.,2,bad,kannada
the breakfast was op.,5,good,english
breakfast jama maada hai.,2,bad,punjabi
chapati tumba tumba chennagide.,4,good,kannada
roti ganda lagya.,1,bad,punjabi
methi paratha chala daridram.,3,bad,telugu
Eeroju dessert ruchi ga undi.,5,good,telugu
aaj ka pulao bekaar tha.,2,bad,hindi
vada is poor.,1,bad,english
salad chala keka.,4,good,telugu
The puri was worst.,1,bad,english
puri bekaar hai.,1,bad,punjabi
naan was absolutely superb.,4,good,english
paratha is dreadful.,2,bad,english
pulao bahut mood kharab hai.,3,bad,hindi
the pickle ws poor.,1,bad,english
the soup ws nasty.,1,bad,english
chole worst agide.,1,bad,kannada
meal bekar hai.,2,bad,punjabi
aaj ka naan mood kharab tha.,2,bad,hindi
lunch bahut mood kharab hai.,1,bad,hindi
rice chala chetta.,1,bad,telugu
chapati ghaint lagya.,4,good,punjabi
aaj chapati changa si.,4,good,punjabi
rajma full ruchi illa.,3,bad,kannada
breakfast bahut awesome hai.,5,good,hindi
biryani bahut mood kharab hai.,1,bad,hindi
ivattu poha bombat.,5,good,kannada
egg curry mazza aa gaya hai.,5,good,punjabi
chole bahut ek number hai.,5,good,hindi
naan att hai.,5,good,punjabi
dessert asalu baledu.,1,bad,telugu
sabzi matram baga chesaru.,4,good,telugu
mixed veg was absolutely worst.,1,bad,english
salad changa lagya.,4,good,punjabi
bhojanam maada lagya.,2,bad,punjabi
dessert maada lagya.,1,bad,punjabi
i had a worst paratha.,1,bad,english
Ivattu uttapam ruchi illa.,1,bad,kannada
poha tumba bekar.,1,bad,kannada
rice kha ke sira feel hoya.,5,good,punjabi
idli kha ke changa feel hoya.,4,good,punjabi
vada pura vadiya hai.,5,good,punjabi
dosa kharaab hai.,1,bad,hindi
salad was absolutely horrible.,1,bad,english
rice tumba kettadagide.,1,bad,kannada
Ivattu pickle waste.,3,bad,kannada
uttapam asalu asalu baledu.,2,bad,telugu
paneer bahut khatam hai.,1,bad,hindi
mixed veg tinte waste anipinchindi.,3,bad,telugu
aaj bhojanam sira si.,5,good,punjabi
dal makhani bahut chii hai.,2,bad,hindi
aloo gobi kha ke maza aa gaya.,5,good,hindi
palak paneer is fantastic.,5,good,english
uttapam ghaint lagya.,5,good,punjabi
idli tumba mast agide.,5,good,kannada
khichdi full ruchi illa.,1,bad,kannada
curd kha ke maza aa gaya.,5,good,hindi
chutney mood kharab hai.,1,bad,hindi
puri was absolutely horrible.,1,bad,english
ivattu vada bekar.,1,bad,kannada
paratha asalu ruchi ledu.,1,bad,telugu
aaj bhatura fuddu si.,2,bad,punjabi
idli ghatiya hai.,2,bad,hindi
eeroju khana chala bagundi.,4,good,telugu
butter chicken ganda lagya.,2,bad,punjabi
I had a excellent naan.,5,good,english
aaj ka dal makhani waste tha.,3,bad,hindi
bhojanam worst agide.,1,bad,kannada
chutney sakath.,4,good,kannada
ivattu bhatura chennagilla.,1,bad,kannada
Ivattu rajma ruchi illa.,2,bad,kannada
dessert pura att hai.,5,good,punjabi
aaj fish curry ghaint si.,4,good,punjabi
palak paneer ghaint lagya.,5,good,punjabi
Eeroju naan bagundi.,4,good,telugu
fish curry badhiya hai.,5,good,hindi
fish curry bahut badhiya hai.,5,good,hindi
pulao ekdum kharaab hai.,1,bad,hindi
"Hated the sambar, it ws unpleasant.",1,bad,english
chapati swaad lagya.,5,good,punjabi
i had a outstanding paratha.,5,good,english
upma is poor.,1,bad,english
bhojanam is brilliant.,5,good,english
dal makhani asalu baledu.,1,bad,telugu
aaj dessert bahut vadiya si.,5,good,punjabi
aaj ka uttapam awesome tha.,4,good,hindi
aaj uttapam mazza aa gaya si.,5,good,punjabi
Eeroju naan super.,4,good,telugu
sambar bahut chii hai.,1,bad,hindi
dal bekaar hai.,1,bad,hindi
naan kha ke maza aa gaya.,5,good,hindi
really great paneer.,5,good,english
ivattu biryani bekar.,2,bad,kannada
chicken nodoke waste.,1,bad,kannada
chicken chala ruchi ledu.,1,bad,telugu
bhatura lajawab hai.,4,good,hindi
aaj bhatura fuddu si.,1,bad,punjabi
paratha jama bekar hai.,1,bad,punjabi
sambar matram adhurs.,4,good,telugu
dessert tumba bekar.,1,bad,kannada
Ivattu salad kettadagide.,1,bad,kannada
naan matram adhurs.,5,good,telugu
sambar kha ke swaad ni feel hoya.,1,bad,punjabi
meal ekdum khatam hai.,2,bad,hindi
oota bekaar lagya.,1,bad,punjabi
chicken ekdum not gud hai.,3,bad,hindi
aaj ka food badhiya tha.,4,good,hindi
da khichdi tasted wonderful.,4,good,english
The palak paneer tasted bad.,3,bad,english
khichdi chala worst ga undi.,1,bad,telugu
rajma jama bakwaas hai.,2,bad,punjabi
chapati bakwas hai.,1,bad,hindi
curd nodoke chennagilla.,2,bad,kannada
pulao nodoke waste.,2,bad,kannada
paratha nodoke keka.,5,good,kannada
vada ekdum kharaab hai.,2,bad,hindi
quality iz gross.,1,bad,english
eeroju idli chala bagundi.,4,good,telugu
aaj ka dinner chii tha.,2,bad,hindi
salad nodoke thu.,2,bad,kannada
fish curry full keka.,5,good,kannada
dosa mast hai.,4,good,hindi
idli bahut chii hai.,2,bad,hindi
egg curry bekar.,2,bad,kannada
uttapam is op.,5,good,english
dosa asalu chetta.,1,bad,telugu
sambar pura bahut vadiya hai.,5,good,punjabi
uttapam bekar lagya.,2,bad,punjabi
rice tinte chetta anipinchindi.,1,bad,telugu
Eeroju breakfast kirrak.,5,good,telugu
dosa bagundi.,4,good,telugu
baingan bharta tumba sakath.,5,good,kannada
fish curry nodoke chennagide.,4,good,kannada
curry pura mazza aa gaya hai.,4,good,punjabi
dinner pura changa hai.,5,good,punjabi
ivattu kadai chicken ruchi illa.,1,bad,kannada
mushroom masala pura mazza aa gaya hai.,5,good,punjabi
khana kha ke maza aa gaya.,5,good,hindi
"loved the dosa, it was tasty.",5,good,english
rajma chala baledu.,1,bad,telugu
dosa full ruchi agide.,4,good,kannada
soup tinte bagundi anipinchindi.,4,good,telugu
aaj ka khana mood kharab tha.,1,bad,hindi
i had a amazing khichdi.,5,good,english
puri ghaint hai.,5,good,punjabi
mushroom masala waste.,2,bad,kannada
really good butter chicken.,5,good,english
really bland dessert.,1,bad,english
idli ghaint hai.,5,good,punjabi
The paneer tasted osm.,4,good,english
mushroom masala bagundi.,5,good,telugu
chutney swadisht hai.,5,good,hindi
bhojanam ekdum bekaar hai.,2,bad,hindi
pickle matram adhurs.,5,good,telugu
Eeroju roti adhurs.,4,good,telugu
Really outstanding naan.,5,good,english
breakfast bahut not good hai.,1,bad,hindi
baingan bharta jama bekaar hai.,1,bad,punjabi
i had a unpleasant egg curry.,1,bad,english
soup matram adhurs.,5,good,telugu
I had a tasty methi paratha.,5,good,english
food chii hai.,1,bad,hindi
vada matram baga chesaru.,5,good,telugu
"hated the vada, it was unpleasant.",3,bad,english
poha fuddu hai.,2,bad,punjabi
I had a tasty paneer.,5,good,english
aaj mixed veg sira si.,5,good,punjabi
rice bekaar lagya.,2,bad,punjabi
I had a bland baingan bharta.,2,bad,english
soup tinte chetta anipinchindi.,2,bad,telugu
aaj ka oota awesome tha.,4,good,hindi
meal chala ruchi ga undi.,5,good,telugu
aloo gobi asalu waste.,1,bad,telugu
paratha bagundi.,5,good,telugu
breakfast ruchi ledu.,1,bad,telugu
aaj breakfast changa si.,5,good,punjabi
egg curry jhakaas hai.,5,good,hindi
pickle jama bekar hai.,1,bad,punjabi
dal makhani kha ke ghaint feel hoya.,5,good,punjabi
sabzi kha ke sira feel hoya.,4,good,punjabi
The meal tasted excellent.,5,good,english
egg curry bahut ghatiya hai.,1,bad,hindi
eeroju sabzi baga chesaru.,4,good,telugu
da khana tasted outstanding.,5,good,english
the upma was disgusting.,1,bad,english
biryani chala kirrak.,5,good,telugu
Ivattu butter chicken tumba chennagide.,5,good,kannada
palak paneer is unpleasant.,1,bad,english
poha kha ke swaad ni feel hoya.,2,bad,punjabi
idli kha ke maza aa gaya.,5,good,hindi
paratha ekdum ghatiya hai.,2,bad,hindi
rajma chala asalu baledu.,1,bad,telugu
upma zabardast hai.,5,good,hindi
the place tasted terrible.,1,bad,english
really good rajma.,4,good,english
paratha tumba chennagide.,4,good,kannada
mushroom masala tinte excellent ga undi anipinchindi.,5,good,telugu
chole tinte super anipinchindi.,5,good,telugu
eeroju butter chicken bagundi.,5,good,telugu
I had a great rajma.,5,good,english
mixed veg kha ke ghaint feel hoya.,5,good,punjabi
the service ws op.,4,good,english
Really gross chapati.,1,bad,english
Eeroju khana adhurs.,5,good,telugu
the sambar tasted great.,4,good,english
mushroom masala bagundi.,4,good,telugu
lunch chennagilla.,1,bad,kannada
paratha tinte kirrak anipinchindi.,5,good,telugu
uttapam badiya hai.,5,good,hindi
the bhojanam was terrible.,2,bad,english
"hated the rajma, it was bland.",1,bad,english
Really nice curry.,4,good,english
poha sahi hai hai.,5,good,hindi
Ivattu aloo gobi bekar.,1,bad,kannada
Eeroju chutney adhurs.,5,good,telugu
biryani tumba bombat.,5,good,kannada
fish curry full sari illa.,1,bad,kannada
eeroju puri chandalanga undi.,3,bad,telugu
i had a terrible rice.,1,bad,english
soup chala ruchi ga undi.,5,good,telugu
"loved the dal, it ws fantastic.",5,good,english
roti baledu.,1,bad,telugu
palak paneer kha ke khatam feel hoya.,3,bad,punjabi
chole bahut zabardast hai.,5,good,hindi
dal makhani is poor.,2,bad,english
oota bahut badiya hai.,5,good,hindi
raita jama bakwaas hai.,1,bad,punjabi
chapati tinte asalu baledu anipinchindi.,1,bad,telugu
really fantastic naan.,5,good,english
dal pura bahut vadiya hai.,4,good,punjabi
aaj meal att si.,5,good,punjabi
khana bahut swadisht hai.,4,good,hindi
idli adhurs.,4,good,telugu
palak paneer nodoke chennagide.,4,good,kannada
dal makhani fuddu lagya.,2,bad,punjabi
bhatura chala ruchi ga undi.,5,good,telugu
soup bekaar hai.,2,bad,hindi
oota pura bahut vadiya hai.,4,good,punjabi
The dal makhani tasted good.,4,good,english
curry bahut badiya hai.,5,good,hindi
poha chandalanga undi.,2,bad,telugu
baingan bharta bakwaas hai.,2,bad,punjabi
palak paneer changa hai.,4,good,punjabi
egg curry nodoke waste.,2,bad,kannada
curry tumba ruchi agide.,4,good,kannada
The naan tasted brilliant.,4,good,english
ivattu dal chennagide.,4,good,kannada
dessert bekar lagya.,1,bad,punjabi
meal baledu.,1,bad,telugu
chapati ganda lagya.,2,bad,punjabi
upma tinte chala baledu anipinchindi.,2,bad,telugu
fish curry bahut badhiya hai.,5,good,hindi
mixed veg bahut awesome hai.,5,good,hindi
the roti tasted delicious.,4,good,english
roti bahut ek number hai.,4,good,hindi
kadai chicken chandalanga undi.,1,bad,telugu
food nodoke chennagilla.,2,bad,kannada
fish curry waste hai.,1,bad,hindi
eeroju dal makhani adhurs.,4,good,telugu
"Loved the kadai chicken, it was fantastic.",5,good,english
aaj ka sambar badhiya tha.,4,good,hindi
naan ghaint hai.,5,good,punjabi
poha kha ke att feel hoya.,5,good,punjabi
breakfast full ruchi illa.,2,bad,kannada
"hated the paratha, it was disgusting.",2,bad,english
khichdi asalu chala baledu.,1,bad,telugu
baingan bharta kha ke khatam feel hoya.,2,bad,punjabi
aaj ka methi paratha lajawab tha.,4,good,hindi
breakfast gazab hai.,5,good,hindi
such a good mixed veg.,5,good,english
aaj ka chicken zabardast tha.,5,good,hindi
chutney chala ruchi ledu.,1,bad,telugu
aaj ka baingan bharta mast tha.,5,good,hindi
Eeroju idli chandalanga undi.,2,bad,telugu
uttapam waste.,2,bad,telugu
bhatura badiya hai.,4,good,hindi
naan bahut mood kharab hai.,1,bad,hindi
aaj ka mushroom masala mast tha.,4,good,hindi
khana kha ke bekaar feel hoya.,1,bad,punjabi
Eeroju sambar adhurs.,4,good,telugu
pulao full bombat.,5,good,kannada
raita tumba waste.,1,bad,kannada
rajma full sakath.,5,good,kannada
Such a wonderful dal.,5,good,english
fish curry matram ruchi ga undi.,5,good,telugu
rice nodoke kettadagide.,1,bad,kannada
sabzi ekdum bakwas hai.,1,bad,hindi
the mess tasted amazing.,5,good,english
khichdi full ruchi illa.,2,bad,kannada
sambar asalu baledu.,2,bad,telugu
"loved the palak paneer, it was lovely.",5,good,english
mixed veg was absolutely gross.,1,bad,english
eeroju meal chala bagundi.,5,good,telugu
aaj dinner bakwaas si.,2,bad,punjabi
poha asalu daridram.,1,bad,telugu
salad kha ke mood kharab.,1,bad,hindi
soup ganda lagya.,2,bad,punjabi
rice kha ke maza aa gaya.,5,good,hindi
eeroju upma super.,5,good,telugu
ivattu food waste.,1,bad,kannada
soup kha ke att feel hoya.,4,good,punjabi
aaj ka rajma swadisht tha.,5,good,hindi
bhatura fuddu lagya.,1,bad,punjabi
ivattu curd sari illa.,1,bad,kannada
paratha tinte daridram anipinchindi.,1,bad,telugu
Eeroju paratha baledu.,2,bad,telugu
aaj butter chicken changa si.,4,good,punjabi
methi paratha ruchi agide.,5,good,kannada
chutney jama swaad ni hai.,1,bad,punjabi
idli ruchi illa.,2,bad,kannada
curd is amazing.,4,good,english
aloo gobi chala adhurs.,5,good,telugu
meal waste.,1,bad,telugu
The oota tasted tasty.,4,good,english
mushroom masala full mast agide.,5,good,kannada
salad super agide.,5,good,kannada
chicken full kettadagide.,2,bad,kannada
dinner full ruchi agide.,5,good,kannada
chutney bahut not good hai.,1,bad,hindi
uttapam kha ke mood kharab.,1,bad,hindi
puri maada hai.,3,bad,punjabi
raita bahut bakwas hai.,1,bad,hindi
mess is bland.,2,bad,english
aaj roti swaad si.,5,good,punjabi
aaj ka pickle mood kharab tha.,3,bad,hindi
chutney pura vadiya hai.,4,good,punjabi
paneer bakwaas lagya.,2,bad,punjabi
pickle tinte keka anipinchindi.,5,good,telugu
biryani ruchi agide.,5,good,kannada
rice jama bekaar hai.,1,bad,punjabi
naan chala kirrak.,5,good,telugu
breakfast full chennagide.,4,good,kannada
uttapam bahut bekaar hai.,2,bad,hindi
Ivattu dal makhani thu.,2,bad,kannada
chicken bahut mast hai.,4,good,hindi
kadai chicken bahut badhiya hai.,4,good,hindi
bhojanam pura changa hai.,4,good,punjabi
chole pura changa hai.,5,good,punjabi
chicken jama ganda hai.,1,bad,punjabi
aaj ka dal lajawab tha.,4,good,hindi
aaj ka chole ghatiya tha.,1,bad,hindi
bhatura pura att hai.,5,good,punjabi
curd tumba sakath.,5,good,kannada
pickle ekdum not good hai.,2,bad,hindi
uttapam bekaar lagya.,2,bad,punjabi
biryani matram excellent ga undi.,5,good,telugu
breakfast kettadagide.,2,bad,kannada
eeroju puri kirrak.,4,good,telugu
paratha mood kharab hai.,2,bad,hindi
paneer jama bakwaas hai.,1,bad,punjabi
poha tumba chennagilla.,1,bad,kannada
raita bekaar hai.,1,bad,punjabi
dal matram ruchi ga undi.,5,good,telugu
rice bahut bekar hai.,3,bad,hindi
paratha bahut badiya hai.,5,good,hindi
eeroju chicken adhurs.,5,good,telugu
rice khatam lagya.,1,bad,punjabi
aaj ka oota lajawab tha.,5,good,hindi
food mast agide.,5,good,kannada
Eeroju soup keka.,4,good,telugu
"hated the curry, it was disgusting.",2,bad,english
dosa matram keka.,4,good,telugu
dessert full super agide.,4,good,kannada
vada changa lagya.,5,good,punjabi
dal ganda lagya.,2,bad,punjabi
ivattu puri super agide.,5,good,kannada
sambar jama fuddu hai.,2,bad,punjabi
vada chala chala bagundi.,5,good,telugu
baingan bharta pura changa hai.,4,good,punjabi
rice kha ke mood kharab.,1,bad,hindi
uttapam ekdum awesome hai.,4,good,hindi
really bad dinner.,1,bad,english
baingan bharta asalu daridram.,1,bad,telugu
aaj ka chicken zabardast tha.,5,good,hindi
aaj ka chicken badhiya tha.,4,good,hindi
oota full bombat.,5,good,kannada
rice kha ke maza aa gaya.,5,good,hindi
upma swaad ni hai.,1,bad,punjabi
The pickle was brilliant.,4,good,english
palak paneer tumba sakath.,4,good,kannada
dosa asalu baledu.,1,bad,telugu
upma tinte ruchi ga undi anipinchindi.,4,good,telugu
poha tumba mast agide.,5,good,kannada
eeroju kadai chicken chetta.,2,bad,telugu
lunch tinte chala bagundi anipinchindi.,5,good,telugu
upma ganda hai.,2,bad,punjabi
pickle kha ke maza aa gaya.,5,good,hindi
aaj sambar ganda si.,1,bad,punjabi
ivattu chapati tumba chennagide.,5,good,kannada
biryani kha ke bekar feel hoya.,3,bad,punjabi
naan nodoke chennagide.,4,good,kannada
"Loved the food, it ws fantastic.",5,good,english
soup matram chala bagundi.,5,good,telugu
dal makhani kha ke ghaint feel hoya.,5,good,punjabi
food kha ke bahut vadiya feel hoya.,4,good,punjabi
idli jama swaad ni hai.,1,bad,punjabi
egg curry was absolutely perfect.,5,good,english
rice full ruchi illa.,3,bad,kannada
poha kha ke swaad feel hoya.,5,good,punjabi
mushroom masala tumba waste.,1,bad,kannada
bhojanam kha ke mood kharab.,2,bad,hindi
aaj ka dal makhani lajawab tha.,4,good,hindi
poha pura sira hai.,5,good,punjabi
bhojanam kha ke sira feel hoya.,4,good,punjabi
paneer ekdum waste hai.,2,bad,hindi
aaj ka methi paratha kharaab tha.,1,bad,hindi
eeroju mixed veg ruchi ga undi.,4,good,telugu
soup bekar hai.,3,bad,punjabi
bhojanam asalu chetta.,2,bad,telugu
Really horrible fish curry.,2,bad,english
The quality tasted brilliant.,5,good,english
uttapam full chennagide.,5,good,kannada
aaj bhatura vadiya si.,5,good,punjabi
bhojanam tinte baledu anipinchindi.,3,bad,telugu
chicken kettadagide.,1,bad,kannada
I had a fantastic naan.,5,good,english
"hated the egg curry, it was horrible.",2,bad,english
dinner tumba thu.,1,bad,kannada
methi paratha kha ke maza aa gaya.,4,good,hindi
breakfast kha ke khatam feel hoya.,1,bad,punjabi
egg curry tinte keka anipinchindi.,4,good,telugu
the vibe tasted worst.,1,bad,english
ivattu curd super agide.,5,good,kannada
kadai chicken tinte kirrak anipinchindi.,5,good,telugu
chapati ekdum waste hai.,1,bad,hindi
kadai chicken matram baga chesaru.,5,good,telugu
aaj oota changa si.,5,good,punjabi
Ivattu fish curry super agide.,4,good,kannada
idli kha ke mood kharab.,1,bad,hindi
sambar kha ke mood kharab.,2,bad,hindi
roti tumba ruchi agide.,4,good,kannada
the poha tasted perfect.,5,good,english
Ivattu poha waste.,1,bad,kannada
sabzi kha ke bekar feel hoya.,1,bad,punjabi
food gazab hai.,5,good,hindi
baingan bharta matram baga chesaru.,4,good,telugu
khichdi khatam lagya.,2,bad,punjabi
chicken tinte ruchi ga undi anipinchindi.,5,good,telugu
dinner kha ke maza aa gaya.,4,good,hindi
dal chala chala baledu.,1,bad,telugu
khana bekar lagya.,2,bad,punjabi
The quality was bland.,2,bad,english
paratha matram ruchi ga undi.,4,good,telugu
aaj ka dinner gazab tha.,5,good,hindi
bhatura jama bakwaas hai.,2,bad,punjabi
Ivattu pickle sakath.,4,good,kannada
methi paratha chandalanga undi.,1,bad,telugu
Eeroju salad kirrak.,5,good,telugu
dosa chala asalu baledu.,1,bad,telugu
Eeroju paratha daridram.,1,bad,telugu
Ivattu curry ruchi illa.,1,bad,kannada
upma jama fuddu hai.,2,bad,punjabi
aloo gobi nodoke keka.,4,good,kannada
such a nasty dosa.,1,bad,english
pulao kha ke ganda feel hoya.,2,bad,punjabi
chutney was absolutely lovely.,5,good,english
aaj ka soup mood kharab tha.,1,bad,hindi
sabzi bahut gazab hai.,5,good,hindi
dinner tinte adhurs anipinchindi.,5,good,telugu
paratha tinte baledu anipinchindi.,1,bad,telugu
atmosphere ws absolutely bland.,1,bad,english
aaj ka chapati ek number tha.,5,good,hindi
poha kha ke mood kharab.,3,bad,hindi
aaj ka biryani swadisht tha.,5,good,hindi
bhatura is tasty.,5,good,english
idli nodoke waste.,1,bad,kannada
lunch tumba mast agide.,5,good,kannada
fish curry chetta.,2,bad,telugu
bhojanam nodoke tumba chennagide.,5,good,kannada
chicken tinte keka anipinchindi.,4,good,telugu
baingan bharta matram ruchi ga undi.,5,good,telugu
chole tinte bagundi anipinchindi.,5,good,telugu
khana is disgusting.,2,bad,english
aaj khichdi mazza aa gaya si.,4,good,punjabi
khichdi full ruchi agide.,5,good,kannada
lunch ekdum jhakaas hai.,5,good,hindi
eeroju chapati bagundi.,5,good,telugu
sabzi kha ke maza aa gaya.,4,good,hindi
methi paratha chala chala bagundi.,4,good,telugu
vada kha ke maza aa gaya.,5,good,hindi
rice bahut not good hai.,1,bad,hindi
really fantastic paratha.,5,good,english
palak paneer swaad lagya.,5,good,punjabi
fish curry chennagilla.,1,bad,kannada
chole jama bekaar hai.,2,bad,punjabi
methi paratha chala asalu baledu.,1,bad,telugu
chole nodoke worst agide.,2,bad,kannada
idli bahut sahi hai hai.,5,good,hindi
aaj dal makhani maada si.,1,bad,punjabi
The chapati tasted disgusting.,1,bad,english
paratha nodoke chennagilla.,2,bad,kannada
raita is terrible.,1,bad,english
butter chicken chala excellent ga undi.,5,good,telugu
eeroju soup keka.,5,good,telugu
dal maada hai.,3,bad,punjabi
dosa bahut ghatiya hai.,2,bad,hindi
palak paneer full mast agide.,5,good,kannada
palak paneer nodoke bombat.,5,good,kannada
soup fuddu lagya.,1,bad,punjabi
egg curry pura sira hai.,5,good,punjabi
dal makhani thu.,3,bad,kannada
"Loved da dessert, it ws op.",5,good,english
uttapam not good hai.,2,bad,hindi
Such a gross biryani.,2,bad,english
the pulao tasted good.,5,good,english
meal pura sira hai.,4,good,punjabi
mixed veg chala worst ga undi.,1,bad,telugu
aaj food fuddu si.,1,bad,punjabi
puri tumba bombat.,5,good,kannada
pickle kha ke mood kharab.,1,bad,hindi
upma matram excellent ga undi.,5,good,telugu
salad tinte chetta anipinchindi.,3,bad,telugu
rajma pura sira hai.,4,good,punjabi
da upma tasted unpleasant.,2,bad,english
eeroju idli kirrak.,4,good,telugu
"loved the aloo gobi, it ws good.",4,good,english
vada waste hai.,2,bad,hindi
puri asalu waste.,2,bad,telugu
curry kha ke maza aa gaya.,5,good,hindi
Such a tasty meal.,4,good,english
naan full keka.,5,good,kannada
aaj ka mushroom masala gazab tha.,5,good,hindi
food kha ke swaad ni feel hoya.,1,bad,punjabi
vada mast hai.,4,good,hindi
Ivattu paneer mast agide.,4,good,kannada
puri worst agide.,1,bad,kannada
food nodoke waste.,1,bad,kannada
dinner was absolutely excellent.,5,good,english
really gross curd.,2,bad,english
"Loved the meal, it was great.",5,good,english
paratha kha ke maza aa gaya.,5,good,hindi
vada kha ke maza aa gaya.,5,good,hindi
really wonderful oota.,5,good,english
The butter chicken was pathetic.,2,bad,english
khichdi chala kirrak.,5,good,telugu
uttapam tinte chala baledu anipinchindi.,1,bad,telugu
aaj ka curry not good tha.,1,bad,hindi
eeroju paratha adhurs.,5,good,telugu
really bad atmosphere.,1,bad,english
ivattu sabzi ruchi agide.,5,good,kannada
soup tinte adhurs anipinchindi.,5,good,telugu
ivattu mushroom masala bombat.,5,good,kannada
salad ekdum gazab hai.,5,good,hindi
paneer chala baledu.,2,bad,telugu
soup swaad hai.,4,good,punjabi
naan tinte chala bagundi anipinchindi.,5,good,telugu
raita ruchi illa.,1,bad,kannada
pickle bahut khatam hai.,3,bad,hindi
egg curry swadisht hai.,5,good,hindi
dosa chala chala bagundi.,5,good,telugu
dosa chandalanga undi.,2,bad,telugu
khana sahi h hai.,5,good,hindi
dosa pura ghaint hai.,4,good,punjabi
breakfast bekaar lagya.,2,bad,punjabi
kadai chicken full keka.,5,good,kannada
The curry ws bad.,1,bad,english
rice tinte worst ga undi anipinchindi.,1,bad,telugu
dessert kha ke maza aa gaya.,5,good,hindi
food kha ke ganda feel hoya.,2,bad,punjabi
chole kettadagide.,2,bad,kannada
i had a superb methi paratha.,5,good,english
dal makhani pura changa hai.,5,good,punjabi
chutney jama maada hai.,1,bad,punjabi
Such a superb staff.,5,good,english
Eeroju dal makhani baga chesaru.,5,good,telugu
aaj ka idli swadisht tha.,5,good,hindi
butter chicken bekar hai.,2,bad,punjabi
curry tinte daridram anipinchindi.,1,bad,telugu
lunch bagundi.,5,good,telugu
poha tumba chennagide.,5,good,kannada
Eeroju idli chala bagundi.,5,good,telugu
"Loved the chutney, it was great.",5,good,english
lunch ganda lagya.,3,bad,punjabi
biryani ek number hai.,4,good,hindi
aaj curry ganda si.,1,bad,punjabi
dessert jama ganda hai.,1,bad,punjabi
chole matram bagundi.,4,good,telugu
vada kha ke fuddu feel hoya.,1,bad,punjabi
poha fuddu hai.,1,bad,punjabi
the upma tasted osm.,5,good,english
"Loved the baingan bharta, it was great.",4,good,english
The khana was perfect.,5,good,english
fish curry tinte chetta anipinchindi.,1,bad,telugu
really horrible dal makhani.,2,bad,english
salad ruchi ga undi.,4,good,telugu
ivattu puri bekar.,1,bad,kannada
"hated the dinner, it was dreadful.",1,bad,english
biryani kha ke bakwaas feel hoya.,2,bad,punjabi
uttapam baledu.,2,bad,telugu
aaj sambar mazza aa gaya si.,5,good,punjabi
butter chicken mazza aa gaya lagya.,4,good,punjabi
Such a tasty bhojanam.,5,good,english
dessert bahut awesome hai.,5,good,hindi
poha is lovely.,4,good,english
pulao full chennagilla.,1,bad,kannada
breakfast kha ke bahut vadiya feel hoya.,4,good,punjabi
dal makhani tinte chetta anipinchindi.,2,bad,telugu
roti bahut vadiya lagya.,5,good,punjabi
"hated the dal makhani, it was bland.",1,bad,english
pickle kha ke maza aa gaya.,5,good,hindi
curd tinte chala bagundi anipinchindi.,4,good,telugu
i had a tasteless atmosphere.,1,bad,english
pulao kha ke maza aa gaya.,5,good,hindi
mushroom masala kha ke ghaint feel hoya.,5,good,punjabi
aaj aloo gobi sira si.,5,good,punjabi
breakfast full bekar.,1,bad,kannada
really brilliant vibe.,5,good,english
egg curry chetta.,1,bad,telugu
paneer ekdum chii hai.,1,bad,hindi
dinner kha ke ghaint feel hoya.,4,good,punjabi
puri bahut bakwas hai.,2,bad,hindi
soup matram baga chesaru.,5,good,telugu
palak paneer waste.,1,bad,telugu
baingan bharta ruchi agide.,5,good,kannada
palak paneer matram chala bagundi.,4,good,telugu
naan mazza aa gaya lagya.,5,good,punjabi
the staff ws awful.,1,bad,english
aaj ka dal makhani gazab tha.,5,good,hindi
dinner full keka.,5,good,kannada
"hated the kadai chicken, it was terrible.",1,bad,english
really perfect food.,5,good,english
"Loved the bhatura, it was great.",5,good,english
breakfast bahut bekar hai.,3,bad,hindi
rice mast agide.,4,good,kannada
roti pura bahut vadiya hai.,5,good,punjabi
eeroju palak paneer super.,5,good,telugu
oota mazza aa gaya hai.,5,good,punjabi
Really great meal.,5,good,english
Eeroju chutney baledu.,3,bad,telugu
kadai chicken nodoke worst agide.,1,bad,kannada
naan tinte ruchi ledu anipinchindi.,2,bad,telugu
aaj egg curry changa si.,4,good,punjabi
paratha not good hai.,1,bad,hindi
paratha chala baledu.,2,bad,telugu
"Hated the naan, it was worst.",1,bad,english
oota is fantastic.,4,good,english
dessert bekar lagya.,1,bad,punjabi
aloo gobi full ruchi agide.,5,good,kannada
paratha kha ke bakwaas feel hoya.,1,bad,punjabi
soup pura vadiya hai.,4,good,punjabi
eeroju bhojanam chala bagundi.,5,good,telugu
the service tasted great.,4,good,english
food asalu waste.,2,bad,telugu
curry nodoke waste.,2,bad,kannada
khana ekdum sahi hai hai.,5,good,hindi
really dreadful salad.,2,bad,english
Really terrible butter chicken.,1,bad,english
roti kha ke swaad feel hoya.,4,good,punjabi
bhatura ekdum awesome hai.,5,good,hindi
aloo gobi bekar hai.,1,bad,punjabi
baingan bharta awesome hai.,4,good,hindi
dal tinte ruchi ledu anipinchindi.,1,bad,telugu
naan tumba sari illa.,1,bad,kannada
lunch excellent ga undi.,5,good,telugu
aaj ka puri jhakaas tha.,5,good,hindi
eeroju soup keka.,5,good,telugu
naan matram super.,5,good,telugu
aaj uttapam mazza aa gaya si.,5,good,punjabi
aaj ka poha mood kharab tha.,1,bad,hindi
puri kha ke maza aa gaya.,5,good,hindi
naan tumba super agide.,5,good,kannada
oota bahut sahi hai hai.,5,good,hindi
fish curry tumba chennagilla.,1,bad,kannada
ivattu chapati bekar.,1,bad,kannada
lunch ekdum ek number hai.,4,good,hindi
chole chala chala bagundi.,5,good,telugu
fish curry full bombat.,5,good,kannada
I had a unpleasant palak paneer.,2,bad,english
butter chicken nodoke mast agide.,5,good,kannada
oota bahut sahi hai hai.,5,good,hindi
the pulao tasted nasty.,1,bad,english
uttapam nodoke super agide.,4,good,kannada
bhatura ekdum badiya hai.,5,good,hindi
paneer chala adhurs.,4,good,telugu
breakfast keka.,4,good,telugu
kadai chicken bahut lajawab hai.,5,good,hindi
chapati ruchi agide.,5,good,kannada
aloo gobi tumba mast agide.,5,good,kannada
dal makhani ekdum ek number hai.,4,good,hindi
kadai chicken full super agide.,5,good,kannada
aaj ka dessert bekar tha.,1,bad,hindi
curd tumba tumba chennagide.,4,good,kannada
pickle tinte chala baledu anipinchindi.,2,bad,telugu
khana full ruchi illa.,1,bad,kannada
methi paratha tinte bagundi anipinchindi.,5,good,telugu
fish curry super.,5,good,telugu
rajma tumba sakath.,5,good,kannada
roti was absolutely brilliant.,5,good,english
vada bahut vadiya hai.,5,good,punjabi
raita thu.,1,bad,kannada
mushroom masala ghaint hai.,5,good,punjabi
puri baga chesaru.,4,good,telugu
idli full tumba chennagide.,5,good,kannada
bhojanam bahut not gud hai.,1,bad,hindi
chicken nodoke ruchi agide.,4,good,kannada
aaj mushroom masala bekaar si.,2,bad,punjabi
upma asalu worst ga undi.,2,bad,telugu
dinner ekdum not gud hai.,1,bad,hindi
raita is unpleasant.,1,bad,english
pulao chala baga chesaru.,4,good,telugu
paneer chala bagundi.,4,good,telugu
Ivattu breakfast sari illa.,1,bad,kannada
the oota was dreadful.,2,bad,english
biryani kha ke mood kharab.,2,bad,hindi
chapati bekar hai.,1,bad,punjabi
dessert bakwas hai.,2,bad,hindi
oota full ruchi illa.,1,bad,kannada
aloo gobi tinte chandalanga undi anipinchindi.,2,bad,telugu
aaj soup changa si.,4,good,punjabi
dal makhani vadiya lagya.,5,good,punjabi
mushroom masala bekaar hai.,1,bad,punjabi
The bhatura was disgusting.,1,bad,english
dinner ekdum ghatiya hai.,3,bad,hindi
pulao ekdum mast hai.,5,good,hindi
rice asalu daridram.,2,bad,telugu
chutney kha ke changa feel hoya.,5,good,punjabi
breakfast bahut sahi h hai.,5,good,hindi
naan bahut mast hai.,5,good,hindi
chapati jama bakwaas hai.,1,bad,punjabi
lunch tumba worst agide.,1,bad,kannada
soup chetta.,1,bad,telugu
i had a lovely dinner.,5,good,english
roti tumba worst agide.,2,bad,kannada
biryani ruchi illa.,3,bad,kannada
rice vadiya hai.,5,good,punjabi
baingan bharta kha ke swaad ni feel hoya.,2,bad,punjabi
pulao jama bekar hai.,1,bad,punjabi
vada kha ke maza aa gaya.,5,good,hindi
"loved the dessert, it was great.",5,good,english
eeroju khana baga chesaru.,4,good,telugu
soup asalu chala baledu.,1,bad,telugu
salad mast agide.,5,good,kannada
mixed veg full chennagide.,5,good,kannada
kadai chicken fuddu hai.,2,bad,punjabi
kadai chicken nodoke thu.,1,bad,kannada
sabzi full bekar.,2,bad,kannada
ivattu naan sakath.,5,good,kannada
curry bekaar lagya.,1,bad,punjabi
aaj ka paratha chii tha.,1,bad,hindi
curry asalu chandalanga undi.,1,bad,telugu
Ivattu naan waste.,1,bad,kannada
aloo gobi ekdum kharaab hai.,1,bad,hindi
curry kharaab hai.,2,bad,hindi
butter chicken baledu.,3,bad,telugu
dal kha ke mood kharab.,1,bad,hindi
chutney nodoke kettadagide.,2,bad,kannada
chapati chala chala bagundi.,5,good,telugu
The dessert tasted bad.,1,bad,english
aaj ka oota awesome tha.,5,good,hindi
kadai chicken ws absolutely bland.,2,bad,english
puri kha ke mood kharab.,1,bad,hindi
i had a nasty curry.,1,bad,english
eeroju dessert ruchi ga undi.,5,good,telugu
aaj oota sira si.,5,good,punjabi
mushroom masala jama fuddu hai.,1,bad,punjabi
Really outstanding raita.,5,good,english
The lunch was terrible.,2,bad,english
sabzi tumba kettadagide.,1,bad,kannada
service is amazing.,4,good,english
aaj ka meal gazab tha.,4,good,hindi
chole bahut vadiya hai.,4,good,punjabi
The sabzi was delicious.,4,good,english
idli was absolutely horrible.,3,bad,english
the palak paneer tasted op.,5,good,english
egg curry excellent ga undi.,4,good,telugu
the khana was nasty.,1,bad,english
egg curry ekdum gazab hai.,5,good,hindi
Ivattu curry keka.,5,good,kannada
curry is good.,5,good,english
place is superb.,4,good,english
dal nodoke mast agide.,5,good,kannada
dal full waste.,2,bad,kannada
mixed veg ruchi agide.,5,good,kannada
chicken matram adhurs.,5,good,telugu
pulao ekdum awesome hai.,5,good,hindi
curry chala asalu baledu.,1,bad,telugu
ivattu fish curry sari illa.,1,bad,kannada
biryani kha ke att feel hoya.,5,good,punjabi
Really good roti.,5,good,english
dosa swaad hai.,4,good,punjabi
kadai chicken nodoke kettadagide.,3,bad,kannada
chicken tumba ruchi illa.,3,bad,kannada
curd ganda lagya.,1,bad,punjabi
aaj curd maada si.,2,bad,punjabi
sambar chala ruchi ga undi.,5,good,telugu
lunch full super agide.,4,good,kannada
vada kha ke mood kharab.,1,bad,hindi
the palak paneer tasted pathetic.,1,bad,english
baingan bharta chala chandalanga undi.,1,bad,telugu
dinner khatam lagya.,1,bad,punjabi
bhatura nodoke tumba chennagide.,5,good,kannada
i had a delicious quality.,5,good,english
mushroom masala nodoke bombat.,5,good,kannada
rice chala asalu baledu.,2,bad,telugu
biryani ekdum zabardast hai.,4,good,hindi
the rajma tasted horrible.,1,bad,english
The oota tasted excellent.,4,good,english
aaj dosa mazza aa gaya si.,5,good,punjabi
"loved da khana, it ws amazing.",5,good,english
chicken ekdum ek number hai.,5,good,hindi
Ivattu biryani kettadagide.,2,bad,kannada
baingan bharta ekdum lajawab hai.,5,good,hindi
ivattu dal ruchi illa.,1,bad,kannada
dosa att lagya.,5,good,punjabi
khana tinte bagundi anipinchindi.,5,good,telugu
baingan bharta iz brilliant.,5,good,english
vada baga chesaru.,5,good,telugu
vada kha ke bahut vadiya feel hoya.,4,good,punjabi
Eeroju pickle baledu.,1,bad,telugu
khana swaad ni hai.,2,bad,punjabi
mixed veg tinte adhurs anipinchindi.,4,good,telugu
food tinte waste anipinchindi.,1,bad,telugu
Such a delicious egg curry.,5,good,english
chicken thu.,1,bad,kannada
puri asalu chetta.,2,bad,telugu
such a good soup.,5,good,english
chicken tinte ruchi ga undi anipinchindi.,5,good,telugu
idli kha ke maza aa gaya.,5,good,hindi
bhojanam fuddu lagya.,2,bad,punjabi
khana chala waste.,2,bad,telugu
food not good hai.,1,bad,hindi
bhojanam matram chala bagundi.,4,good,telugu
uttapam khatam lagya.,1,bad,punjabi
dinner full bekar.,2,bad,kannada
palak paneer is pathetic.,1,bad,english
raita asalu worst ga undi.,2,bad,telugu
chapati tinte adhurs anipinchindi.,4,good,telugu
food tumba worst agide.,1,bad,kannada
Eeroju chutney asalu baledu.,1,bad,telugu
the butter chicken ws pathetic.,1,bad,english
lunch jama bekaar hai.,2,bad,punjabi
Such a outstanding staff.,4,good,english
upma bekaar hai.,1,bad,hindi
aaj idli bahut vadiya si.,5,good,punjabi
palak paneer tinte daridram anipinchindi.,1,bad,telugu
uttapam kha ke khatam feel hoya.,2,bad,punjabi
bhojanam kha ke mazza aa gaya feel hoya.,5,good,punjabi
palak paneer pura vadiya hai.,4,good,punjabi
egg curry matram adhurs.,5,good,telugu
dal makhani bahut badiya hai.,4,good,hindi
Ivattu upma keka.,5,good,kannada
khichdi tumba sari illa.,1,bad,kannada
pickle jama bekaar hai.,1,bad,punjabi
dosa bagundi.,4,good,telugu
sabzi bahut gazab hai.,4,good,hindi
breakfast ekdum chii hai.,1,bad,hindi
food asalu asalu baledu.,1,bad,telugu
eeroju mushroom masala excellent ga undi.,5,good,telugu
butter chicken mast hai.,4,good,hindi
naan tinte adhurs anipinchindi.,5,good,telugu
biryani tumba ruchi agide.,5,good,kannada
dinner maada lagya.,1,bad,punjabi
the pulao was poor.,1,bad,english
aaj ka dal bekar tha.,1,bad,hindi
baingan bharta jama bekar hai.,1,bad,punjabi
idli chala chala bagundi.,5,good,telugu
puri bahut ghatiya hai.,1,bad,hindi
aaj ka butter chicken badiya tha.,5,good,hindi
pulao tumba keka.,4,good,kannada
biryani nodoke tumba chennagide.,5,good,kannada
poha maada hai.,1,bad,punjabi
salad sari illa.,1,bad,kannada
lunch jama bekaar hai.,1,bad,punjabi
biryani bakwaas lagya.,3,bad,punjabi
oota bahut gazab hai.,5,good,hindi
dessert tinte chala baledu anipinchindi.,1,bad,telugu
uttapam tumba sakath.,4,good,kannada
puri tumba super agide.,5,good,kannada
Such a worst puri.,2,bad,english
rajma asalu chala baledu.,2,bad,telugu
baingan bharta asalu chala baledu.,2,bad,telugu
"hated da mess, it ws poor.",2,bad,english
"Hated the paratha, it was dreadful.",2,bad,english
salad keka.,5,good,telugu
khichdi ekdum sahi hai hai.,5,good,hindi
I had a superb soup.,4,good,english
meal ghatiya hai.,1,bad,hindi
Ivattu lunch ruchi agide.,5,good,kannada
chutney ekdum khatam hai.,2,bad,hindi
curd ekdum not good hai.,1,bad,hindi
aaj ka dessert badhiya tha.,4,good,hindi
butter chicken bahut gazab hai.,4,good,hindi
atmosphere was absolutely brilliant.,5,good,english
chole ekdum bekaar hai.,1,bad,hindi
curd bahut vadiya lagya.,5,good,punjabi
ivattu khana mast agide.,4,good,kannada
paratha nodoke chennagilla.,2,bad,kannada
i had a dreadful methi paratha.,1,bad,english
The raita tasted bland.,1,bad,english
Really nasty egg curry.,1,bad,english
kadai chicken full super agide.,5,good,kannada
Really excellent mess.,4,good,english
sambar matram super.,4,good,telugu
curry bagundi.,4,good,telugu
rajma tinte excellent ga undi anipinchindi.,5,good,telugu
mixed veg swaad hai.,4,good,punjabi
dessert is awful.,1,bad,english
i had a op rice.,5,good,english
soup is osm.,5,good,english
butter chicken ghaint lagya.,5,good,punjabi
rice tumba kettadagide.,3,bad,kannada
fish curry full bekar.,1,bad,kannada
egg curry bahut jhakaas hai.,5,good,hindi
eeroju baingan bharta ruchi ledu.,1,bad,telugu
khichdi ruchi illa.,3,bad,kannada
I had a pathetic experience.,1,bad,english
vada nodoke keka.,5,good,kannada
roti jama bekaar hai.,1,bad,punjabi
khana asalu daridram.,1,bad,telugu
curry kha ke mood kharab.,2,bad,hindi
soup jama fuddu hai.,2,bad,punjabi
food full thu.,2,bad,kannada
puri tinte adhurs anipinchindi.,5,good,telugu
vada tumba worst agide.,2,bad,kannada
sambar badiya hai.,5,good,hindi
dinner kha ke vadiya feel hoya.,5,good,punjabi
oota waste hai.,1,bad,hindi
paneer asalu asalu baledu.,2,bad,telugu
da experience ws good.,4,good,english
chole tinte keka anipinchindi.,5,good,telugu
curry vadiya lagya.,4,good,punjabi
paratha full kettadagide.,1,bad,kannada
poha bekaar hai.,1,bad,punjabi
Ivattu chapati bombat.,5,good,kannada
aloo gobi matram excellent ga undi.,4,good,telugu
methi paratha ekdum jhakaas hai.,5,good,hindi
mushroom masala kha ke khatam feel hoya.,2,bad,punjabi
salad was absolutely superb.,5,good,english
ivattu breakfast ruchi illa.,2,bad,kannada
dal bekar lagya.,1,bad,punjabi
upma kettadagide.,3,bad,kannada
aaj ka bhojanam bekaar tha.,2,bad,hindi
The naan was osm.,5,good,english
dessert pura ghaint hai.,5,good,punjabi
egg curry ekdum ek number hai.,5,good,hindi
the mess was outstanding.,4,good,english
aaj pickle changa si.,5,good,punjabi
baingan bharta maada hai.,3,bad,punjabi
sabzi bakwaas lagya.,1,bad,punjabi
methi paratha tinte bagundi anipinchindi.,5,good,telugu
soup full super agide.,4,good,kannada
chapati chala waste.,3,bad,telugu
pulao khatam hai.,1,bad,punjabi
khana matram super.,5,good,telugu
eeroju sabzi kirrak.,5,good,telugu
dal makhani kha ke att feel hoya.,4,good,punjabi
I had a bland rice.,2,bad,english
Ivattu egg curry ruchi illa.,2,bad,kannada
Ivattu uttapam chennagide.,5,good,kannada
the mixed veg tasted nice.,5,good,english
meal chala kirrak.,5,good,telugu
ivattu khana ruchi agide.,4,good,kannada
chutney bahut swadisht hai.,5,good,hindi
aaj biryani khatam si.,2,bad,punjabi
food bekaar hai.,1,bad,punjabi
butter chicken khatam lagya.,2,bad,punjabi
bhatura bakwas hai.,1,bad,hindi
pickle kha ke sira feel hoya.,5,good,punjabi
methi paratha chala ruchi ledu.,1,bad,telugu
curry bombat.,5,good,kannada
aaj curry khatam si.,2,bad,punjabi
pickle fuddu lagya.,2,bad,punjabi
egg curry chandalanga undi.,1,bad,telugu
ivattu raita keka.,4,good,kannada
kadai chicken att lagya.,5,good,punjabi
rice pura bahut vadiya hai.,5,good,punjabi
sabzi pura ghaint hai.,4,good,punjabi
"Loved the chicken, it was outstanding.",5,good,english
rajma tinte chandalanga undi anipinchindi.,2,bad,telugu
curd excellent ga undi.,5,good,telugu
chutney bakwas hai.,1,bad,hindi
rajma chandalanga undi.,3,bad,telugu
chole kha ke mood kharab.,3,bad,hindi
meal tinte bagundi anipinchindi.,4,good,telugu
breakfast kha ke swaad ni feel hoya.,2,bad,punjabi
curd full ruchi illa.,2,bad,kannada
uttapam tumba mast agide.,5,good,kannada
staff was absolutely poor.,1,bad,english
Really tasteless mixed veg.,2,bad,english
fish curry was absolutely lovely.,5,good,english
chole was absolutely disgusting.,2,bad,english
food chala excellent ga undi.,5,good,telugu
aaj ka mushroom masala bakwas tha.,1,bad,hindi
dal makhani chala chala baledu.,1,bad,telugu
palak paneer keka.,5,good,kannada
aaj ka naan waste tha.,3,bad,hindi
chole mazza aa gaya lagya.,5,good,punjabi
palak paneer full sari illa.,1,bad,kannada
i had a bland baingan bharta.,1,bad,english
dosa nodoke bekar.,1,bad,kannada
dosa full thu.,2,bad,kannada
soup bahut sahi hai hai.,4,good,hindi
Such a awful chutney.,3,bad,english
food full waste.,1,bad,kannada
meal is pathetic.,2,bad,english
roti tumba bekar.,2,bad,kannada
rice chennagilla.,2,bad,kannada
pulao kha ke maza aa gaya.,4,good,hindi
ivattu breakfast tumba chennagide.,4,good,kannada
sambar nodoke thu.,1,bad,kannada
oota tinte excellent ga undi anipinchindi.,5,good,telugu
vada was absolutely bad.,1,bad,english
Ivattu bhatura chennagilla.,2,bad,kannada
dal makhani changa hai.,5,good,punjabi
Ivattu breakfast ruchi agide.,4,good,kannada
i had a lovely biryani.,5,good,english
aloo gobi full ruchi illa.,3,bad,kannada
naan bekaar hai.,2,bad,hindi
salad matram keka.,5,good,telugu
palak paneer awesome hai.,5,good,hindi
sambar bahut zabardast hai.,4,good,hindi
khana ruchi ga undi.,4,good,telugu
mushroom masala ghaint hai.,5,good,punjabi
chapati was absolutely brilliant.,4,good,english
pulao ekdum sahi hai hai.,5,good,hindi
chutney worst agide.,1,bad,kannada
egg curry chala kirrak.,5,good,telugu
The dal tasted wonderful.,5,good,english
roti jama ganda hai.,1,bad,punjabi
aaj salad swaad si.,5,good,punjabi
oota kha ke swaad ni feel hoya.,1,bad,punjabi
"loved da kadai chicken, it ws great.",5,good,english
food ekdum bekar hai.,2,bad,hindi
I had a great dal makhani.,5,good,english
meal chii hai.,1,bad,hindi
uttapam tumba sakath.,5,good,kannada
aaj ka dal zabardast tha.,5,good,hindi
biryani awesome hai.,4,good,hindi
khichdi nodoke ruchi illa.,1,bad,kannada
baingan bharta tinte ruchi ledu anipinchindi.,2,bad,telugu
aaj naan bekar si.,3,bad,punjabi
dal tinte bagundi anipinchindi.,5,good,telugu
sabzi ekdum swadisht hai.,5,good,hindi
really brilliant quality.,5,good,english
Eeroju oota adhurs.,5,good,telugu
"loved da dal, it ws nice.",5,good,english
soup matram excellent ga undi.,5,good,telugu
fish curry att hai.,4,good,punjabi
pickle bahut lajawab hai.,5,good,hindi
oota matram super.,5,good,telugu
paratha zabardast hai.,5,good,hindi
methi paratha iz wonderful.,5,good,english
bhojanam changa lagya.,5,good,punjabi
egg curry full ruchi agide.,5,good,kannada
Eeroju curd chala baledu.,1,bad,telugu
the naan tasted fantastic.,5,good,english
"loved da egg curry, it ws brilliant.",4,good,english
da vada ws horrible.,1,bad,english
vibe iz perfect.,5,good,english
rajma ekdum lajawab hai.,5,good,hindi
ivattu raita kettadagide.,2,bad,kannada
khichdi tinte daridram anipinchindi.,2,bad,telugu
breakfast tinte baga chesaru anipinchindi.,5,good,telugu
dinner ekdum bekar hai.,1,bad,hindi
raita full bekar.,1,bad,kannada
oota chala asalu baledu.,1,bad,telugu
aloo gobi matram ruchi ga undi.,5,good,telugu
bhatura ekdum chii hai.,1,bad,hindi
Ivattu poha sakath.,5,good,kannada
oota bakwaas lagya.,1,bad,punjabi
aloo gobi baledu.,1,bad,telugu
ivattu aloo gobi ruchi illa.,1,bad,kannada
Ivattu bhojanam worst agide.,1,bad,kannada
paneer is superb.,5,good,english
aloo gobi pura att hai.,5,good,punjabi
Ivattu uttapam thu.,1,bad,kannada
aaj ka bhatura waste tha.,2,bad,hindi
da sambar ws excellent.,5,good,english
poha full chennagide.,5,good,kannada
meal ek number hai.,4,good,hindi
aloo gobi ekdum mast hai.,5,good,hindi
Really disgusting upma.,1,bad,english
bhatura ekdum swadisht hai.,5,good,hindi
upma matram bagundi.,5,good,telugu
upma bakwaas lagya.,2,bad,punjabi
methi paratha full tumba chennagide.,4,good,kannada
breakfast bahut ghatiya hai.,1,bad,hindi
aloo gobi chala bagundi.,5,good,telugu
Eeroju meal waste.,1,bad,telugu
mixed veg tinte chandalanga undi anipinchindi.,1,bad,telugu
Ivattu soup sari illa.,2,bad,kannada
mixed veg chala ruchi ga undi.,4,good,telugu
mixed veg kha ke bekar feel hoya.,1,bad,punjabi
butter chicken kha ke fuddu feel hoya.,1,bad,punjabi
sabzi asalu chala baledu.,2,bad,telugu
bhatura chennagilla.,1,bad,kannada
mixed veg badiya hai.,5,good,hindi
rajma tinte chandalanga undi anipinchindi.,1,bad,telugu
raita full waste.,1,bad,kannada
chole mazza aa gaya lagya.,5,good,punjabi
ivattu paratha worst agide.,1,bad,kannada
the chutney was terrible.,2,bad,english
pulao matram ruchi ga undi.,5,good,telugu
The rajma was delicious.,4,good,english
roti ws absolutely awful.,1,bad,english
chole nodoke worst agide.,1,bad,kannada
aaj ka chutney ek number tha.,4,good,hindi
the rajma tasted great.,4,good,english
ivattu puri chennagide.,4,good,kannada
naan thu.,2,bad,kannada
paratha bahut gazab hai.,5,good,hindi
oota pura swaad hai.,5,good,punjabi
dinner bekar hai.,1,bad,hindi
the methi paratha was unpleasant.,2,bad,english
Such a bad mushroom masala.,2,bad,english
vada kha ke mood kharab.,1,bad,hindi
aaj ka dosa mast tha.,5,good,hindi
dal makhani ekdum mast hai.,4,good,hindi
sambar swaad lagya.,5,good,punjabi
aloo gobi asalu baledu.,1,bad,telugu
chapati chala chetta.,1,bad,telugu
curry tumba sakath.,5,good,kannada
chapati ekdum bekaar hai.,1,bad,hindi
Such a disgusting idli.,1,bad,english
dinner kha ke mood kharab.,1,bad,hindi
aaj rice bekaar si.,1,bad,punjabi
mixed veg att lagya.,4,good,punjabi
butter chicken tumba super agide.,5,good,kannada
i had a lovely chole.,4,good,english
Ivattu naan ruchi agide.,4,good,kannada
aloo gobi awesome hai.,5,good,hindi
